-5.00974649,-0.00305185,0.00201422
-5.00174649,0.00201422,-0.00115970
-4.99374649,-0.00128178,-0.00268563
-4.98574649,0.00238044,0.00201422
-4.97774649,0.00616474,-0.00531022
-4.96974649,0.00335704,0.00146489
-4.96174649,0.00061037,0.00476089
-4.95374650,-0.00177007,0.00085452
-4.94574650,-0.00341807,-0.00067141
-4.93774650,0.00073244,0.00311289
-4.92974650,0.00439467,-0.00354015
-4.92174650,0.00189215,-0.00280770
-4.91374650,0.00488296,-0.00219733
-4.90574650,0.00189215,0.00286874
-4.89774650,-0.00268563,-0.00292978
-4.88974650,0.00122074,-0.00079348
-4.88174650,0.00427259,-0.00292978
-4.87374650,0.00250252,0.00311289
-4.86574650,0.00250252,-0.00030519
-4.85774650,0.00311289,0.00225837
-4.84974650,0.00463881,-0.00030519
-4.84174650,-0.00341807,-0.00103763
-4.83374650,0.00189215,0.00225837
-4.82574650,0.00714133,0.00390637
-4.81774650,0.00024415,-0.00384533
-4.80974650,-0.00354015,-0.00445570
-4.80174650,0.00073244,0.00061037
-4.79374650,0.00238044,-0.00115970
-4.78574650,-0.00103763,-0.00103763
-4.77774650,-0.00646992,0.00122074
-4.76974650,0.00024415,-0.00115970
-4.76174650,0.00714133,0.00201422
-4.75374650,0.00628681,0.00201422
-4.74574650,-0.00244148,-0.00445570
-4.73774650,-0.00207526,-0.00341807
-4.72974650,0.00189215,0.00189215
-4.72174650,0.00476089,-0.00042726
-4.71374650,0.00640889,0.00097659
-4.70574650,0.00109867,-0.00469985
-4.69774650,0.00036622,0.00170904
-4.68974650,-0.00244148,0.00250252
-4.68174650,-0.00030519,-0.00128178
-4.67374650,0.00225837,0.00286874
-4.66574650,0.00402844,-0.00115970
-4.65774650,-0.00244148,0.00170904
-4.64974650,-0.00573748,0.00122074
-4.64174650,0.00158696,-0.00164800
-4.63374650,0.00061037,0.00225837
-4.62574650,-0.00152593,-0.00354015
-4.61774650,0.00579852,-0.00207526
-4.60974650,0.00604266,-0.00128178
-4.60174651,0.00286874,0.00024415
-4.59374651,0.00012207,-0.00115970
-4.58574651,-0.00030519,-0.00396741
-4.57774651,0.00360118,0.00299081
-4.56974651,-0.00219733,0.00146489
-4.56174651,0.00048830,-0.00103763
-4.55374651,-0.00115970,-0.00622578
-4.54574651,-0.00329600,-0.00152593
-4.53774651,-0.00079348,0.00213630
-4.52974651,0.00360118,-0.00280770
-4.52174651,-0.00042726,-0.00531022
-4.51374651,-0.00152593,-0.00366222
-4.50574651,0.00024415,0.00213630
-4.49774651,0.00170904,-0.00067141
-4.48974651,-0.00177007,0.00311289
-4.48174651,0.00170904,0.00189215
-4.47374651,-0.00054933,0.00524918
-4.46574651,0.00097659,-0.00531022
-4.45774651,0.00250252,-0.00408948
-4.44974651,0.00024415,0.00134281
-4.44174651,0.00549333,-0.00079348
-4.43374651,-0.00030519,0.00073244
-4.42574651,0.00524918,-0.00128178
-4.41774651,0.00085452,-0.00683615
-4.40974651,-0.00244148,-0.00018311
-4.40174651,0.00262459,-0.00396741
-4.39374651,-0.00256355,0.00146489
-4.38574651,0.00323496,-0.00341807
-4.37774651,-0.00164800,-0.00164800
-4.36974651,0.00311289,-0.00103763
-4.36174651,0.00225837,0.00616474
-4.35374651,0.00225837,0.00201422
-4.34574651,0.00201422,0.00390637
-4.33774651,0.00323496,-0.00207526
-4.32974651,0.00213630,0.00085452
-4.32174651,0.00323496,-0.00683615
-4.31374651,0.00677511,0.00048830
-4.30574651,-0.00177007,-0.00482192
-4.29774651,0.00653096,-0.00231941
-4.28974651,0.00189215,-0.00164800
-4.28174651,0.00415052,-0.00256355
-4.27374651,-0.00354015,-0.00128178
-4.26574651,0.00415052,0.00238044
-4.25774651,0.00549333,-0.00329600
-4.24974651,0.00134281,-0.00079348
-4.24174652,0.00378430,0.00189215
-4.23374652,-0.00054933,0.00073244
-4.22574652,-0.00506607,-0.00177007
-4.21774652,0.00036622,-0.00421155
-4.20974652,0.00122074,0.00262459
-4.20174652,0.00769066,0.00201422
-4.19374652,-0.00207526,-0.00329600
-4.18574652,0.00476089,0.00286874
-4.17774652,0.00189215,0.00701926
-4.16974652,0.00439467,0.00415052
-4.16174652,0.00048830,0.00299081
-4.15374652,0.00170904,-0.00708029
-4.14574652,0.00274667,0.00073244
-4.13774652,0.00347911,0.00628681
-4.12974652,-0.00329600,0.00024415
-4.12174652,-0.00207526,-0.00396741
-4.11374652,-0.00018311,-0.00506607
-4.10574652,0.00146489,0.00415052
-4.09774652,0.00048830,-0.00030519
-4.08974652,-0.00244148,-0.00933866
-4.08174652,-0.00177007,-0.00079348
-4.07374652,0.00085452,0.00677511
-4.06574652,0.00122074,0.00378430
-4.05774652,-0.00244148,-0.00885037
-4.04974652,0.00146489,0.00360118
-4.04174652,0.00085452,0.00604266
-4.03374652,0.00000000,-0.00433363
-4.02574652,0.00274667,-0.00207526
-4.01774652,0.00439467,0.00012207
-4.00974652,0.00592059,0.00567644
-4.00174652,-0.00054933,-0.00292978
-3.99374652,0.00170904,0.00048830
-3.98574652,0.00500504,0.00061037
-3.97774652,0.00134281,0.00122074
-3.96974652,0.00189215,0.00122074
-3.96174652,0.00714133,0.00299081
-3.95374652,-0.00079348,-0.00128178
-3.94574652,0.00061037,0.00311289
-3.93774652,0.00097659,-0.00366222
-3.92974652,0.00286874,-0.00469985
-3.92174652,0.00024415,0.00311289
-3.91374652,0.00000000,-0.00091556
-3.90574652,0.00238044,-0.00195318
-3.89774652,0.00274667,-0.00164800
-3.88974653,0.00402844,-0.00207526
-3.88174653,0.00225837,-0.00018311
-3.87374653,0.00488296,-0.00103763
-3.86574653,0.00335704,0.00158696
-3.85774653,0.00311289,-0.00103763
-3.84974653,-0.00030519,-0.00018311
-3.84174653,0.00012207,-0.00091556
-3.83374653,0.00463881,0.00073244
-3.82574653,0.00061037,0.00714133
-3.81774653,-0.00067141,0.00201422
-3.80974653,-0.00421155,-0.00103763
-3.80174653,-0.00207526,0.00213630
-3.79374653,0.00323496,0.00360118
-3.78574653,0.00274667,0.00390637
-3.77774653,0.00286874,-0.00469985
-3.76974653,0.00170904,0.00311289
-3.76174653,0.00201422,-0.00164800
-3.75374653,-0.00408948,-0.00030519
-3.74574653,-0.00195318,-0.00140385
-3.73774653,-0.00207526,0.00262459
-3.72974653,0.00109867,0.00805689
-3.72174653,0.00189215,0.00073244
-3.71374653,0.00122074,-0.00128178
-3.70574653,0.00537126,-0.00317392
-3.69774653,0.00000000,-0.00231941
-3.68974653,-0.00433363,0.00402844
-3.68174653,0.00109867,-0.00207526
-3.67374653,-0.00115970,-0.00152593
-3.66574653,0.00097659,0.00134281
-3.65774653,-0.00573748,-0.00030519
-3.64974653,-0.00091556,0.00189215
-3.64174653,-0.00030519,0.00122074
-3.63374653,-0.00366222,0.00048830
-3.62574653,0.00036622,-0.00292978
-3.61774653,0.00378430,-0.00305185
-3.60974653,-0.00207526,0.00170904
-3.60174653,0.00085452,-0.00244148
-3.59374653,-0.00152593,0.00286874
-3.58574653,0.00146489,0.00335704
-3.57774653,-0.00317392,0.00250252
-3.56974653,-0.00128178,-0.00091556
-3.56174653,0.00427259,-0.00177007
-3.55374653,-0.00354015,-0.00518815
-3.54574653,0.00000000,0.00567644
-3.53774654,0.00579852,0.00640889
-3.52974654,0.00000000,0.00579852
-3.52174654,0.00830103,-0.00256355
-3.51374654,0.00238044,-0.00445570
-3.50574654,0.00476089,0.00347911
-3.49774654,0.00378430,0.00134281
-3.48974654,0.00085452,-0.00518815
-3.48174654,-0.00115970,0.00427259
-3.47374654,0.00122074,0.00134281
-3.46574654,-0.00280770,-0.00128178
-3.45774654,-0.00219733,0.00402844
-3.44974654,0.00201422,-0.00091556
-3.44174654,0.00427259,0.00048830
-3.43374654,0.00024415,0.00109867
-3.42574654,-0.00280770,-0.00506607
-3.41774654,-0.00280770,0.00158696
-3.40974654,-0.00482192,-0.00091556
-3.40174654,-0.00280770,0.00347911
-3.39374654,0.00036622,-0.00177007
-3.38574654,0.00756859,0.00427259
-3.37774654,0.00024415,-0.00396741
-3.36974654,-0.00195318,0.00402844
-3.36174654,0.00134281,-0.00329600
-3.35374654,0.00085452,0.00463881
-3.34574654,-0.00079348,0.00225837
-3.33774654,-0.00317392,-0.00128178
-3.32974654,0.00274667,0.00402844
-3.32174654,-0.00329600,-0.00244148
-3.31374654,0.00274667,-0.00164800
-3.30574654,0.00097659,-0.00103763
-3.29774654,-0.00366222,0.00097659
-3.28974654,-0.00305185,-0.00128178
-3.28174654,0.00170904,-0.00140385
-3.27374654,-0.00787378,-0.00244148
-3.26574654,0.00463881,0.00225837
-3.25774654,-0.00103763,0.00122074
-3.24974654,-0.00079348,-0.00018311
-3.24174654,0.00134281,-0.00317392
-3.23374654,0.00158696,0.00085452
-3.22574654,-0.00494400,0.00225837
-3.21774654,0.00238044,0.00262459
-3.20974654,0.00665304,0.00250252
-3.20174654,0.00665304,0.00061037
-3.19374654,0.00109867,-0.00128178
-3.18574655,0.00073244,0.00347911
-3.17774655,-0.00054933,0.00274667
-3.16974655,0.00488296,-0.00164800
-3.16174655,-0.00042726,-0.00396741
-3.15374655,0.00012207,-0.00079348
-3.14574655,0.00024415,0.00201422
-3.13774655,0.00274667,0.00347911
-3.12974655,0.00109867,-0.00231941
-3.12174655,0.00238044,0.00213630
-3.11374655,0.00073244,0.00048830
-3.10574655,0.00048830,-0.00256355
-3.09774655,0.00061037,0.00640889
-3.08974655,-0.00067141,0.00415052
-3.08174655,-0.00292978,0.00134281
-3.07374655,0.00000000,0.00109867
-3.06574655,0.00061037,-0.00152593
-3.05774655,0.00134281,-0.00207526
-3.04974655,0.00012207,0.00122074
-3.04174655,0.00189215,-0.00152593
-3.03374655,0.00213630,-0.00115970
-3.02574655,0.00286874,0.00146489
-3.01774655,0.00109867,-0.00244148
-3.00974655,-0.00018311,-0.00140385
-3.00174655,0.00299081,0.00189215
-2.99374655,0.00335704,-0.00408948
-2.98574655,-0.00018311,-0.00195318
-2.97774655,0.00122074,-0.00384533
-2.96974655,0.00122074,-0.00128178
-2.96174655,-0.00366222,-0.00054933
-2.95374655,0.00262459,-0.00659200
-2.94574655,-0.00030519,0.00109867
-2.93774655,-0.00408948,0.00073244
-2.92974655,-0.00231941,0.00189215
-2.92174655,-0.00317392,0.00158696
-2.91374655,0.00213630,0.00476089
-2.90574655,-0.00091556,0.00201422
-2.89774655,-0.00030519,0.00036622
-2.88974655,0.00061037,0.00262459
-2.88174655,0.00549333,0.00048830
-2.87374655,0.00061037,0.00158696
-2.86574655,0.00073244,0.00347911
-2.85774655,-0.00164800,-0.00231941
-2.84974655,0.00048830,-0.00054933
-2.84174655,0.00109867,0.00311289
-2.83374656,0.00274667,-0.00354015
-2.82574656,-0.00018311,-0.00292978
-2.81774656,0.00122074,-0.00091556
-2.80974656,0.00274667,0.00579852
-2.80174656,0.00347911,0.00653096
-2.79374656,0.00097659,0.00189215
-2.78574656,-0.00256355,0.00061037
-2.77774656,0.00274667,0.00170904
-2.76974656,-0.00329600,0.00061037
-2.76174656,0.00036622,-0.00018311
-2.75374656,-0.00292978,-0.00408948
-2.74574656,0.00000000,-0.00207526
-2.73774656,0.00213630,0.00250252
-2.72974656,-0.00219733,-0.00659200
-2.72174656,-0.00152593,-0.00018311
-2.71374656,0.00097659,-0.00079348
-2.70574656,-0.00115970,0.00146489
-2.69774656,0.00250252,0.00451674
-2.68974656,0.00158696,0.00323496
-2.68174656,-0.00195318,0.00213630
-2.67374656,0.00402844,0.00085452
-2.66574656,0.00402844,-0.00292978
-2.65774656,0.00048830,0.00451674
-2.64974656,-0.00268563,0.00085452
-2.64174656,0.00213630,-0.00067141
-2.63374656,-0.00042726,0.00146489
-2.62574656,0.00335704,-0.00177007
-2.61774656,-0.00445570,0.00335704
-2.60974656,0.00158696,0.00390637
-2.60174656,0.00439467,0.00213630
-2.59374656,0.00097659,-0.00354015
-2.58574656,0.00048830,0.00238044
-2.57774656,0.00335704,0.00109867
-2.56974656,0.00024415,-0.00256355
-2.56174656,0.00415052,-0.00329600
-2.55374656,0.00402844,-0.00244148
-2.54574656,0.00378430,0.00274667
-2.53774656,-0.00018311,0.00402844
-2.52974656,0.00274667,-0.00732444
-2.52174656,0.00549333,0.00000000
-2.51374656,0.00122074,0.00274667
-2.50574656,-0.00207526,-0.00018311
-2.49774656,0.00250252,-0.00207526
-2.48974656,-0.00207526,0.00225837
-2.48174656,-0.00219733,-0.00445570
-2.47374657,-0.00329600,0.00012207
-2.46574657,0.00109867,-0.00067141
-2.45774657,0.00567644,-0.00445570
-2.44974657,-0.00280770,-0.00341807
-2.44174657,-0.00219733,0.00323496
-2.43374657,-0.00054933,-0.00207526
-2.42574657,-0.00219733,-0.00482192
-2.41774657,0.00653096,0.00061037
-2.40974657,0.00012207,-0.00018311
-2.40174657,0.00335704,-0.00408948
-2.39374657,-0.00292978,0.00000000
-2.38574657,0.00000000,-0.00177007
-2.37774657,0.00097659,-0.00079348
-2.36974657,0.00170904,0.00238044
-2.36174657,0.00170904,-0.00128178
-2.35374657,0.01043733,-0.00067141
-2.34574657,0.00146489,-0.00067141
-2.33774657,-0.00329600,0.00347911
-2.32974657,0.00402844,-0.00634785
-2.32174657,-0.00067141,-0.00292978
-2.31374657,-0.00244148,-0.00115970
-2.30574657,0.00012207,-0.00091556
-2.29774657,0.00378430,-0.00598163
-2.28974657,0.00335704,-0.00079348
-2.28174657,0.00109867,-0.00305185
-2.27374657,0.00402844,0.00048830
-2.26574657,0.00274667,-0.00384533
-2.25774657,0.00097659,-0.00384533
-2.24974657,0.00061037,0.00048830
-2.24174657,0.00158696,-0.00207526
-2.23374657,-0.00042726,0.00213630
-2.22574657,0.00024415,-0.00317392
-2.21774657,-0.00079348,0.00024415
-2.20974657,0.00250252,-0.00067141
-2.20174657,-0.00354015,-0.00244148
-2.19374657,0.00158696,-0.00177007
-2.18574657,0.00604266,-0.00164800
-2.17774657,-0.00091556,-0.00140385
-2.16974657,0.00451674,-0.00421155
-2.16174657,0.00189215,0.00097659
-2.15374657,0.00225837,0.00048830
-2.14574657,0.00201422,-0.00067141
-2.13774657,0.00402844,-0.00469985
-2.12974657,0.00592059,-0.00115970
-2.12174658,0.00024415,0.00000000
-2.11374658,-0.00054933,-0.00268563
-2.10574658,0.00439467,-0.00018311
-2.09774658,-0.00018311,-0.00280770
-2.08974658,0.00061037,0.00158696
-2.08174658,-0.00128178,0.00048830
-2.07374658,0.00012207,-0.00366222
-2.06574658,0.00122074,-0.00115970
-2.05774658,0.00000000,-0.00042726
-2.04974658,0.00451674,-0.00128178
-2.04174658,0.00085452,-0.00268563
-2.03374658,0.00061037,0.00134281
-2.02574658,0.00537126,0.00073244
-2.01774658,0.00146489,0.00085452
-2.00974658,-0.00207526,-0.00207526
-2.00174658,0.00000000,0.00567644
-1.99374658,-0.00219733,0.00250252
-1.98574658,0.00085452,-0.00054933
-1.97774658,0.00170904,0.00488296
-1.96974658,-0.00152593,-0.00054933
-1.96174658,0.00134281,0.00225837
-1.95374658,0.00238044,-0.00152593
-1.94574658,0.00061037,0.00378430
-1.93774658,-0.00164800,-0.00030519
-1.92974658,-0.00067141,-0.00219733
-1.92174658,0.00158696,-0.00054933
-1.91374658,-0.00115970,0.00335704
-1.90574658,0.00048830,0.00451674
-1.89774658,-0.00433363,0.00000000
-1.88974658,-0.00115970,0.00109867
-1.88174658,0.00311289,0.00036622
-1.87374658,0.00061037,-0.00140385
-1.86574658,0.00439467,0.00311289
-1.85774658,-0.00341807,-0.00610370
-1.84974658,0.00170904,-0.00195318
-1.84174658,0.00347911,-0.00366222
-1.83374658,-0.00091556,0.00109867
-1.82574658,0.00097659,-0.00042726
-1.81774658,-0.00317392,-0.00366222
-1.80974658,-0.00219733,-0.00280770
-1.80174658,-0.00091556,0.00158696
-1.79374658,0.00286874,0.00579852
-1.78574658,-0.00177007,0.00225837
-1.77774658,-0.00054933,0.00213630
-1.76974659,0.00262459,-0.00329600
-1.76174659,-0.00366222,0.00048830
-1.75374659,-0.00067141,-0.00341807
-1.74574659,-0.00042726,0.00036622
-1.73774659,0.00427259,-0.00231941
-1.72974659,0.00463881,-0.00018311
-1.72174659,0.00402844,-0.00219733
-1.71374659,0.00000000,-0.00030519
-1.70574659,0.00036622,0.00073244
-1.69774659,0.00274667,0.00262459
-1.68974659,-0.00219733,-0.00482192
-1.68174659,0.00335704,0.00415052
-1.67374659,0.00360118,0.00122074
-1.66574659,-0.00030519,-0.00573748
-1.65774659,-0.00115970,0.00012207
-1.64974659,0.00274667,-0.00128178
-1.64174659,0.00299081,-0.00207526
-1.63374659,0.00158696,0.00311289
-1.62574659,0.00463881,-0.00042726
-1.61774659,0.00170904,-0.00421155
-1.60974659,-0.00030519,0.00000000
-1.60174659,0.00378430,0.00238044
-1.59374659,0.00122074,-0.00091556
-1.58574659,0.00427259,-0.00128178
-1.57774659,-0.00164800,-0.00305185
-1.56974659,0.00170904,-0.00067141
-1.56174659,0.00097659,0.00134281
-1.55374659,-0.00152593,-0.00244148
-1.54574659,0.00213630,0.00036622
-1.53774659,0.00073244,0.00262459
-1.52974659,0.00439467,0.00024415
-1.52174659,-0.00366222,-0.00042726
-1.51374659,0.00903348,0.00640889
-1.50574659,0.00158696,0.00323496
-1.49774659,-0.00091556,0.00604266
-1.48974659,-0.00042726,-0.00079348
-1.48174659,0.00335704,-0.00305185
-1.47374659,0.00714133,-0.00091556
-1.46574659,-0.00256355,0.00225837
-1.45774659,0.00134281,-0.00341807
-1.44974659,0.00146489,0.00000000
-1.44174659,-0.00164800,0.00402844
-1.43374659,-0.00244148,-0.00207526
-1.42574659,0.00360118,0.00097659
-1.41774660,0.00311289,-0.00030519
-1.40974660,0.00311289,0.00158696
-1.40174660,0.00012207,-0.00518815
-1.39374660,0.00439467,0.00512711
-1.38574660,0.00402844,-0.00042726
-1.37774660,0.00170904,0.00439467
-1.36974660,0.00213630,0.00085452
-1.36174660,-0.00164800,-0.00256355
-1.35374660,-0.00079348,0.00158696
-1.34574660,-0.00079348,-0.00329600
-1.33774660,0.00097659,0.00201422
-1.32974660,-0.00421155,0.00024415
-1.32174660,0.00036622,-0.00018311
-1.31374660,0.00189215,0.00439467
-1.30574660,-0.00079348,0.00451674
-1.29774660,0.00427259,-0.00469985
-1.28974660,0.00756859,-0.00433363
-1.28174660,0.00347911,-0.00317392
-1.27374660,0.00158696,0.00146489
-1.26574660,0.00463881,-0.00018311
-1.25774660,0.00158696,-0.00469985
-1.24974660,-0.00042726,0.00463881
-1.24174660,0.00024415,0.00073244
-1.23374660,0.00830103,0.00048830
-1.22574660,0.00415052,-0.00354015
-1.21774660,0.00213630,0.00122074
-1.20974660,0.00012207,0.00360118
-1.20174660,0.00262459,0.00335704
-1.19374660,-0.00195318,-0.00067141
-1.18574660,0.00311289,0.00109867
-1.17774660,0.00262459,0.00238044
-1.16974660,0.00158696,-0.00152593
-1.16174660,-0.00103763,0.00512711
-1.15374660,0.00567644,0.00097659
-1.14574660,0.00073244,-0.00091556
-1.13774660,-0.00207526,0.00427259
-1.12974660,-0.00054933,-0.00079348
-1.12174660,0.00390637,-0.00115970
-1.11374660,0.00097659,0.00036622
-1.10574660,0.00274667,-0.00280770
-1.09774660,0.00665304,-0.00152593
-1.08974660,-0.00140385,0.00048830
-1.08174660,-0.00103763,0.00024415
-1.07374660,0.00213630,-0.00384533
-1.06574661,-0.00018311,-0.00067141
-1.05774661,-0.00317392,0.00225837
-1.04974661,0.00360118,0.00024415
-1.04174661,0.00402844,0.00085452
-1.03374661,-0.00091556,0.00274667
-1.02574661,0.00122074,0.00274667
-1.01774661,0.00097659,0.00463881
-1.00974661,0.00653096,0.00463881
-1.00174661,0.00512711,0.00592059
-0.99374661,0.00250252,-0.00128178
-0.98574661,-0.00384533,0.00146489
-0.97774661,0.00463881,-0.00128178
-0.96974661,0.00592059,0.00262459
-0.96174661,0.00579852,0.00134281
-0.95374661,0.00085452,-0.00195318
-0.94574661,0.00262459,-0.00543229
-0.93774661,0.00170904,-0.00775170
-0.92974661,-0.00329600,0.00061037
-0.92174661,-0.00018311,0.00061037
-0.91374661,0.00134281,0.00524918
-0.90574661,0.00201422,-0.00128178
-0.89774661,-0.00103763,0.00085452
-0.88974661,0.00012207,0.00048830
-0.88174661,0.00463881,0.00048830
-0.87374661,-0.00067141,0.00238044
-0.86574661,0.00122074,-0.00164800
-0.85774661,-0.00140385,0.00061037
-0.84974661,0.00323496,-0.00164800
-0.84174661,-0.00494400,-0.00079348
-0.83374661,0.00286874,0.00097659
-0.82574661,0.00378430,0.00048830
-0.81774661,0.00360118,0.00024415
-0.80974661,-0.00018311,-0.00140385
-0.80174661,-0.00152593,0.00024415
-0.79374661,0.00061037,0.00524918
-0.78574661,0.00604266,-0.00079348
-0.77774661,0.00640889,0.00225837
-0.76974661,0.00097659,-0.00384533
-0.76174661,0.00323496,0.00439467
-0.75374661,0.00097659,0.00225837
-0.74574661,-0.00256355,-0.00292978
-0.73774661,0.00427259,0.00488296
-0.72974661,0.00109867,-0.00042726
-0.72174661,0.00146489,0.00134281
-0.71374661,0.00158696,-0.00494400
-0.70574662,-0.00140385,-0.00103763
-0.69774662,-0.00177007,-0.00152593
-0.68974662,-0.00054933,-0.00408948
-0.68174662,0.00549333,0.00311289
-0.67374662,0.00262459,0.00036622
-0.66574662,-0.00018311,-0.00177007
-0.65774662,0.00048830,-0.00219733
-0.64974662,0.00225837,-0.00067141
-0.64174662,0.00274667,0.00225837
-0.63374662,0.00286874,-0.00659200
-0.62574662,0.00134281,-0.00445570
-0.61774662,0.00274667,-0.00140385
-0.60974662,-0.00054933,-0.00042726
-0.60174662,0.00415052,0.00061037
-0.59374662,0.00158696,0.00073244
-0.58574662,-0.00054933,0.00579852
-0.57774662,-0.00067141,0.00024415
-0.56974662,-0.00177007,0.00201422
-0.56174662,0.00500504,-0.00042726
-0.55374662,0.00238044,-0.00030519
-0.54574662,0.00549333,-0.00079348
-0.53774662,-0.00354015,-0.00506607
-0.52974662,-0.00018311,0.00061037
-0.52174662,0.00189215,0.00335704
-0.51374662,-0.00018311,0.00012207
-0.50574662,0.00250252,-0.00103763
-0.49774662,0.00549333,0.00769066
-0.48974662,0.00097659,0.00048830
-0.48174662,0.00134281,0.00048830
-0.47374662,0.00299081,-0.00219733
-0.46574662,0.00158696,-0.00018311
-0.45774662,-0.00103763,0.00311289
-0.44974662,-0.00305185,-0.00067141
-0.44174662,0.00677511,0.00451674
-0.43374662,0.00299081,0.00146489
-0.42574662,0.00146489,0.00274667
-0.41774662,0.00109867,-0.00219733
-0.40974662,0.00073244,-0.00030519
-0.40174662,-0.00103763,0.00189215
-0.39374662,0.00311289,0.00579852
-0.38574662,0.00024415,-0.00219733
-0.37774662,0.00085452,0.00085452
-0.36974662,0.00415052,-0.00103763
-0.36174662,0.00274667,-0.00195318
-0.35374663,0.00604266,0.00286874
-0.34574663,-0.00079348,0.00476089
-0.33774663,-0.00018311,0.00628681
-0.32974663,0.00378430,-0.00341807
-0.32174663,0.00170904,-0.00079348
-0.31374663,0.00500504,0.00415052
-0.30574663,0.00073244,0.00189215
-0.29774663,-0.00140385,0.00189215
-0.28974663,0.00378430,0.00170904
-0.28174663,0.00360118,0.00415052
-0.27374663,0.00189215,0.00390637
-0.26574663,-0.00152593,-0.00054933
-0.25774663,0.00390637,0.00061037
-0.24974663,0.00299081,0.00048830
-0.24174663,-0.00341807,0.00463881
-0.23374663,0.00402844,-0.00067141
-0.22574663,0.00048830,0.00323496
-0.21774663,0.00012207,-0.00079348
-0.20974663,0.00024415,-0.00067141
-0.20174663,-0.00366222,-0.00506607
-0.19374663,-0.00445570,-0.00219733
-0.18574663,-0.00030519,0.00189215
-0.17774663,0.00201422,0.00335704
-0.16974663,0.00335704,-0.00079348
-0.16174663,0.00286874,-0.00329600
-0.15374663,-0.00305185,0.00286874
-0.14574663,0.00189215,0.00122074
-0.13774663,0.00146489,-0.00366222
-0.12974663,0.00213630,0.00048830
-0.12174663,0.00048830,0.00238044
-0.11374663,0.00476089,-0.00128178
-0.10574663,0.00427259,-0.00103763
-0.09774663,0.00238044,-0.00042726
-0.08974663,0.00085452,-0.00195318
-0.08174663,0.00189215,0.00134281
-0.07374663,0.00073244,0.00323496
-0.06574663,0.00335704,0.00024415
-0.05774663,0.00360118,0.00378430
-0.04974663,-0.00054933,0.00286874
-0.04174663,0.00439467,0.00146489
-0.03374663,-0.00543229,0.00323496
-0.02574663,0.01080355,0.00262459
-0.01774663,0.05475020,0.01104770
-0.00974663,0.03277688,-0.00177007
-0.00174664,-0.06689657,0.00311289
0.00625336,-0.33301798,-0.02624592
0.01425336,-0.37263101,-0.02667318
0.02225336,-0.35383159,0.07666250
0.03025336,-0.38917202,-0.02764977
0.03825336,-0.40736106,-0.02551347
0.04625336,-0.45417646,-0.02264473
0.05425336,-0.43610951,0.03204443
0.06225336,-0.45570239,-0.00128178
0.07025336,-0.48115483,-0.01568651
0.07825336,-0.45405439,-0.01062044
0.08625336,-0.46473587,0.03466903
0.09425336,-0.45265055,-0.00219733
0.10225336,-0.44996491,-0.02490310
0.11025336,-0.45417646,-0.01745659
0.11825336,-0.44239631,0.01538133
0.12625336,-0.45014802,0.01031526
0.13425336,-0.45503098,-0.01098666
0.14225336,-0.45918149,-0.00421155
0.15025336,-0.46363720,0.00970489
0.15825336,-0.46980193,0.00982696
0.16625336,-0.48420668,-0.01440474
0.17425336,-0.48164311,-0.01086459
0.18225336,-0.48683125,0.01257363
0.19025336,-0.50209051,0.01055940
0.19825336,-0.49745169,0.00451674
0.20625336,-0.50038147,-0.00708029
0.21425336,-0.50074768,0.00238044
0.22225336,-0.50288397,0.01324503
0.23025336,-0.51094091,-0.00988800
0.23825336,-0.51362652,-0.01379437
0.24625336,-0.51460308,0.00286874
0.25425336,-0.51338238,0.01257363
0.26225336,-0.51448101,-0.00292978
0.27025336,-0.51875365,-0.00585955
0.27825336,-0.51942503,0.00122074
0.28625336,-0.53028965,0.00793481
0.29425336,-0.53126621,-0.00115970
0.30225336,-0.52888578,-0.00421155
0.31025336,-0.55763423,-0.00280770
0.31825336,-0.52510148,0.00915555
0.32625336,-0.54316843,-0.00610370
0.33425336,-0.55030978,-0.01239051
0.34225336,-0.54884487,0.01232948
0.35025335,-0.55085909,0.00628681
0.35825335,-0.54414505,0.00274667
0.36625335,-0.48518327,0.00085452
0.37425335,-0.42371899,-0.00268563
0.38225335,-0.40339366,-0.00354015
0.39025335,-0.41224402,0.00286874
0.39825335,-0.43244728,-0.01062044
0.40625335,-0.45570239,0.01245155
0.41425335,-0.46046329,0.00927763
0.42225335,-0.44923246,0.00024415
0.43025335,-0.41590625,-0.00433363
0.43825335,-0.36909086,-0.00195318
0.44625335,-0.33967102,-0.00177007
0.45425335,-0.31934568,-0.00433363
0.46225335,-0.32935575,-0.00744652
0.47025335,-0.33942688,-0.00494400
0.47825335,-0.35645619,0.01306192
0.48625335,-0.35761589,0.00238044
0.49425335,-0.35090181,-0.00811792
0.50225335,-0.33314005,-0.00207526
0.51025335,-0.31531724,0.00085452
0.51825335,-0.30683309,0.00463881
0.52625335,-0.30433059,-0.00366222
0.53425335,-0.30835903,-0.00256355
0.54225335,-0.31366923,0.00769066
0.55025335,-0.31269264,0.00970489
0.55825335,-0.30774865,-0.00268563
0.56625335,-0.30146185,0.00061037
0.57425335,-0.28931546,-0.00231941
0.58225335,-0.27430037,0.00488296
0.59025335,-0.27582628,0.00189215
0.59825335,-0.27570421,-0.00354015
0.60625335,-0.27124852,0.00427259
0.61425335,-0.27857295,0.00158696
0.62225335,-0.27692497,0.00238044
0.63025335,-0.27430037,-0.00354015
0.63825335,-0.26648763,0.00048830
0.64625335,-0.26129949,0.00170904
0.65425335,-0.25257120,0.00170904
0.66225335,-0.25183874,-0.00433363
0.67025335,-0.24756615,0.00036622
0.67825335,-0.24744408,0.00427259
0.68625335,-0.25092319,-0.00708029
0.69425335,-0.24878690,-0.00683615
0.70225334,-0.25006866,0.00427259
0.71025334,-0.24854274,0.00311289
0.71825334,-0.24109623,0.00000000
0.72625334,-0.24146244,0.00024415
0.73425334,-0.24579607,-0.00207526
0.74225334,-0.24213386,0.00085452
0.75025334,-0.24121830,-0.00103763
0.75825334,-0.24060793,0.00024415
0.76625334,-0.23871578,0.00537126
0.77425334,-0.24073000,-0.00030519
0.78225334,-0.23426008,0.00024415
0.79025334,-0.23456526,-0.00268563
0.79825334,-0.23578601,-0.00292978
0.80625334,-0.23401593,-0.00305185
0.81425334,-0.24024171,-0.00030519
0.82225334,-0.23743400,-0.00366222
0.83025334,-0.24011964,-0.00079348
0.83825334,-0.23645741,-0.00384533
0.84625334,-0.23670156,0.00024415
0.85425334,-0.23590808,-0.00091556
0.86225334,-0.23279519,-0.00457778
0.87025334,-0.22595905,0.00451674
0.87825334,-0.22522660,-0.00317392
0.88625334,-0.22797327,0.00311289
0.89425334,-0.22644734,0.00781274
0.90225334,-0.22193059,0.00958281
0.91025334,-0.22669148,0.01147496
0.91825334,-0.23065889,0.00085452
0.92625334,-0.23426008,-0.02301096
0.93425334,-0.22608112,-0.01178014
0.94225334,-0.22333445,-0.00054933
0.95025334,-0.22028260,0.01977599
0.95825334,-0.21875668,0.00592059
0.96625334,-0.21485031,0.00451674
0.97425334,-0.21246986,0.00299081
0.98225334,-0.21625416,-0.00897244
0.99025334,-0.21735282,-0.01416059
0.99825334,-0.21558276,-0.00646992
1.00625334,-0.22113712,0.01599170
1.01425334,-0.21399578,0.01660207
1.02225334,-0.21332438,0.00225837
1.03025334,-0.21069980,-0.00018311
1.03825334,-0.21399578,0.00213630
1.04625334,-0.21131016,-0.00457778
1.05425334,-0.21167639,-0.00659200
1.06225333,-0.21436201,-0.00207526
1.07025333,-0.20868556,0.01788385
1.07825333,-0.20514542,0.01055940
1.08625333,-0.20502335,-0.00396741
1.09425333,-0.20258187,0.00286874
1.10225333,-0.20587787,-0.00384533
1.11025333,-0.20954008,-0.00573748
1.11825333,-0.20538957,-0.00872829
1.12625333,-0.20825830,0.00903348
1.13425333,-0.20349742,0.01483200
1.14225333,-0.20386365,0.00097659
1.15025333,-0.19733268,-0.00964385
1.15825333,-0.19702750,-0.00732444
1.16625333,-0.19946897,-0.00683615
1.17425333,-0.19556260,-0.00115970
1.18225333,-0.19202246,-0.00054933
1.19025333,-0.19525743,0.00567644
1.19825333,-0.18872645,0.00250252
1.20625333,-0.18579668,0.00927763
1.21425333,-0.18897061,-0.00909452
1.22225333,-0.18671224,-0.00860622
1.23025333,-0.18945891,-0.00244148
1.23825333,-0.18494217,-0.00042726
1.24625333,-0.18591876,0.00738548
1.25425333,-0.18469802,0.00201422
1.26225333,-0.18317209,0.00286874
1.27025333,-0.17786187,0.00476089
1.27825333,-0.17773980,-0.00280770
1.28625333,-0.17676321,-0.00634785
1.29425333,-0.17938779,0.00335704
1.30225333,-0.17835017,0.00451674
1.31025333,-0.17950988,0.00402844
1.31825333,-0.17963195,0.00036622
1.32625333,-0.17584765,0.00189215
1.33425333,-0.17688528,-0.00140385
1.34225333,-0.17773980,-0.00305185
1.35025333,-0.17511521,-0.00128178
1.35825333,-0.16980499,-0.00115970
1.36625333,-0.17242958,0.00323496
1.37425333,-0.17889950,-0.00030519
1.38225333,-0.17572558,-0.00067141
1.39025333,-0.17395550,-0.00610370
1.39825333,-0.17157505,-0.00219733
1.40625333,-0.16956083,0.00415052
1.41425332,-0.17169714,-0.00103763
1.42225332,-0.16968292,0.00402844
1.43025332,-0.16901150,-0.00177007
1.43825332,-0.17456588,-0.00152593
1.44625332,-0.16840114,-0.00244148
1.45425332,-0.17310098,-0.00103763
1.46225332,-0.16827907,0.00085452
1.47025332,-0.16675314,-0.00421155
1.47825332,-0.16565447,-0.00256355
1.48625332,-0.16754662,0.00061037
1.49425332,-0.16736351,-0.00177007
1.50225332,-0.16791284,-0.00152593
1.51025332,-0.16638692,0.00097659
1.51825332,-0.16473891,0.00012207
1.52625332,-0.16333506,-0.00177007
1.53425332,-0.16034424,-0.00195318
1.54225332,-0.15991700,-0.00115970
1.55025332,-0.15991700,-0.00195318
1.55825332,-0.15918455,-0.00317392
1.56625332,-0.16010010,0.00085452
1.57425332,-0.15717033,0.00262459
1.58225332,-0.16187018,-0.00152593
1.59025332,-0.15552232,0.00592059
1.59825332,-0.15942869,-0.00042726
1.60625332,-0.15631580,0.00323496
1.61425332,-0.16486099,0.00451674
1.62225332,-0.15778069,0.00146489
1.63025332,-0.15942869,0.00048830
1.63825332,-0.15289773,0.00109867
1.64625332,-0.15778069,-0.00079348
1.65425332,-0.15668203,0.00189215
1.66225332,-0.15601063,0.00036622
1.67025332,-0.15906247,0.00262459
1.67825332,-0.15845209,0.00537126
1.68625332,-0.15314189,0.00201422
1.69425332,-0.14996795,0.00146489
1.70225332,-0.15021211,-0.00152593
1.71025332,-0.14984588,-0.00115970
1.71825332,-0.14960173,0.00390637
1.72625332,-0.14709921,0.00439467
1.73425332,-0.14654988,-0.00018311
1.74225332,-0.14734337,-0.00268563
1.75025332,-0.14758751,-0.00128178
1.75825332,-0.14593951,-0.00671407
1.76625331,-0.14697714,-0.00103763
1.77425331,-0.14441359,-0.00164800
1.78225331,-0.14380321,-0.00115970
1.79025331,-0.14569536,-0.00067141
1.79825331,-0.14465773,0.00653096
1.80625331,-0.14166692,-0.00030519
1.81425331,-0.13824885,0.00274667
1.82225331,-0.14026307,0.00238044
1.83025331,-0.13757744,0.00238044
1.83825331,-0.14313181,-0.00244148
1.84625331,-0.14111759,0.00225837
1.85425331,-0.14355907,-0.00292978
1.86225331,-0.13977477,0.00189215
1.87025331,-0.13708915,0.00109867
1.87825331,-0.13800471,-0.00195318
1.88625331,-0.13531907,0.00189215
1.89425331,-0.13623463,-0.00030519
1.90225331,-0.14203314,-0.00030519
1.91025331,-0.13556322,0.00036622
1.91825331,-0.13232826,0.00000000
1.92625331,-0.13684499,-0.00256355
1.93425331,-0.13885921,-0.00195318
1.94225331,-0.13422041,-0.00091556
1.95025331,-0.12823878,0.00488296
1.95825331,-0.13861507,-0.00128178
1.96625331,-0.13269448,-0.00506607
1.97425331,-0.13000885,-0.00128178
1.98225331,-0.13446455,-0.00091556
1.99025331,-0.13177893,0.00061037
1.99825331,-0.13293862,-0.00610370
2.00625331,-0.12866604,0.00225837
2.01425331,-0.13220619,0.00097659
2.02225331,-0.13409834,0.00146489
2.03025331,-0.12750633,0.00189215
2.03825331,-0.13031404,0.00097659
2.04625331,-0.12634663,-0.00140385
2.05425331,-0.12976471,0.00488296
2.06225331,-0.12714010,0.00463881
2.07025331,-0.12714010,-0.00177007
2.07825331,-0.11792352,0.00158696
2.08625331,-0.12689596,0.00238044
2.09425331,-0.12677389,0.00109867
2.10225331,-0.12182989,-0.00354015
2.11025331,-0.12457655,0.00213630
2.11825330,-0.12231819,-0.00018311
2.12625330,-0.11755730,0.00024415
2.13425330,-0.11200293,0.00274667
2.14225330,-0.11816767,0.00500504
2.15025330,-0.11804560,-0.00872829
2.15825330,-0.12231819,0.00146489
2.16625330,-0.11688589,-0.00341807
2.17425330,-0.12079226,-0.00091556
2.18225330,-0.11853389,-0.00152593
2.19025330,-0.10821863,0.00274667
2.19825330,-0.11828974,-0.00354015
2.20625330,-0.11224708,-0.00128178
2.21425330,-0.10669271,-0.00115970
2.22225330,-0.11401715,0.00073244
2.23025330,-0.10858486,-0.00231941
2.23825330,-0.10620441,0.00537126
2.24625330,-0.11285745,-0.00128178
2.25425330,-0.11285745,-0.00292978
2.26225330,-0.11285745,0.00158696
2.27025330,-0.10986663,0.00036622
2.27825330,-0.10858486,-0.00207526
2.28625330,-0.10443434,0.00274667
2.29425330,-0.10681479,-0.00317392
2.30225330,-0.10669271,-0.00195318
2.31025330,-0.10492264,-0.00030519
2.31825330,-0.10113834,0.00158696
2.32625330,-0.10034486,-0.00354015
2.33425330,-0.09924619,0.00048830
2.34225330,-0.09643849,0.00036622
2.35025330,-0.09308145,0.00274667
2.35825330,-0.09723197,0.00134281
2.36625330,-0.10022278,0.00134281
2.37425330,-0.09698782,0.00048830
2.38225330,-0.09582812,0.00213630
2.39025330,-0.09570605,-0.00018311
2.39825330,-0.09430219,0.00012207
2.40625330,-0.09833064,0.00048830
2.41425330,-0.09582812,0.00335704
2.42225330,-0.09155553,-0.00030519
2.43025330,-0.09228797,-0.00366222
2.43825330,-0.08752708,-0.00421155
2.44625330,-0.09228797,-0.00292978
2.45425330,-0.08850367,0.00427259
2.46225330,-0.08734398,-0.00256355
2.47025329,-0.09179968,0.00213630
2.47825329,-0.08789331,-0.00177007
2.48625329,-0.09002960,0.00299081
2.49425329,-0.08575701,0.00415052
2.50225329,-0.08008057,-0.00103763
2.51025329,-0.08105716,0.00225837
2.51825329,-0.08587909,-0.00231941
2.52625329,-0.08197272,0.00500504
2.53425329,-0.07940916,0.00512711
2.54225329,-0.08032472,-0.00067141
2.55025329,-0.08233894,-0.00164800
2.55825329,-0.08258308,-0.00366222
2.56625329,-0.08166753,-0.00244148
2.57425329,-0.08081301,0.00158696
2.58225329,-0.07275613,-0.00268563
2.59025329,-0.07739494,0.00262459
2.59825329,-0.07525864,-0.00244148
2.60625329,-0.07727286,0.00512711
2.61425329,-0.07904294,0.00134281
2.62225329,-0.08020264,-0.00231941
2.63025329,-0.07385479,-0.00195318
2.63825329,-0.07300027,-0.00494400
2.64625329,-0.07263406,0.00000000
2.65425329,-0.07727286,0.00225837
2.66225329,-0.07953124,0.00085452
2.67025329,-0.07300027,-0.00366222
2.67825329,-0.07184057,0.00537126
2.68625329,-0.07196265,0.00170904
2.69425329,-0.07184057,0.00048830
2.70225329,-0.07043672,0.00085452
2.71025329,-0.06830043,0.00061037
2.71825329,-0.06427198,-0.00445570
2.72625329,-0.06591998,0.00262459
2.73425329,-0.06854457,-0.00256355
2.74225329,-0.06427198,-0.00341807
2.75025329,-0.06756798,0.00286874
2.75825329,-0.06830043,0.00451674
2.76625329,-0.06097598,-0.00018311
2.77425329,-0.06122013,-0.01001007
2.78225329,-0.06329539,0.00000000
2.79025329,-0.06299020,0.00085452
2.79825329,-0.06299020,0.00665304
2.80625329,-0.06060976,-0.00494400
2.81425329,-0.05908383,-0.00396741
2.82225329,-0.06201361,0.00024415
2.83025328,-0.06201361,-0.00421155
2.83825328,-0.06213569,-0.00457778
2.84625328,-0.06024354,-0.00018311
2.85425328,-0.06152532,-0.00469985
2.86225328,-0.05847346,-0.00103763
2.87025328,-0.05932798,-0.00018311
2.87825328,-0.05774102,-0.00067141
2.88625328,-0.05554369,0.00158696
2.89425328,-0.05267495,0.00109867
2.90225328,-0.05871761,-0.00433363
2.91025328,-0.05658132,0.00286874
2.91825328,-0.05578784,0.00189215
2.92625328,-0.05871761,0.00073244
2.93425328,-0.05883969,-0.00128178
2.94225328,-0.05566576,-0.00103763
2.95025328,-0.06012146,0.00439467
2.95825328,-0.05835139,-0.00030519
2.96625328,-0.06164739,0.00122074
2.97425328,-0.05316325,0.00549333
2.98225328,-0.05645924,0.00134281
2.99025328,-0.06201361,0.00238044
2.99825328,-0.05505539,-0.00207526
3.00625328,-0.05151524,0.00024415
3.01425328,-0.05389569,-0.00018311
3.02225328,-0.05432295,-0.00207526
3.03025328,-0.06024354,0.00439467
3.03825328,-0.05670339,0.00061037
3.04625328,-0.05706961,0.00213630
3.05425328,-0.05645924,-0.00482192
3.06225328,-0.05597094,-0.00354015
3.07025328,-0.05352946,-0.00091556
3.07825328,-0.05041658,-0.00329600
3.08625328,-0.05102695,0.00250252
3.09425328,-0.05163732,0.00427259
3.10225328,-0.04724265,-0.00054933
3.11025328,-0.04785302,0.00201422
3.11825328,-0.04925688,0.00109867
3.12625328,-0.04736473,0.00512711
3.13425328,-0.05279702,0.00378430
3.14225328,-0.05291910,-0.00244148
3.15025328,-0.05352946,-0.00067141
3.15825328,-0.04773095,0.00451674
3.16625328,-0.04486221,0.00000000
3.17425328,-0.05328532,-0.00115970
3.18225327,-0.04760887,-0.00305185
3.19025327,-0.04498428,0.00097659
3.19825327,-0.05102695,0.00000000
3.20625327,-0.04632710,-0.00231941
3.21425327,-0.04663228,-0.00317392
3.22225327,-0.04217658,-0.00018311
3.23025327,-0.04297006,-0.00164800
3.23825327,-0.04736473,-0.00384533
3.24625327,-0.04974517,-0.00219733
3.25425327,-0.04675436,-0.00103763
3.26225327,-0.04394665,-0.00103763
3.27025327,-0.04345836,0.00048830
3.27825327,-0.04675436,-0.00292978
3.28625327,-0.04181036,0.00201422
3.29425327,-0.04309214,0.00146489
3.30225327,-0.04736473,-0.00445570
3.31025327,-0.04205450,0.00000000
3.31825327,-0.03875851,0.00439467
3.32625327,-0.04077273,-0.00042726
3.33425327,-0.03888058,0.00201422
3.34225327,-0.04156621,0.00012207
3.35025327,-0.03930784,-0.00598163
3.35825327,-0.04321421,-0.00054933
3.36625327,-0.03875851,-0.00195318
3.37425327,-0.03711051,-0.00219733
3.38225327,-0.04229865,0.00250252
3.39025327,-0.03650014,-0.00292978
3.39825327,-0.03601184,0.00012207
3.40625327,-0.03814813,0.00213630
3.41425327,-0.03613392,-0.00030519
3.42225327,-0.03888058,-0.00219733
3.43025327,-0.03637806,0.00390637
3.43825327,-0.03234962,-0.00042726
3.44625327,-0.03521836,0.00134281
3.45425327,-0.03320414,-0.00091556
3.46225327,-0.03271584,-0.00030519
3.47025327,-0.02691733,0.00097659
3.47825327,-0.03674429,0.00134281
3.48625327,-0.03448591,0.00476089
3.49425327,-0.03259377,-0.00018311
3.50225327,-0.03711051,-0.00341807
3.51025327,-0.03271584,-0.00421155
3.51825327,-0.03509629,0.00122074
3.52625327,-0.03247169,0.00579852
3.53425326,-0.03424177,-0.00042726
3.54225326,-0.03094577,0.00347911
3.55025326,-0.03131199,0.00335704
3.55825326,-0.03210547,-0.00341807
3.56625326,-0.03320414,0.00061037
3.57425326,-0.03210547,-0.00042726
3.58225326,-0.02941984,0.00158696
3.59025326,-0.02917570,0.00225837
3.59825326,-0.03210547,0.00073244
3.60625326,-0.02752770,-0.00140385
3.61425326,-0.02655110,-0.00042726
3.62225326,-0.02301096,-0.00231941
3.63025326,-0.03222755,0.00311289
3.63825326,-0.02526933,-0.00341807
3.64625326,-0.02929777,-0.00317392
3.65425326,-0.02954192,0.00286874
3.66225326,-0.03118992,0.00158696
3.67025326,-0.02941984,-0.00231941
3.67825326,-0.02807703,-0.00457778
3.68625326,-0.03131199,0.00024415
3.69425326,-0.02716147,0.00653096
3.70225326,-0.02941984,0.00024415
3.71025326,-0.02301096,0.00323496
3.71825326,-0.03009125,-0.00219733
3.72625326,-0.02514725,0.00238044
3.73425326,-0.03082369,0.00299081
3.74225326,-0.02478103,0.00238044
3.75025326,-0.03021332,0.00000000
3.75825326,-0.02374340,0.00122074
3.76625326,-0.02600177,-0.00091556
3.77425326,-0.02410962,-0.00091556
3.78225326,-0.02563555,-0.00317392
3.79025326,-0.02313303,-0.00305185
3.79825326,-0.02703940,-0.00152593
3.80625326,-0.03375347,0.00000000
3.81425326,-0.02941984,0.00274667
3.82225326,-0.02880947,0.00170904
3.83025326,-0.02453688,0.00415052
3.83825326,-0.02716147,-0.00103763
3.84625326,-0.02514725,-0.00329600
3.85425326,-0.02777184,-0.00128178
3.86225326,-0.02868740,-0.00177007
3.87025326,-0.02197333,0.00390637
3.87825326,-0.02429273,0.00537126
3.88625325,-0.02441481,0.00158696
3.89425325,-0.02197333,-0.00659200
3.90225325,-0.02514725,0.00274667
3.91025325,-0.02618488,0.00000000
3.91825325,-0.02502518,-0.00317392
3.92625325,-0.02276681,0.00146489
3.93425325,-0.02752770,-0.00543229
3.94225325,-0.03210547,-0.00079348
3.95025325,-0.02429273,-0.00054933
3.95825325,-0.02679525,-0.00543229
3.96625325,-0.02703940,-0.00329600
3.97425325,-0.02441481,-0.00018311
3.98225325,-0.01971496,0.00451674
3.99025325,-0.02337718,0.00189215
3.99825325,-0.02337718,0.00439467
4.00625325,-0.02856532,0.00427259
4.01425325,-0.02764977,0.00134281
4.02225325,-0.02087466,0.00439467
4.03025325,-0.02386547,-0.00219733
4.03825325,-0.02349925,-0.00042726
4.04625325,-0.02490310,0.00604266
4.05425325,-0.02539140,-0.00067141
4.06225325,-0.02563555,0.00274667
4.07025325,-0.02264473,-0.00305185
4.07825325,-0.02441481,0.00048830
4.08625325,-0.02478103,-0.00231941
4.09425325,-0.02551347,-0.00231941
4.10225325,-0.02514725,0.00201422
4.11025325,-0.02984710,-0.00244148
4.11825325,-0.01886044,-0.00079348
4.12625325,-0.02575762,0.00225837
4.13425325,-0.02752770,0.00189215
4.14225325,-0.02575762,-0.00207526
4.15025325,-0.02777184,0.00073244
4.15825325,-0.02642903,-0.00598163
4.16625325,-0.02209540,0.00109867
4.17425325,-0.02716147,-0.00177007
4.18225325,-0.02478103,-0.00152593
4.19025325,-0.01873836,-0.00219733
4.19825325,-0.02136296,-0.00067141
4.20625325,-0.01568651,0.00134281
4.21425325,-0.02148503,-0.00354015
4.22225325,-0.02252266,0.00335704
4.23025325,-0.02264473,0.00073244
4.23825324,-0.02087466,0.00427259
4.24625324,-0.02410962,-0.00396741
4.25425324,-0.02539140,0.00250252
4.26225324,-0.02490310,-0.00634785
4.27025324,-0.02124088,-0.00305185
4.27825324,-0.02209540,-0.00396741
4.28625324,-0.02063051,-0.00128178
4.29425324,-0.02032533,-0.00256355
4.30225324,-0.01947081,-0.00219733
4.31025324,-0.02526933,0.00415052
4.31825324,-0.02063051,-0.00329600
4.32625324,-0.01995911,0.00170904
4.33425324,-0.02349925,0.00085452
4.34225324,-0.01745659,-0.00091556
4.35025324,-0.02044740,0.00854518
4.35825324,-0.01696829,0.00476089
4.36625324,-0.01342814,0.00036622
4.37425324,-0.01709037,0.00311289
4.38225324,-0.01263466,0.00097659
4.39025324,-0.02148503,0.00262459
4.39825324,-0.01983703,0.00225837
4.40625324,-0.01666311,-0.00177007
4.41425324,-0.01391644,0.00274667
4.42225324,-0.01214637,0.00360118
4.43025324,-0.01367229,-0.00140385
4.43825324,-0.01464888,0.00109867
4.44625324,-0.01843318,-0.00152593
4.45425324,-0.01995911,-0.00115970
4.46225324,-0.01818903,-0.00231941
4.47025324,-0.00988800,0.00286874
4.47825324,-0.01696829,0.00146489
4.48625324,-0.01794488,-0.00115970
4.49425324,-0.02020325,0.00299081
4.50225324,-0.01477096,0.00097659
4.51025324,-0.02099673,0.00134281
4.51825324,-0.01342814,0.00085452
4.52625324,-0.01464888,0.00170904
4.53425324,-0.00775170,0.00146489
4.54225324,-0.00976592,0.00726341
4.55025324,-0.01495407,-0.00256355
4.55825324,-0.01428266,-0.00054933
4.56625324,-0.01770074,-0.00329600
4.57425324,-0.01202429,-0.00140385
4.58225324,-0.01568651,0.00122074
4.59025324,-0.01165807,0.00201422
4.59825323,-0.01300089,-0.00054933
4.60625323,-0.01178014,-0.00280770
4.61425323,-0.01202429,0.00146489
4.62225323,-0.01452681,0.00201422
4.63025323,-0.00921659,0.00170904
4.63825323,-0.01629688,-0.00103763
4.64625323,-0.01757866,0.00189215
4.65425323,-0.00964385,0.00134281
4.66225323,-0.01342814,-0.00018311
4.67025323,-0.01367229,0.00189215
4.67825323,-0.01440474,0.00360118
4.68625323,-0.01013215,0.00012207
4.69425323,-0.01037629,-0.00329600
4.70225323,-0.01086459,-0.00292978
4.71025323,-0.00720237,-0.00457778
4.71825323,-0.01013215,0.00109867
4.72625323,-0.01086459,-0.00207526
4.73425323,-0.00952177,0.00097659
4.74225323,-0.00671407,0.00048830
4.75025323,-0.00708029,-0.00152593
4.75825323,-0.00762963,0.00640889
4.76625323,-0.00573748,0.00299081
4.77425323,-0.00848415,0.00097659
4.78225323,-0.01287881,0.00122074
4.79025323,-0.00848415,0.00000000
4.79825323,-0.00573748,0.00109867
4.80625323,-0.00292978,0.00061037
4.81425323,-0.00824000,-0.00231941
4.82225323,-0.00695822,0.00122074
4.83025323,-0.00494400,0.00170904
4.83825323,-0.00610370,0.00109867
4.84625323,-0.00152593,-0.00396741
4.85425323,-0.01025422,0.00109867
4.86225323,-0.00518815,0.00146489
4.87025323,-0.00659200,0.00335704
4.87825323,-0.00280770,0.00073244
4.88625323,-0.00885037,0.00189215
4.89425323,-0.00103763,-0.00695822
4.90225323,-0.00622578,0.00402844
4.91025323,-0.00268563,-0.00018311
4.91825323,-0.00128178,-0.00207526
4.92625323,-0.00457778,-0.00152593
4.93425323,0.00048830,-0.00341807
4.94225323,-0.00384533,-0.00445570
4.95025322,0.00085452,-0.00366222
4.95825322,0.00048830,0.00476089
4.96625322,-0.00042726,-0.00018311
4.97425322,0.00134281,0.00134281
4.98225322,0.00323496,0.00048830
4.99025322,0.00146489,-0.00091556
4.99825322,0.00250252,0.00262459
5.00625322,0.00048830,-0.00573748
5.01425322,-0.00164800,-0.00256355
5.02225322,0.00323496,-0.00573748
5.03025322,0.00146489,-0.00128178
5.03825322,0.00524918,0.00073244
5.04625322,-0.00042726,0.00378430
5.05425322,-0.00207526,0.00463881
5.06225322,0.00170904,0.00073244
5.07025322,0.00201422,0.00701926
5.07825322,-0.00042726,0.00134281
5.08625322,0.00000000,-0.00177007
5.09425322,0.00274667,-0.00207526
5.10225322,0.00213630,-0.00115970
5.11025322,0.00524918,0.00048830
5.11825322,-0.00067141,-0.00164800
5.12625322,-0.00054933,0.00360118
5.13425322,0.00073244,-0.00115970
5.14225322,0.00122074,0.00701926
5.15025322,0.00628681,0.00158696
5.15825322,-0.00140385,-0.00054933
5.16625322,0.00335704,0.00347911
5.17425322,0.00146489,-0.00329600
5.18225322,0.00476089,0.00323496
5.19025322,0.00756859,-0.00384533
5.19825322,0.00567644,0.00476089
5.20625322,0.00360118,-0.00610370
5.21425322,0.00628681,0.00427259
5.22225322,0.00311289,0.00048830
5.23025322,0.00335704,-0.00659200
5.23825322,0.00085452,0.00073244
5.24625322,0.00512711,0.00189215
5.25425322,0.00689718,0.00158696
5.26225322,0.00549333,0.00299081
5.27025322,0.00335704,0.00250252
5.27825322,0.00714133,-0.00317392
5.28625322,0.00524918,0.00146489
5.29425322,0.00549333,0.00378430
5.30225321,0.00726341,-0.00799585
5.31025321,0.00512711,0.00073244
5.31825321,0.00653096,0.00238044
5.32625321,0.00524918,0.00109867
5.33425321,0.00323496,0.00085452
5.34225321,0.00677511,0.00122074
5.35025321,0.01104770,0.00097659
5.35825321,0.00616474,0.00170904
5.36625321,0.01184118,-0.00054933
5.37425321,0.00866726,0.00073244
5.38225321,0.00628681,-0.00140385
5.39025321,0.00842311,-0.00366222
5.39825321,0.00805689,0.00402844
5.40625321,0.01092563,0.00170904
5.41425321,0.01007111,0.00628681
5.42225321,0.00689718,-0.00164800
5.43025321,0.00744652,0.00146489
5.43825321,0.00726341,-0.00231941
5.44625321,0.00915555,-0.00128178
5.45425321,0.00769066,0.00476089
5.46225321,0.00549333,-0.00268563
5.47025321,0.01104770,0.00000000
5.47825321,0.01232948,-0.00341807
5.48625321,0.01196326,-0.00067141
5.49425321,0.00628681,-0.00164800
5.50225321,0.00689718,-0.00152593
5.51025321,0.01513718,0.00134281
5.51825321,0.00689718,-0.00695822
5.52625321,0.00451674,0.00439467
5.53425321,0.00982696,-0.00164800
5.54225321,0.00689718,-0.00042726
5.55025321,0.00616474,0.00189215
5.55825321,0.00488296,-0.00091556
5.56625321,0.01220740,-0.00671407
5.57425321,0.00628681,0.00048830
5.58225321,0.00903348,-0.00329600
5.59025321,0.00982696,0.00036622
5.59825321,0.00714133,-0.00042726
5.60625321,0.00701926,-0.00207526
5.61425321,0.01409955,-0.00408948
5.62225321,0.00903348,0.00213630
5.63025321,0.01336711,0.00427259
5.63825321,0.00933866,-0.00231941
5.64625321,0.01293985,0.00323496
5.65425320,0.01422163,-0.00543229
5.66225320,0.00726341,-0.00018311
5.67025320,0.01965392,-0.00164800
5.67825320,0.00830103,0.00170904
5.68625320,0.01147496,0.00061037
5.69425320,0.01538133,-0.00054933
5.70225320,0.00946074,-0.00164800
5.71025320,0.01879940,0.00085452
5.71825320,0.01208533,-0.00091556
5.72625320,0.01281777,-0.00506607
5.73425320,0.01348918,-0.00140385
5.74225320,0.01470992,-0.00354015
5.75025320,0.01196326,-0.00103763
5.75825320,0.01080355,-0.00103763
5.76625320,0.01269570,-0.00030519
5.77425320,0.00994903,-0.00610370
5.78225320,0.01159703,-0.00396741
5.79025320,0.01147496,0.00134281
5.79825320,0.01739555,-0.00457778
5.80625320,0.01513718,-0.00140385
5.81425320,0.01739555,0.00250252
5.82225320,0.01867733,0.00085452
5.83025320,0.01324503,0.00109867
5.83825320,0.01434370,-0.00030519
5.84625320,0.00854518,-0.00195318
5.85425320,0.02069155,0.00451674
5.86225320,0.01385540,-0.00457778
5.87025320,0.01092563,0.00109867
5.87825320,0.01397748,-0.00054933
5.88625320,0.01043733,-0.00030519
5.89425320,0.01648000,-0.00079348
5.90225320,0.01678518,0.00189215
5.91025320,0.01635792,0.00567644
5.91825320,0.01635792,-0.00103763
5.92625320,0.01538133,0.00146489
5.93425320,0.01446577,0.00225837
5.94225320,0.01489303,-0.00103763
5.95025320,0.01574755,-0.00140385
5.95825320,0.01812799,0.00134281
5.96625320,0.01648000,0.00274667
5.97425320,0.01501511,0.00201422
5.98225320,0.02191229,-0.00079348
5.99025320,0.01562548,0.00109867
5.99825320,0.01574755,-0.00268563
6.00625319,0.01525925,-0.00030519
6.01425319,0.01867733,-0.00329600
6.02225319,0.01690725,0.00238044
6.03025319,0.01538133,-0.00195318
6.03825319,0.01348918,-0.00079348
6.04625319,0.01727348,0.00073244
6.05425319,0.01599170,0.00549333
6.06225319,0.01080355,0.00286874
6.07025319,0.01446577,-0.00671407
6.07825319,0.01324503,-0.00396741
6.08625319,0.01385540,0.00097659
6.09425319,0.01916562,-0.00054933
6.10225319,0.01397748,0.00000000
6.11025319,0.00958281,0.00061037
6.11825319,0.01159703,0.00012207
6.12625319,0.01208533,0.00134281
6.13425319,0.01501511,-0.00280770
6.14225319,0.01965392,0.00158696
6.15025319,0.01702933,0.00189215
6.15825319,0.01336711,-0.00366222
6.16625319,0.01458785,0.00402844
6.17425319,0.01825007,-0.00103763
6.18225319,0.01184118,-0.00054933
6.19025319,0.01538133,0.00189215
6.19825319,0.02026429,-0.00531022
6.20625319,0.01324503,0.00012207
6.21425319,0.01837214,0.00262459
6.22225319,0.01220740,0.00427259
6.23025319,0.01257363,0.00170904
6.23825319,0.01257363,0.00225837
6.24625319,0.01269570,-0.00280770
6.25425319,0.01562548,0.00451674
6.26225319,0.01422163,-0.00030519
6.27025319,0.00946074,0.00335704
6.27825319,0.01599170,-0.00280770
6.28625319,0.01586962,0.00170904
6.29425319,0.01574755,-0.00408948
6.30225319,0.01324503,-0.00555437
6.31025319,0.01055940,0.00213630
6.31825319,0.01635792,0.00085452
6.32625319,0.02069155,0.00000000
6.33425319,0.01892148,0.00238044
6.34225319,0.01080355,0.00299081
6.35025319,0.00793481,0.00134281
6.35825319,0.01525925,0.00360118
6.36625318,0.01788385,0.00274667
6.37425318,0.01892148,-0.00042726
6.38225318,0.01751762,0.00360118
6.39025318,0.01501511,-0.00128178
6.39825318,0.01147496,-0.00128178
6.40625318,0.01690725,0.00476089
6.41425318,0.00866726,-0.00433363
6.42225318,0.01715140,0.00146489
6.43025318,0.01135289,-0.00207526
6.43825318,0.01434370,-0.00329600
6.44625318,0.01635792,-0.00115970
6.45425318,0.01812799,0.00109867
6.46225318,0.01715140,-0.00244148
6.47025318,0.01513718,0.00036622
6.47825318,0.01678518,-0.00219733
6.48625318,0.01513718,0.00036622
6.49425318,0.02026429,0.00134281
6.50225318,0.02142399,0.00036622
6.51025318,0.01135289,-0.00042726
6.51825318,0.01648000,-0.00091556
6.52625318,0.01648000,0.00323496
6.53425318,0.01715140,0.00085452
6.54225318,0.01409955,-0.00329600
6.55025318,0.01281777,-0.00268563
6.55825318,0.02056948,-0.00079348
6.56625318,0.01727348,-0.00054933
6.57425318,0.01562548,-0.00140385
6.58225318,0.02471999,0.00238044
6.59025318,0.01446577,0.00073244
6.59825318,0.02093570,-0.00421155
6.60625318,0.02270577,0.00000000
6.61425318,0.01525925,0.00299081
6.62225318,0.01538133,-0.00128178
6.63025318,0.01611377,-0.00433363
6.63825318,0.01867733,0.00262459
6.64625318,0.01690725,-0.00103763
6.65425318,0.01648000,0.00213630
6.66225318,0.01702933,0.00238044
6.67025318,0.01867733,-0.00115970
6.67825318,0.01739555,-0.00164800
6.68625318,0.01739555,0.00024415
6.69425318,0.01940977,-0.00207526
6.70225318,0.01623585,0.00616474
6.71025318,0.01953185,0.00048830
6.71825317,0.01446577,0.00024415
6.72625317,0.01715140,-0.00457778
6.73425317,0.02093570,0.00213630
6.74225317,0.01501511,0.00170904
6.75025317,0.01635792,-0.00152593
6.75825317,0.01751762,0.00085452
6.76625317,0.02014222,-0.00207526
6.77425317,0.01727348,0.00134281
6.78225317,0.01702933,-0.00445570
6.79025317,0.01458785,-0.00042726
6.79825317,0.01599170,-0.00341807
6.80625317,0.01562548,-0.00152593
6.81425317,0.01324503,-0.00207526
6.82225317,0.02117985,0.00225837
6.83025317,0.01892148,0.00146489
6.83825317,0.02246162,0.00299081
6.84625317,0.02282785,-0.00457778
6.85425317,0.02081362,-0.00720237
6.86225317,0.01635792,0.00109867
6.87025317,0.01837214,-0.00042726
6.87825317,0.01965392,0.00036622
6.88625317,0.01727348,0.00024415
6.89425317,0.02038636,-0.00195318
6.90225317,0.02142399,-0.00244148
6.91025317,0.02166814,0.00537126
6.91825317,0.02105777,-0.00219733
6.92625317,0.01904355,0.00250252
6.93425317,0.01879940,-0.00042726
6.94225317,0.01574755,0.00402844
6.95025317,0.02246162,-0.00067141
6.95825317,0.02002014,-0.00518815
6.96625317,0.01751762,0.00097659
6.97425317,0.02569658,0.00036622
6.98225317,0.02435377,0.00311289
6.99025317,0.02038636,0.00238044
6.99825317,0.02270577,-0.00518815
7.00625317,0.02343822,-0.00103763
7.01425317,0.02026429,-0.00152593
7.02225317,0.02270577,-0.00195318
7.03025317,0.02179022,0.00024415
7.03825317,0.01989807,-0.00396741
7.04625317,0.02130192,0.00109867
7.05425317,0.02093570,0.00012207
7.06225317,0.01660207,-0.00195318
7.07025316,0.02203436,-0.00152593
7.07825316,0.01879940,0.00335704
7.08625316,0.02002014,-0.00317392
7.09425316,0.02258370,-0.00366222
7.10225316,0.01892148,-0.00317392
7.11025316,0.02392651,-0.00207526
7.11825316,0.01928770,-0.00292978
7.12625316,0.02423170,-0.00152593
7.13425316,0.02496414,0.00036622
7.14225316,0.01837214,0.00061037
7.15025316,0.02038636,0.00048830
7.15825316,0.02270577,-0.00634785
7.16625316,0.01977599,-0.00164800
7.17425316,0.02404859,-0.00207526
7.18225316,0.02026429,0.00158696
7.19025316,0.02282785,0.00122074
7.19825316,0.02179022,-0.00531022
7.20625316,0.01989807,0.00036622
7.21425316,0.01977599,-0.00354015
7.22225316,0.02343822,-0.00054933
7.23025316,0.02154607,-0.00091556
7.23825316,0.01837214,-0.00091556
7.24625316,0.01904355,-0.00494400
7.25425316,0.01904355,0.00000000
7.26225316,0.02215644,-0.00177007
7.27025316,0.01940977,-0.00067141
7.27825316,0.01989807,0.00146489
7.28625316,0.01739555,-0.00103763
7.29425316,0.02026429,0.00524918
7.30225316,0.02343822,-0.00531022
7.31025316,0.02496414,-0.00140385
7.31825316,0.02392651,-0.00207526
7.32625316,0.02447584,0.00134281
7.33425316,0.01599170,0.00335704
7.34225316,0.01940977,0.00158696
7.35025316,0.02093570,-0.00292978
7.35825316,0.01879940,-0.00140385
7.36625316,0.01940977,0.00299081
7.37425316,0.01953185,0.00286874
7.38225316,0.01953185,-0.00079348
7.39025316,0.02130192,0.00048830
7.39825316,0.01867733,0.00360118
7.40625316,0.01825007,0.00073244
7.41425316,0.01763970,0.00146489
7.42225315,0.01837214,0.00677511
7.43025315,0.01812799,-0.00140385
7.43825315,0.01525925,0.00378430
7.44625315,0.01989807,0.00360118
7.45425315,0.01977599,0.00048830
7.46225315,0.01965392,0.00048830
7.47025315,0.01825007,-0.00067141
7.47825315,0.01916562,-0.00164800
7.48625315,0.02270577,0.00274667
7.49425315,0.02215644,-0.00103763
7.50225315,0.02154607,0.00189215
7.51025315,0.01562548,0.00726341
7.51825315,0.02649007,-0.00433363
7.52625315,0.02258370,-0.00244148
7.53425315,0.02215644,-0.00207526
7.54225315,0.02520829,0.00000000
7.55025315,0.01751762,0.00701926
7.55825315,0.02380444,-0.00177007
7.56625315,0.02154607,-0.00128178
7.57425315,0.01812799,0.00689718
7.58225315,0.01623585,-0.00054933
7.59025315,0.02746666,0.00238044
7.59825315,0.02557451,-0.00555437
7.60625315,0.02014222,-0.00207526
7.61425315,0.02356029,-0.00054933
7.62225315,0.02215644,-0.00280770
7.63025315,0.02758873,-0.00354015
7.63825315,0.02026429,-0.00219733
7.64625315,0.02002014,-0.00195318
7.65425315,0.02166814,0.00134281
7.66225315,0.02734458,-0.00457778
7.67025315,0.02581866,-0.00354015
7.67825315,0.02166814,0.00616474
7.68625315,0.01953185,-0.00079348
7.69425315,0.02710044,-0.00256355
7.70225315,0.02496414,-0.00268563
7.71025315,0.02380444,-0.00091556
7.71825315,0.02404859,0.00158696
7.72625315,0.02545244,-0.00256355
7.73425315,0.02380444,-0.00042726
7.74225315,0.02380444,-0.00067141
7.75025315,0.02746666,-0.00115970
7.75825315,0.02594073,0.00134281
7.76625315,0.02404859,0.00024415
7.77425314,0.02533036,-0.00366222
7.78225314,0.02533036,0.00189215
7.79025314,0.02636799,0.00024415
7.79825314,0.02783288,0.00097659
7.80625314,0.02435377,0.00134281
7.81425314,0.02203436,-0.00103763
7.82225314,0.02142399,0.00335704
7.83025314,0.02685629,0.00097659
7.83825314,0.02826014,0.00225837
7.84625314,0.02557451,0.00335704
7.85425314,0.02215644,0.00146489
7.86225314,0.02270577,0.00262459
7.87025314,0.02783288,-0.00256355
7.87825314,0.02722251,0.00073244
7.88625314,0.02392651,0.00036622
7.89425314,0.02746666,0.00451674
7.90225314,0.02862636,-0.00207526
7.91025314,0.02270577,-0.00177007
7.91825314,0.02826014,0.00122074
7.92625314,0.02557451,0.00238044
7.93425314,0.02533036,0.00000000
7.94225314,0.02801599,-0.00292978
7.95025314,0.02661214,-0.00494400
7.95825314,0.02685629,0.00158696
7.96625314,0.02649007,0.00048830
7.97425314,0.02783288,0.00158696
7.98225314,0.02722251,-0.00164800
7.99025314,0.02722251,0.00109867
7.99825314,0.02392651,0.00756859
8.00625314,0.02862636,-0.00384533
8.01425314,0.02368236,0.00048830
8.02225314,0.02697836,-0.00622578
8.03025314,0.02484207,0.00335704
8.03825314,0.02545244,0.00488296
8.04625314,0.02203436,-0.00445570
8.05425314,0.02130192,-0.00408948
8.06225314,0.02948088,0.00000000
8.07025314,0.02862636,0.00097659
8.07825314,0.02826014,0.00274667
8.08625314,0.02624592,0.00225837
8.09425314,0.02569658,0.00097659
8.10225314,0.02813807,0.00238044
8.11025314,0.02722251,0.00048830
8.11825314,0.02649007,-0.00091556
8.12625314,0.02435377,0.00262459
8.13425313,0.03027436,0.00201422
8.14225313,0.02948088,0.00073244
8.15025313,0.02722251,0.00048830
8.15825313,0.03302103,-0.00219733
8.16625313,0.02545244,0.00225837
8.17425313,0.02911466,-0.00280770
8.18225313,0.02722251,0.00335704
8.19025313,0.02960295,-0.00177007
8.19825313,0.02581866,0.00000000
8.20625313,0.02838221,-0.00067141
8.21425313,0.02948088,0.00347911
8.22225313,0.02343822,0.00109867
8.23025313,0.02862636,-0.00067141
8.23825313,0.02612384,-0.00469985
8.24625313,0.02746666,0.00347911
8.25425313,0.02850429,-0.00128178
8.26225313,0.02661214,-0.00280770
8.27025313,0.02783288,0.00451674
8.27825313,0.02435377,0.00134281
8.28625313,0.03064058,0.00036622
8.29425313,0.03149510,-0.00457778
8.30225313,0.02990814,0.00146489
8.31025313,0.02423170,0.00000000
8.31825313,0.02533036,0.00012207
8.32625313,0.02331614,0.00250252
8.33425313,0.02746666,0.00036622
8.34225313,0.02850429,0.00061037
8.35025313,0.03027436,-0.00341807
8.35825313,0.02368236,-0.00195318
8.36625313,0.02874844,0.00000000
8.37425313,0.02923673,0.00048830
8.38225313,0.02734458,0.00134281
8.39025313,0.02960295,0.00579852
8.39825313,0.02673421,0.00213630
8.40625313,0.02783288,-0.00671407
8.41425313,0.03204443,-0.00115970
8.42225313,0.02447584,-0.00341807
8.43025313,0.02673421,0.00109867
8.43825313,0.03265481,0.00073244
8.44625313,0.02685629,-0.00042726
8.45425313,0.02435377,-0.00042726
8.46225313,0.02246162,-0.00280770
8.47025313,0.02343822,0.00048830
8.47825313,0.02862636,0.00390637
8.48625312,0.03064058,-0.00054933
8.49425312,0.02862636,0.00213630
8.50225312,0.02545244,0.00213630
8.51025312,0.03051851,0.00262459
8.51825312,0.02862636,0.00061037
8.52625312,0.03076266,-0.00030519
8.53425312,0.02862636,-0.00396741
8.54225312,0.02960295,0.00213630
8.55025312,0.03314310,-0.00103763
8.55825312,0.02258370,-0.00091556
8.56625312,0.02569658,-0.00732444
8.57425312,0.03100681,-0.00396741
8.58225312,0.02392651,0.00549333
8.59025312,0.03015229,0.00347911
8.59825312,0.02850429,-0.00622578
8.60625312,0.02801599,-0.00067141
8.61425312,0.02270577,-0.00408948
8.62225312,0.02649007,0.00085452
8.63025312,0.02496414,-0.00244148
8.63825312,0.02874844,-0.00128178
8.64625312,0.02368236,0.00726341
8.65425312,0.02978607,0.00378430
8.66225312,0.02771081,-0.00732444
8.67025312,0.02990814,0.00402844
8.67825312,0.02801599,0.00024415
8.68625312,0.02771081,0.00189215
8.69425312,0.02508621,-0.00091556
8.70225312,0.02862636,-0.00195318
8.71025312,0.02661214,-0.00067141
8.71825312,0.02734458,-0.00177007
8.72625312,0.02746666,-0.00152593
8.73425312,0.02636799,0.00012207
8.74225312,0.02594073,-0.00042726
8.75025312,0.02722251,-0.00482192
8.75825312,0.02404859,0.00415052
8.76625312,0.02673421,-0.00067141
8.77425312,0.02923673,-0.00042726
8.78225312,0.02948088,-0.00018311
8.79025312,0.03027436,-0.00555437
8.79825312,0.02685629,0.00073244
8.80625312,0.01928770,-0.00384533
8.81425312,0.02661214,-0.00018311
8.82225312,0.02520829,-0.00140385
8.83025312,0.02935881,0.00048830
8.83825311,0.02533036,-0.00396741
8.84625311,0.03051851,0.00402844
8.85425311,0.02404859,0.00793481
8.86225311,0.02130192,0.00225837
8.87025311,0.02661214,0.00122074
8.87825311,0.02331614,0.00012207
8.88625311,0.02771081,0.00262459
8.89425311,0.02862636,-0.00079348
8.90225311,0.03015229,-0.00152593
8.91025311,0.02826014,0.00567644
8.91825311,0.03051851,0.00109867
8.92625311,0.02569658,-0.00329600
8.93425311,0.03192236,0.00085452
8.94225311,0.02673421,-0.00836207
8.95025311,0.02368236,-0.00207526
8.95825311,0.02594073,-0.00128178
8.96625311,0.03253273,-0.00573748
8.97425311,0.02661214,0.00415052
8.98225311,0.02801599,-0.00341807
8.99025311,0.02594073,0.00488296
8.99825311,0.02392651,0.00061037
9.00625311,0.02636799,0.00360118
9.01425311,0.02862636,0.00122074
9.02225311,0.02331614,0.00213630
9.03025311,0.02624592,0.00024415
9.03825311,0.02911466,0.00427259
9.04625311,0.02471999,0.00048830
9.05425311,0.02722251,-0.00042726
9.06225311,0.03027436,-0.00042726
9.07025311,0.02899258,0.00073244
9.07825311,0.03064058,0.00000000
9.08625311,0.03051851,-0.00054933
9.09425311,0.03216651,0.00347911
9.10225311,0.02899258,-0.00408948
9.11025311,0.02368236,0.00000000
9.11825311,0.02191229,0.00274667
9.12625311,0.02923673,0.00360118
9.13425311,0.02673421,0.00170904
9.14225311,0.02404859,0.00122074
9.15025311,0.02722251,-0.00292978
9.15825311,0.02612384,0.00360118
9.16625311,0.03192236,-0.00598163
9.17425311,0.02673421,0.00048830
9.18225311,0.03265481,-0.00231941
9.19025310,0.03369243,0.00335704
9.19825310,0.02636799,-0.00244148
9.20625310,0.02673421,0.00286874
9.21425310,0.02459792,0.00000000
9.22225310,0.02569658,0.00000000
9.23025310,0.02801599,0.00378430
9.23825310,0.02368236,0.00170904
9.24625310,0.02368236,0.00109867
9.25425310,0.03180028,-0.00506607
9.26225310,0.02569658,-0.00457778
9.27025310,0.03003021,0.00012207
9.27825310,0.02697836,-0.00177007
9.28625310,0.02746666,0.00238044
9.29425310,0.02838221,0.00299081
9.30225310,0.02850429,0.00000000
9.31025310,0.03076266,0.00061037
9.31825310,0.03631703,0.00085452
9.32625310,0.02771081,0.00097659
9.33425310,0.02569658,-0.00695822
9.34225310,0.02685629,-0.00292978
9.35025310,0.02826014,-0.00115970
9.35825310,0.02801599,0.00476089
9.36625310,0.02447584,0.00158696
9.37425310,0.02685629,0.00146489
9.38225310,0.02685629,-0.00054933
9.39025310,0.02270577,-0.00054933
9.39825310,0.02734458,0.00335704
9.40625310,0.02771081,0.00274667
9.41425310,0.02862636,0.00134281
9.42225310,0.02636799,0.00122074
9.43025310,0.02282785,0.00225837
9.43825310,0.02771081,-0.00054933
9.44625310,0.02154607,-0.00128178
9.45425310,0.02319407,0.00012207
9.46225310,0.02258370,0.00250252
9.47025310,0.02569658,0.00189215
9.47825310,0.02392651,0.00390637
9.48625310,0.02960295,0.00378430
9.49425310,0.02471999,0.00347911
9.50225310,0.02557451,-0.00103763
9.51025310,0.02533036,0.00061037
9.51825310,0.02771081,0.00500504
9.52625310,0.02978607,0.00073244
9.53425310,0.03228858,0.00390637
9.54225309,0.02581866,0.00085452
9.55025309,0.02294992,0.00238044
9.55825309,0.02331614,0.00146489
9.56625309,0.02282785,0.00097659
9.57425309,0.02307199,0.00036622
9.58225309,0.02545244,-0.00408948
9.59025309,0.03051851,-0.00457778
9.59825309,0.02520829,-0.00164800
9.60625309,0.02166814,-0.00445570
9.61425309,0.02404859,0.00378430
9.62225309,0.02850429,-0.00268563
9.63025309,0.02557451,0.00073244
9.63825309,0.02270577,-0.00384533
9.64625309,0.02533036,-0.00543229
9.65425309,0.02948088,0.00213630
9.66225309,0.02368236,0.00085452
9.67025309,0.02496414,0.00122074
9.67825309,0.02282785,-0.00195318
9.68625309,0.02685629,-0.00091556
9.69425309,0.02508621,-0.00256355
9.70225309,0.02685629,0.00134281
9.71025309,0.02471999,-0.00067141
9.71825309,0.02368236,0.00512711
9.72625309,0.02734458,0.00201422
9.73425309,0.02899258,-0.00018311
9.74225309,0.02722251,0.00122074
9.75025309,0.02710044,0.00158696
9.75825309,0.02594073,-0.00140385
9.76625309,0.02307199,0.00048830
9.77425309,0.02496414,-0.00177007
9.78225309,0.02533036,-0.00177007
9.79025309,0.02307199,-0.00018311
9.79825309,0.02246162,0.00158696
9.80625309,0.02258370,-0.00207526
9.81425309,0.02758873,-0.00091556
9.82225309,0.02368236,0.00048830
9.83025309,0.02838221,0.00085452
9.83825309,0.02545244,0.00250252
9.84625309,0.01812799,0.00262459
9.85425309,0.02533036,-0.00140385
9.86225309,0.01825007,0.00274667
9.87025309,0.02484207,0.00024415
9.87825309,0.02624592,-0.00207526
9.88625309,0.02710044,0.00024415
9.89425309,0.02569658,-0.00128178
9.90225308,0.02307199,0.00158696
9.91025308,0.02801599,0.00286874
9.91825308,0.02179022,-0.00054933
9.92625308,0.02508621,-0.00573748
9.93425308,0.02154607,0.00061037
9.94225308,0.02960295,-0.00244148
9.95025308,0.02948088,0.00476089
9.95825308,0.01928770,0.00097659
9.96625308,0.02215644,0.00085452
9.97425308,0.02545244,-0.00244148
9.98225308,0.02569658,0.00201422
9.99025308,0.02722251,0.00250252
9.99825308,0.02319407,-0.00366222
10.00625308,0.02166814,0.00097659
10.01425308,0.02990814,-0.00244148
10.02225308,0.02069155,-0.01214637
10.03025308,0.01727348,-0.00933866
10.03825308,0.02520829,-0.02337718
10.04625308,0.02215644,-0.03045747
10.05425308,0.02447584,-0.04004028
10.06225308,0.02270577,-0.04913480
10.07025308,0.02636799,-0.06360057
10.07825308,0.02557451,-0.08239998
10.08625308,0.02154607,-0.09564501
10.09425308,0.02459792,-0.11676382
10.10225308,0.02771081,-0.12695700
10.11025308,0.02215644,-0.14893033
10.11825308,0.02203436,-0.16113773
10.12625308,0.02368236,-0.18030335
10.13425308,0.02435377,-0.20178838
10.14225308,0.02459792,-0.20392469
10.15025308,0.02557451,-0.22235785
10.15825308,0.02734458,-0.22840053
10.16625308,0.02380444,-0.23065889
10.17425308,0.02319407,-0.22901089
10.18225308,0.02649007,-0.22534868
10.19025308,0.01989807,-0.20532852
10.19825308,0.02026429,-0.17896053
10.20625308,0.02508621,-0.14667195
10.21425308,0.02246162,-0.10650960
10.22225308,0.02459792,-0.05767998
10.23025308,0.01928770,-0.00787378
10.23825308,0.02496414,0.04589984
10.24625308,0.02319407,0.10431226
10.25425307,0.02331614,0.16412854
10.26225307,0.02166814,0.22162542
10.27025307,0.01751762,0.28022096
10.27825307,0.02069155,0.33960998
10.28625307,0.02533036,0.39149144
10.29425307,0.02002014,0.43916136
10.30225307,0.02380444,0.48835719
10.31025307,0.02380444,0.51680046
10.31825307,0.01892148,0.54707479
10.32625307,0.02533036,0.56154060
10.33425307,0.01812799,0.56331062
10.34225307,0.02203436,0.55098116
10.35025307,0.02203436,0.52735984
10.35825307,0.02093570,0.48347422
10.36625307,0.02661214,0.42579424
10.37425307,0.01928770,0.36652729
10.38225307,0.02282785,0.29157385
10.39025307,0.02002014,0.20990631
10.39825307,0.02581866,0.12561418
10.40625307,0.02423170,0.04626606
10.41425307,0.01892148,-0.04986724
10.42225307,0.02447584,-0.12823878
10.43025307,0.02179022,-0.21387371
10.43825307,0.02258370,-0.28931546
10.44625307,0.02166814,-0.36280406
10.45425307,0.01751762,-0.42133853
10.46225307,0.01678518,-0.47090060
10.47025307,0.01916562,-0.51155126
10.47825307,0.02081362,-0.53993344
10.48625307,0.01849422,-0.55012667
10.49425307,0.02624592,-0.54371774
10.50225307,0.02581866,-0.52339244
10.51025307,0.02270577,-0.48542741
10.51825307,0.01940977,-0.44251838
10.52625307,0.02392651,-0.38270211
10.53425307,0.02069155,-0.31305888
10.54225307,0.02154607,-0.25074008
10.55025307,0.02233955,-0.17236854
10.55825307,0.01904355,-0.10187078
10.56625307,0.01879940,-0.03534044
10.57425307,0.01660207,0.04351939
10.58225307,0.01312296,0.10419019
10.59025307,0.01776177,0.16803491
10.59825307,0.01422163,0.21674246
10.60625306,0.01788385,0.26099429
10.61425306,0.01849422,0.29560229
10.62225306,0.02056948,0.31806391
10.63025306,0.01550340,0.32862329
10.63825306,0.01245155,0.33271280
10.64625306,0.02233955,0.31513414
10.65425306,0.01611377,0.30378124
10.66225306,0.01763970,0.26630452
10.67025306,0.02233955,0.23694570
10.67825306,0.02014222,0.19177832
10.68625306,0.02056948,0.15063936
10.69425306,0.01611377,0.10986663
10.70225306,0.01446577,0.06378368
10.71025306,0.02038636,0.02130192
10.71825306,0.01702933,-0.01580859
10.72625306,0.01727348,-0.05023347
10.73425306,0.01916562,-0.07824945
10.74225306,0.01678518,-0.10248116
10.75025306,0.02056948,-0.11535996
10.75825306,0.01940977,-0.12176885
10.76625306,0.01702933,-0.12305063
10.77425306,0.01257363,-0.11835078
10.78225306,0.01690725,-0.09869686
10.79025306,0.01611377,-0.08307138
10.79825306,0.02471999,-0.06146428
10.80625306,0.01648000,-0.03381451
10.81425306,0.02142399,-0.00042726
10.82225306,0.02392651,0.02972503
10.83025306,0.01702933,0.05713065
10.83825306,0.01940977,0.08209479
10.84625306,0.02246162,0.11011078
10.85425306,0.01489303,0.13171789
10.86225306,0.01446577,0.15240943
10.87025306,0.01739555,0.17108676
10.87825306,0.02191229,0.17297891
10.88625306,0.02026429,0.17688528
10.89425306,0.01751762,0.17230751
10.90225306,0.01989807,0.17487106
10.91025306,0.01690725,0.15704826
10.91825306,0.01837214,0.13861507
10.92625306,0.01763970,0.11450545
10.93425306,0.02215644,0.09033479
10.94225306,0.01904355,0.06353953
10.95025306,0.01635792,0.03314310
10.95825305,0.01660207,0.00689718
10.96625305,0.01623585,-0.02563555
10.97425305,0.01550340,-0.05175939
10.98225305,0.01776177,-0.07635731
10.99025305,0.01977599,-0.10650960
10.99825305,0.01989807,-0.11584826
11.00625305,0.01825007,-0.13733329
11.01425305,0.01678518,-0.14789270
11.02225305,0.02081362,-0.16705832
11.03025305,0.01385540,-0.17377239
11.03825305,0.01715140,-0.18060854
11.04625305,0.01373333,-0.17578661
11.05425305,0.01324503,-0.17175817
11.06225305,0.01953185,-0.16632588
11.07025305,0.02203436,-0.15802485
11.07825305,0.01092563,-0.14636678
11.08625305,0.01599170,-0.13733329
11.09425305,0.01812799,-0.12091433
11.10225305,0.01348918,-0.10071108
11.11025305,0.01715140,-0.08368175
11.11825305,0.02166814,-0.06714072
11.12625305,0.01751762,-0.05670339
11.13425305,0.02081362,-0.03735466
11.14225305,0.02508621,-0.02087466
11.15025305,0.01324503,-0.00366222
11.15825305,0.01281777,0.00592059
11.16625305,0.01849422,0.01965392
11.17425305,0.02246162,0.03540147
11.18225305,0.01648000,0.04437391
11.19025305,0.01599170,0.05676443
11.19825305,0.01867733,0.05987731
11.20625305,0.02191229,0.06646931
11.21425305,0.01373333,0.07202368
11.22225305,0.01800592,0.08069094
11.23025305,0.01312296,0.08221687
11.23825305,0.01336711,0.08752708
11.24625305,0.01422163,0.09094515
11.25425305,0.01312296,0.08844264
11.26225305,0.01623585,0.08655049
11.27025305,0.01702933,0.08069094
11.27825305,0.00933866,0.07867672
11.28625305,0.01470992,0.07733390
11.29425305,0.01245155,0.07025361
11.30225305,0.01812799,0.06976531
11.31025304,0.01184118,0.06341746
11.31825304,0.01458785,0.05206458
11.32625304,0.01550340,0.05157628
11.33425304,0.01678518,0.04046755
11.34225304,0.01397748,0.03656118
11.35025304,0.01788385,0.03051851
11.35825304,0.01373333,0.02649007
11.36625304,0.01660207,0.02319407
11.37425304,0.01763970,0.01269570
11.38225304,0.01385540,0.00915555
11.39025304,0.01648000,0.00238044
11.39825304,0.01458785,0.00537126
11.40625304,0.01879940,-0.00244148
11.41425304,0.01245155,-0.00744652
11.42225304,0.01470992,-0.00622578
11.43025304,0.01361126,-0.01428266
11.43825304,0.01092563,-0.01886044
11.44625304,0.01953185,-0.01843318
11.45425304,0.01550340,-0.02801599
11.46225304,0.01324503,-0.02691733
11.47025304,0.01690725,-0.03082369
11.47825304,0.01269570,-0.03448591
11.48625304,0.01135289,-0.03979614
11.49425304,0.01763970,-0.04724265
11.50225304,0.01525925,-0.06250191
11.51025304,0.01635792,-0.06085391
11.51825304,0.01574755,-0.06817835
11.52625304,0.01373333,-0.06476028
11.53425304,0.00933866,-0.07849361
11.54225304,0.00817896,-0.08874783
11.55025304,0.00891140,-0.09442427
11.55825304,0.01501511,-0.10095523
11.56625304,0.01373333,-0.10461745
11.57425304,0.01092563,-0.10486160
11.58225304,0.01751762,-0.10876797
11.59025304,0.01715140,-0.10889004
11.59825304,0.01538133,-0.11157567
11.60625304,0.01501511,-0.10364085
11.61425304,0.01470992,-0.09820856
11.62225304,0.00915555,-0.08709983
11.63025304,0.01562548,-0.08520768
11.63825304,0.01489303,-0.07068087
11.64625304,0.01147496,-0.05352946
11.65425304,0.01147496,-0.04126102
11.66225304,0.01068148,-0.02398755
11.67025303,0.01068148,-0.00909452
11.67825303,0.00677511,0.00817896
11.68625303,0.01361126,0.02307199
11.69425303,0.01269570,0.04376354
11.70225303,0.01562548,0.05676443
11.71025303,0.01232948,0.07123020
11.71825303,0.00946074,0.07214576
11.72625303,0.01690725,0.08667257
11.73425303,0.01501511,0.09271523
11.74225303,0.01293985,0.09155553
11.75025303,0.01385540,0.10504471
11.75825303,0.00970489,0.09674367
11.76625303,0.00756859,0.09497360
11.77425303,0.00994903,0.08844264
11.78225303,0.01196326,0.08185064
11.79025303,0.01019318,0.06823939
11.79825303,0.01562548,0.05066073
11.80625303,0.00903348,0.04248177
11.81425303,0.01019318,0.02569658
11.82225303,0.01245155,0.00946074
11.83025303,0.01092563,-0.00634785
11.83825303,0.01220740,-0.01464888
11.84625303,0.00744652,-0.03082369
11.85425303,0.01068148,-0.04504532
11.86225303,0.01019318,-0.05328532
11.87025303,0.01135289,-0.06500442
11.87825303,0.01068148,-0.07800531
11.88625303,0.00592059,-0.07989746
11.89425303,0.00402844,-0.08404797
11.90225303,0.01269570,-0.08203375
11.91025303,0.01068148,-0.07885983
11.91825303,0.00933866,-0.07495346
11.92625303,0.01312296,-0.08453627
11.93425303,0.00653096,-0.07092501
11.94225303,0.01293985,-0.06463820
11.95025303,0.01104770,-0.06036561
11.95825303,0.00781274,-0.05035554
11.96625303,0.00817896,-0.04394665
11.97425303,0.01550340,-0.03424177
11.98225303,0.01281777,-0.03094577
11.99025303,0.00878933,-0.02575762
11.99825303,0.01336711,-0.02087466
12.00625303,0.01293985,-0.01580859
12.01425303,0.00933866,-0.01202429
12.02225302,0.01055940,-0.01580859
12.03025302,0.01031526,-0.00988800
12.03825302,0.00970489,-0.01477096
12.04625302,0.00640889,-0.01153600
12.05425302,0.01019318,-0.00860622
12.06225302,0.01458785,-0.01617481
12.07025302,0.00726341,-0.01886044
12.07825302,0.01123081,-0.02124088
12.08625302,0.01232948,-0.02728355
12.09425302,0.00726341,-0.03534044
12.10225302,0.00726341,-0.03399762
12.11025302,0.00805689,-0.03588977
12.11825302,0.00866726,-0.03662221
12.12625302,0.01147496,-0.03723258
12.13425302,0.00903348,-0.03509629
12.14225302,0.00946074,-0.03411970
12.15025302,0.01220740,-0.03497421
12.15825302,0.01245155,-0.03625599
12.16625302,0.00677511,-0.03863643
12.17425302,0.01007111,-0.03283792
12.18225302,0.00946074,-0.02978607
12.19025302,0.00958281,-0.02832118
12.19825302,0.00817896,-0.01757866
12.20625302,0.00616474,-0.01403851
12.21425302,0.00866726,-0.01153600
12.22225302,0.01562548,-0.00988800
12.23025302,0.01159703,-0.00531022
12.23825302,0.01104770,0.00476089
12.24625302,0.01385540,0.00238044
12.25425302,0.01123081,0.01068148
12.26225302,0.01123081,0.01171911
12.27025302,0.00701926,0.01092563
12.27825302,0.01257363,0.01116977
12.28625302,0.00756859,0.01324503
12.29425302,0.01446577,0.01727348
12.30225302,0.00854518,0.01702933
12.31025302,0.01135289,0.01245155
12.31825302,0.01080355,0.01623585
12.32625302,0.00866726,0.01196326
12.33425302,0.00628681,0.00970489
12.34225302,0.01281777,0.00970489
12.35025302,0.00781274,0.00201422
12.35825302,0.00616474,0.00415052
12.36625302,0.00335704,-0.00634785
12.37425301,0.01159703,-0.01062044
12.38225301,0.01281777,-0.01202429
12.39025301,0.01574755,-0.01440474
12.39825301,0.01245155,-0.01770074
12.40625301,0.00970489,-0.01867733
12.41425301,0.01092563,-0.02600177
12.42225301,0.01336711,-0.02490310
12.43025301,0.01245155,-0.03497421
12.43825301,0.01208533,-0.03411970
12.44625301,0.00781274,-0.03723258
12.45425301,0.01019318,-0.03723258
12.46225301,0.00830103,-0.04065065
12.47025301,0.00488296,-0.03851436
12.47825301,0.00665304,-0.04370251
12.48625301,0.01092563,-0.04315317
12.49425301,0.00933866,-0.04535051
12.50225301,0.01501511,-0.04504532
12.51025301,0.00604266,-0.03888058
12.51825301,0.00854518,-0.04492325
12.52625301,0.00982696,-0.03192236
12.53425301,0.00640889,-0.04040651
12.54225301,0.00476089,-0.02990814
12.55025301,0.01269570,-0.02703940
12.55825301,0.01232948,-0.02893155
12.56625301,0.01867733,-0.01532029
12.57425301,0.00933866,-0.01178014
12.58225301,0.00616474,-0.01477096
12.59025301,0.00134281,-0.00824000
12.59825301,0.00549333,-0.00219733
12.60625301,0.00769066,0.00537126
12.61425301,0.01184118,0.00347911
12.62225301,0.00946074,0.01306192
12.63025301,0.01092563,0.01684622
12.63825301,0.00640889,0.02093570
12.64625301,0.01007111,0.02557451
12.65425301,0.00756859,0.02862636
12.66225301,0.00201422,0.03930784
12.67025301,0.00793481,0.02722251
12.67825301,0.00970489,0.03704947
12.68625301,0.00286874,0.03833125
12.69425301,0.00335704,0.04486221
12.70225301,0.00628681,0.04425184
12.71025301,0.00854518,0.04223762
12.71825301,0.01007111,0.04376354
12.72625300,0.01232948,0.04626606
12.73425300,0.00915555,0.04400769
12.74225300,0.00769066,0.04718161
12.75025300,0.00830103,0.04895169
12.75825300,0.00714133,0.04943999
12.76625300,0.00915555,0.04034547
12.77425300,0.00390637,0.04083376
12.78225300,0.00994903,0.03906369
12.79025300,0.00866726,0.04138310
12.79825300,0.00592059,0.04083376
12.80625300,0.00769066,0.03741569
12.81425300,0.00665304,0.03692739
12.82225300,0.00604266,0.03302103
12.83025300,0.00769066,0.02807703
12.83825300,0.00311289,0.02935881
12.84625300,0.00689718,0.02710044
12.85425300,0.00915555,0.02636799
12.86225300,0.00476089,0.02887051
12.87025300,0.01031526,0.01916562
12.87825300,0.00665304,0.01940977
12.88625300,0.00225837,0.02002014
12.89425300,0.01007111,0.01269570
12.90225300,0.00793481,0.01080355
12.91025300,0.00451674,0.01336711
12.91825300,0.01043733,0.01220740
12.92625300,0.00842311,0.01397748
12.93425300,0.00537126,0.00640889
12.94225300,0.01043733,0.00579852
12.95025300,0.00842311,0.00537126
12.95825300,0.01007111,0.00616474
12.96625300,0.00677511,0.00738548
12.97425300,0.00866726,0.01147496
12.98225300,0.00805689,0.01446577
12.99025300,0.01184118,0.01031526
12.99825300,0.00378430,0.01257363
13.00625300,0.01220740,0.01550340
13.01425300,-0.00103763,0.01660207
13.02225300,0.00592059,0.01635792
13.03025300,0.00830103,0.02508621
13.03825300,0.00579852,0.02722251
13.04625300,0.01135289,0.02545244
13.05425300,0.01196326,0.03076266
13.06225300,0.00805689,0.03454695
13.07025300,0.00476089,0.03466903
13.07825299,0.00109867,0.04309214
13.08625299,0.00628681,0.04058962
13.09425299,0.00640889,0.03973510
13.10225299,0.00640889,0.04119999
13.11025299,0.00854518,0.03656118
13.11825299,0.01092563,0.04162725
13.12625299,0.00390637,0.04010132
13.13425299,0.01055940,0.03894162
13.14225299,0.00701926,0.03704947
13.15025299,0.00250252,0.03894162
13.15825299,0.00726341,0.04046755
13.16625299,0.00604266,0.04211554
13.17425299,0.00854518,0.04022340
13.18225299,0.00500504,0.03772088
13.19025299,0.00488296,0.03253273
13.19825299,0.00915555,0.03265481
13.20625299,0.00982696,0.02996918
13.21425299,0.00439467,0.02960295
13.22225299,0.00628681,0.02850429
13.23025299,0.00933866,0.02850429
13.23825299,0.00769066,0.03277688
13.24625299,0.00524918,0.03607288
13.25425299,0.00970489,0.03405866
13.26225299,0.00677511,0.02697836
13.27025299,0.00756859,0.02661214
13.27825299,0.00665304,0.03228858
13.28625299,0.00311289,0.02807703
13.29425299,0.00878933,0.03338725
13.30225299,0.01104770,0.03173925
13.31025299,0.01123081,0.03039644
13.31825299,0.00994903,0.03064058
13.32625299,0.00744652,0.03015229
13.33425299,0.00653096,0.02673421
13.34225299,0.00689718,0.02862636
13.35025299,0.00335704,0.02661214
13.35825299,0.00701926,0.02923673
13.36625299,0.00744652,0.02459792
13.37425299,0.00463881,0.02142399
13.38225299,0.00097659,0.02038636
13.39025299,0.00805689,0.01727348
13.39825299,0.00378430,0.00781274
13.40625299,0.00158696,0.00537126
13.41425299,0.00012207,0.01586962
13.42225299,0.01257363,0.01159703
13.43025298,0.01007111,0.00854518
13.43825298,0.00390637,0.00537126
13.44625298,0.00640889,0.00567644
13.45425298,0.00311289,0.00225837
13.46225298,0.00000000,0.00158696
13.47025298,0.00628681,0.00793481
13.47825298,0.00915555,0.00549333
13.48625298,0.00134281,0.00769066
13.49425298,0.00579852,0.01007111
13.50225298,0.00640889,0.00402844
13.51025298,0.00866726,0.00604266
13.51825298,0.00769066,0.01220740
13.52625298,0.00958281,0.00854518
13.53425298,0.00146489,0.01538133
13.54225298,0.00512711,0.01470992
13.55025298,0.00701926,0.01397748
13.55825298,0.00994903,0.01684622
13.56625298,0.00903348,0.01586962
13.57425298,0.01068148,0.01422163
13.58225298,0.00756859,0.01562548
13.59025298,0.00488296,0.01599170
13.59825298,0.00299081,0.01586962
13.60625298,0.00714133,0.01965392
13.61425298,0.00592059,0.01562548
13.62225298,0.00726341,0.01702933
13.63025298,0.00793481,0.01562548
13.63825298,0.00579852,0.01208533
13.64625298,0.00592059,0.01672414
13.65425298,0.00604266,0.01892148
13.66225298,0.00830103,0.01257363
13.67025298,0.00878933,0.01031526
13.67825298,0.00048830,0.00994903
13.68625298,0.00524918,0.01019318
13.69425298,0.00549333,0.01171911
13.70225298,0.00726341,0.01397748
13.71025298,0.00262459,0.00677511
13.71825298,0.01245155,0.00970489
13.72625298,0.00946074,0.00592059
13.73425298,0.01123081,0.00958281
13.74225298,0.00451674,0.00878933
13.75025298,0.00390637,0.01385540
13.75825298,0.00250252,0.01208533
13.76625298,0.00891140,0.01361126
13.77425298,-0.00079348,0.01470992
13.78225298,0.00958281,0.01336711
13.79025297,0.00830103,0.01232948
13.79825297,0.00524918,0.01800592
13.80625297,0.00427259,0.01397748
13.81425297,0.00213630,0.01586962
13.82225297,0.00726341,0.01892148
13.83025297,0.00933866,0.02294992
13.83825297,0.00378430,0.01611377
13.84625297,0.01055940,0.01538133
13.85425297,0.00524918,0.01324503
13.86225297,0.00146489,0.01135289
13.87025297,0.00109867,0.01336711
13.87825297,0.00360118,0.01727348
13.88625297,0.00830103,0.01092563
13.89425297,0.00311289,0.00805689
13.90225297,0.00439467,0.01080355
13.91025297,0.00726341,0.00769066
13.91825297,0.00714133,0.00628681
13.92625297,0.00970489,0.00427259
13.93425297,0.00463881,0.00085452
13.94225297,0.00769066,-0.00042726
13.95025297,0.00286874,0.00048830
13.95825297,0.00488296,0.00024415
13.96625297,0.00250252,-0.01110874
13.97425297,0.00476089,-0.00610370
13.98225297,0.00500504,-0.00079348
13.99025297,-0.00115970,-0.00933866
13.99825297,0.00500504,-0.01379437
14.00625297,-0.00018311,-0.01959288
14.01425297,0.00817896,-0.00836207
14.02225297,0.00567644,-0.02209540
14.03025297,0.00781274,-0.01782281
14.03825297,0.00427259,-0.01556444
14.04625297,0.00048830,-0.01995911
14.05425297,0.00146489,-0.02075259
14.06225297,0.00335704,-0.02453688
14.07025297,0.00402844,-0.02490310
14.07825297,0.00592059,-0.03473006
14.08625297,0.00592059,-0.02789392
14.09425297,0.00476089,-0.02667318
14.10225297,0.00512711,-0.02789392
14.11025297,0.00549333,-0.03247169
14.11825297,0.00390637,-0.02740562
14.12625297,0.00170904,-0.03271584
14.13425297,0.00891140,-0.03411970
14.14225296,0.00262459,-0.03057955
14.15025296,-0.00115970,-0.03411970
14.15825296,0.00701926,-0.03778192
14.16625296,0.00286874,-0.03021332
14.17425296,0.00726341,-0.03588977
14.18225296,0.00390637,-0.02966399
14.19025296,0.00146489,-0.02844325
14.19825296,0.00653096,-0.03875851
14.20625296,0.00262459,-0.03131199
14.21425296,0.00225837,-0.03436384
14.22225296,0.00616474,-0.03625599
14.23025296,0.00262459,-0.03357036
14.23825296,0.00756859,-0.03295999
14.24625296,0.00427259,-0.03082369
14.25425296,0.00286874,-0.03650014
14.26225296,0.00439467,-0.03521836
14.27025296,0.00592059,-0.02941984
14.27825296,0.00830103,-0.03155614
14.28625296,0.00817896,-0.03057955
14.29425296,0.00854518,-0.03222755
14.30225296,0.00427259,-0.03167821
14.31025296,0.00524918,-0.03143407
14.31825296,0.00347911,-0.03247169
14.32625296,0.00500504,-0.02777184
14.33425296,0.00463881,-0.03411970
14.34225296,0.00286874,-0.03765984
14.35025296,0.00537126,-0.02954192
14.35825296,0.00213630,-0.02929777
14.36625296,0.00286874,-0.02954192
14.37425296,0.00402844,-0.02789392
14.38225296,0.00628681,-0.02453688
14.39025296,0.00689718,-0.03082369
14.39825296,0.00781274,-0.02832118
14.40625296,0.00537126,-0.02600177
14.41425296,-0.00018311,-0.02990814
14.42225296,0.00488296,-0.03082369
14.43025296,0.00262459,-0.02612384
14.43825296,0.00579852,-0.02526933
14.44625296,0.00866726,-0.02764977
14.45425296,0.00653096,-0.02752770
14.46225296,0.00665304,-0.02655110
14.47025296,0.00286874,-0.02978607
14.47825296,0.00866726,-0.02691733
14.48625296,0.00891140,-0.02880947
14.49425295,-0.00018311,-0.02453688
14.50225295,0.00274667,-0.02276681
14.51025295,0.00616474,-0.02032533
14.51825295,0.00933866,-0.02032533
14.52625295,0.00299081,-0.02703940
14.53425295,0.00097659,-0.02716147
14.54225295,0.00665304,-0.02587970
14.55025295,0.00463881,-0.02600177
14.55825295,0.00122074,-0.02764977
14.56625295,0.00323496,-0.02978607
14.57425295,0.00579852,-0.02502518
14.58225295,0.00640889,-0.02880947
14.59025295,0.00073244,-0.02288888
14.59825295,0.00842311,-0.02740562
14.60625295,0.00024415,-0.02362133
14.61425295,0.00640889,-0.01770074
14.62225295,0.00579852,-0.02386547
14.63025295,-0.00054933,-0.02490310
14.63825295,0.00262459,-0.02703940
14.64625295,0.00677511,-0.01794488
14.65425295,0.00830103,-0.02148503
14.66225295,-0.00268563,-0.02514725
14.67025295,0.00170904,-0.01947081
14.67825295,0.00012207,-0.01843318
14.68625295,0.00170904,-0.01971496
14.69425295,0.00335704,-0.02185125
14.70225295,0.00299081,-0.01745659
14.71025295,0.00347911,-0.01782281
14.71825295,0.00665304,-0.01666311
14.72625295,0.00286874,-0.02075259
14.73425295,0.00415052,-0.02209540
14.74225295,0.00122074,-0.01464888
14.75025295,0.00146489,-0.02111881
14.75825295,0.00146489,-0.01959288
14.76625295,-0.00030519,-0.01733451
14.77425295,0.00463881,-0.01690725
14.78225295,0.00402844,-0.01831111
14.79025295,0.00286874,-0.01605274
14.79825295,0.00427259,-0.01367229
14.80625295,0.00726341,-0.02301096
14.81425295,0.00048830,-0.01391644
14.82225295,0.00390637,-0.01391644
14.83025295,0.00170904,-0.01062044
14.83825295,0.00677511,-0.00909452
14.84625294,0.00262459,-0.00848415
14.85425294,-0.00042726,-0.00964385
14.86225294,0.00000000,-0.00396741
14.87025294,0.00134281,-0.00292978
14.87825294,0.00500504,0.00048830
14.88625294,-0.00067141,-0.00305185
14.89425294,0.00665304,0.00323496
14.90225294,0.00933866,0.00891140
14.91025294,0.00592059,0.00878933
14.91825294,0.00378430,0.00738548
14.92625294,0.00311289,0.01116977
14.93425294,0.00286874,0.01281777
14.94225294,0.00512711,0.01184118
14.95025294,0.00579852,0.01422163
14.95825294,0.00866726,0.01348918
14.96625294,0.00488296,0.01825007
14.97425294,0.00347911,0.02117985
14.98225294,0.00500504,0.01599170
14.99025294,0.00451674,0.01385540
14.99825294,0.00549333,0.02215644
15.00625294,0.00463881,0.01373333
15.01425294,-0.00079348,0.02014222
15.02225294,0.00250252,0.01904355
15.03025294,0.00756859,0.01171911
15.03825294,0.00012207,0.02069155
15.04625294,-0.00366222,0.02179022
15.05425294,-0.00030519,0.02215644
15.06225294,0.00640889,0.01562548
15.07025294,0.00781274,0.01525925
15.07825294,0.00842311,0.01361126
15.08625294,0.00134281,0.02215644
15.09425294,0.00170904,0.02081362
15.10225294,0.00537126,0.02105777
15.11025294,0.00012207,0.01293985
15.11825294,0.00085452,0.01965392
15.12625294,0.00360118,0.01031526
15.13425294,0.00122074,0.01702933
15.14225294,0.00665304,0.00866726
15.15025294,0.00335704,0.01538133
15.15825294,0.00158696,0.01660207
15.16625294,-0.00244148,0.01940977
15.17425294,0.00146489,0.00769066
15.18225294,0.00250252,0.01495407
15.19025294,0.00415052,0.02026429
15.19825293,0.00201422,0.01648000
15.20625293,0.00024415,0.01324503
15.21425293,0.00390637,0.01849422
15.22225293,0.00640889,0.01837214
15.23025293,0.00866726,0.01849422
15.23825293,0.00549333,0.01660207
15.24625293,0.00946074,0.01672414
15.25425293,0.00677511,0.02154607
15.26225293,0.00592059,0.01892148
15.27025293,0.00915555,0.01812799
15.27825293,0.00225837,0.02105777
15.28625293,0.00286874,0.01574755
15.29425293,0.00170904,0.02270577
15.30225293,0.00299081,0.01800592
15.31025293,0.00286874,0.02203436
15.31825293,0.00549333,0.01635792
15.32625293,0.00537126,0.02581866
15.33425293,-0.00079348,0.02166814
15.34225293,0.00390637,0.01989807
15.35025293,0.00036622,0.02673421
15.35825293,0.00213630,0.01977599
15.36625293,0.00781274,0.02618488
15.37425293,0.00390637,0.02606281
15.38225293,0.00677511,0.02343822
15.39025293,-0.00067141,0.02508621
15.39825293,0.00476089,0.01953185
15.40625293,0.00201422,0.01965392
15.41425293,-0.00091556,0.02508621
15.42225293,0.00158696,0.02581866
15.43025293,0.00274667,0.02240059
15.43825293,0.00109867,0.02050844
15.44625293,0.00549333,0.01916562
15.45425293,-0.00067141,0.02026429
15.46225293,-0.00115970,0.02142399
15.47025293,0.00311289,0.01361126
15.47825293,0.01019318,0.01965392
15.48625293,0.00653096,0.02258370
15.49425293,0.00390637,0.01776177
15.50225293,0.00048830,0.01800592
15.51025293,0.00677511,0.01940977
15.51825293,0.00109867,0.01422163
15.52625293,0.00238044,0.01751762
15.53425293,0.00500504,0.01672414
15.54225293,0.00286874,0.01495407
15.55025293,0.00225837,0.01208533
15.55825292,0.00378430,0.01348918
15.56625292,0.00311289,0.01525925
15.57425292,0.00427259,0.01648000
15.58225292,0.00415052,0.02026429
15.59025292,0.00201422,0.01727348
15.59825292,-0.00555437,0.01306192
15.60625292,-0.00054933,0.01739555
15.61425292,0.00451674,0.01458785
15.62225292,0.00286874,0.01599170
15.63025292,-0.00305185,0.01599170
15.63825292,0.00311289,0.01080355
15.64625292,0.00592059,0.01525925
15.65425292,0.00238044,0.01751762
15.66225292,0.00250252,0.01446577
15.67025292,0.00677511,0.01068148
15.67825292,0.00378430,0.01043733
15.68625292,0.00415052,0.01812799
15.69425292,-0.00280770,0.01635792
15.70225292,0.00311289,0.01147496
15.71025292,0.00402844,0.01446577
15.71825292,0.00537126,0.01031526
15.72625292,0.00604266,0.01196326
15.73425292,-0.00115970,0.01159703
15.74225292,0.00476089,0.01116977
15.75025292,0.00360118,0.01232948
15.75825292,0.00274667,0.01269570
15.76625292,0.00274667,0.01019318
15.77425292,0.00262459,0.00946074
15.78225292,0.00323496,0.00677511
15.79025292,0.00500504,0.00781274
15.79825292,0.00463881,0.01043733
15.80625292,0.00665304,0.01068148
15.81425292,0.00476089,0.01232948
15.82225292,0.00122074,0.00378430
15.83025292,0.00524918,0.00665304
15.83825292,0.00701926,0.00628681
15.84625292,0.00701926,0.00756859
15.85425292,0.00134281,0.00769066
15.86225292,0.00451674,0.00830103
15.87025292,0.00286874,0.00665304
15.87825292,-0.00177007,0.00982696
15.88625292,-0.00195318,0.00170904
15.89425292,0.00427259,0.00012207
15.90225292,-0.00152593,0.00946074
15.91025291,0.00592059,0.00628681
15.91825291,0.00146489,0.00665304
15.92625291,-0.00067141,0.00274667
15.93425291,0.00744652,0.00616474
15.94225291,0.00537126,0.01019318
15.95025291,0.00524918,0.01068148
15.95825291,0.00036622,0.00915555
15.96625291,0.00769066,0.00756859
15.97425291,0.00299081,0.01293985
15.98225291,0.00311289,0.00677511
15.99025291,0.00250252,0.00738548
15.99825291,0.00579852,0.00311289
16.00625291,0.00109867,0.01031526
16.01425291,0.00146489,0.00793481
16.02225291,-0.00067141,0.00262459
16.03025291,0.00439467,0.00665304
16.03825291,0.00109867,0.00323496
16.04625291,0.00189215,0.00213630
16.05425291,0.00201422,-0.00042726
16.06225291,0.00213630,0.00756859
16.07025291,-0.00195318,0.00213630
16.07825291,0.00567644,-0.00152593
16.08625291,0.00213630,0.00036622
16.09425291,0.00463881,0.00592059
16.10225291,-0.00164800,0.00286874
16.11025291,0.00311289,-0.00555437
16.11825291,0.00592059,-0.00103763
16.12625291,0.00701926,0.00170904
16.13425291,0.00347911,-0.00329600
16.14225291,0.00213630,-0.00329600
16.15025291,0.00360118,-0.00231941
16.15825291,0.00701926,-0.00384533
16.16625291,0.00036622,-0.00799585
16.17425291,0.00567644,-0.00622578
16.18225291,-0.00177007,-0.00622578
16.19025291,0.00201422,-0.00598163
16.19825291,0.00415052,-0.00921659
16.20625291,0.00390637,-0.00811792
16.21425291,0.00311289,-0.00573748
16.22225291,0.00311289,-0.00860622
16.23025291,0.00225837,-0.01001007
16.23825291,0.00488296,-0.00720237
16.24625291,0.00958281,-0.00720237
16.25425291,0.00415052,-0.01239051
16.26225290,0.00323496,-0.01110874
16.27025290,-0.00067141,-0.01330607
16.27825290,0.00653096,-0.01001007
16.28625290,0.00604266,-0.00659200
16.29425290,0.00036622,-0.01452681
16.30225290,0.00579852,-0.01165807
16.31025290,0.00274667,-0.01098666
16.31825290,0.00189215,-0.00952177
16.32625290,0.00915555,-0.01214637
16.33425290,0.00061037,-0.00732444
16.34225290,0.00213630,-0.00988800
16.35025290,0.00360118,-0.00622578
16.35825290,-0.00244148,-0.00952177
16.36625290,0.00146489,-0.01367229
16.37425290,0.00201422,-0.00933866
16.38225290,0.00335704,-0.01178014
16.39025290,0.00158696,-0.00634785
16.39825290,0.00567644,-0.00610370
16.40625290,0.00842311,-0.01025422
16.41425290,0.00463881,-0.00598163
16.42225290,-0.00128178,-0.01025422
16.43025290,0.00323496,-0.00671407
16.43825290,0.00158696,-0.01190222
16.44625290,0.00360118,-0.01190222
16.45425290,0.00512711,-0.00622578
16.46225290,0.00500504,-0.01416059
16.47025290,0.00402844,-0.00555437
16.47825290,0.00299081,-0.00732444
16.48625290,0.00097659,-0.01001007
16.49425290,-0.00408948,-0.00732444
16.50225290,0.00085452,-0.01037629
16.51025290,0.00402844,-0.01226844
16.51825290,0.00012207,-0.01416059
16.52625290,-0.00177007,-0.01165807
16.53425290,0.00225837,-0.01452681
16.54225290,0.00524918,-0.01202429
16.55025290,-0.00195318,-0.01580859
16.55825290,0.00360118,-0.01367229
16.56625290,0.00238044,-0.01580859
16.57425290,-0.00018311,-0.01947081
16.58225290,0.00122074,-0.01428266
16.59025290,0.00488296,-0.01641896
16.59825290,0.00134281,-0.02087466
16.60625290,0.00201422,-0.01452681
16.61425289,-0.00103763,-0.01806696
16.62225289,0.00073244,-0.01532029
16.63025289,-0.00128178,-0.02056948
16.63825289,0.00262459,-0.01782281
16.64625289,0.00189215,-0.02148503
16.65425289,0.00097659,-0.01709037
16.66225289,0.00085452,-0.01440474
16.67025289,0.00012207,-0.02136296
16.67825289,0.00390637,-0.01983703
16.68625289,0.00390637,-0.01995911
16.69425289,0.00299081,-0.01678518
16.70225289,0.00061037,-0.02374340
16.71025289,0.00286874,-0.01959288
16.71825289,0.00299081,-0.02478103
16.72625289,0.00225837,-0.01934873
16.73425289,0.00250252,-0.01733451
16.74225289,0.00146489,-0.02410962
16.75025289,0.00390637,-0.02209540
16.75825289,-0.00128178,-0.02514725
16.76625289,0.00073244,-0.01757866
16.77425289,0.00524918,-0.02099673
16.78225289,0.00903348,-0.01782281
16.79025289,0.00427259,-0.02624592
16.79825289,0.00311289,-0.01721244
16.80625289,0.00311289,-0.02056948
16.81425289,0.00402844,-0.01910459
16.82225289,0.00781274,-0.01995911
16.83025289,0.00335704,-0.02136296
16.83825289,-0.00219733,-0.02148503
16.84625289,0.00213630,-0.02032533
16.85425289,-0.00543229,-0.02423170
16.86225289,0.00579852,-0.02233955
16.87025289,0.00274667,-0.02490310
16.87825289,0.00640889,-0.02539140
16.88625289,0.00500504,-0.02777184
16.89425289,0.00756859,-0.02136296
16.90225289,0.00170904,-0.02124088
16.91025289,0.00512711,-0.02075259
16.91825289,0.00439467,-0.02148503
16.92625289,-0.00457778,-0.01867733
16.93425289,-0.00219733,-0.02490310
16.94225289,0.00640889,-0.01544237
16.95025289,0.00097659,-0.01794488
16.95825289,-0.00256355,-0.02502518
16.96625288,0.00512711,-0.01690725
16.97425288,-0.00164800,-0.01782281
16.98225288,0.00323496,-0.01745659
16.99025288,0.00170904,-0.01440474
16.99825288,0.00201422,-0.01843318
17.00625288,0.00451674,-0.01745659
17.01425288,-0.00457778,-0.01391644
17.02225288,-0.00610370,-0.01141392
17.03025288,0.00262459,-0.00952177
17.03825288,-0.00067141,-0.00885037
17.04625288,-0.00543229,-0.01214637
17.05425288,0.00286874,-0.01074252
17.06225288,-0.00128178,-0.01806696
17.07025288,0.00122074,-0.01141392
17.07825288,0.00537126,-0.01098666
17.08625288,0.00500504,-0.00708029
17.09425288,0.00604266,-0.00921659
17.10225288,0.00286874,-0.00860622
17.11025288,0.00592059,-0.00720237
17.11825288,-0.00408948,-0.00775170
17.12625288,0.00036622,-0.00634785
17.13425288,0.00488296,-0.00787378
17.14225288,-0.00384533,-0.00445570
17.15025288,0.00665304,-0.00646992
17.15825288,0.00250252,-0.01165807
17.16625288,0.00274667,-0.00408948
17.17425288,-0.00067141,-0.00329600
17.18225288,0.00299081,-0.00708029
17.19025288,0.00158696,-0.00518815
17.19825288,0.00335704,-0.00848415
17.20625288,-0.00433363,-0.00317392
17.21425288,0.00189215,-0.00732444
17.22225288,-0.00329600,-0.00848415
17.23025288,0.00378430,-0.01452681
17.23825288,0.00299081,-0.01025422
17.24625288,-0.00152593,-0.01013215
17.25425288,0.00323496,-0.00366222
17.26225288,0.00109867,-0.00836207
17.27025288,0.00012207,-0.01062044
17.27825288,0.00335704,-0.01141392
17.28625288,0.00085452,-0.01110874
17.29425288,0.00463881,-0.00799585
17.30225288,0.00537126,-0.00445570
17.31025288,0.00262459,-0.00848415
17.31825288,-0.00067141,-0.00872829
17.32625287,0.00677511,-0.00421155
17.33425287,0.00000000,-0.00799585
17.34225287,0.00311289,-0.00952177
17.35025287,0.00061037,-0.00543229
17.35825287,0.00360118,-0.01141392
17.36625287,0.00122074,-0.00469985
17.37425287,-0.00256355,-0.00207526
17.38225287,0.00512711,-0.00244148
17.39025287,0.00378430,-0.00671407
17.39825287,-0.00164800,-0.00573748
17.40625287,0.00201422,-0.00207526
17.41425287,-0.00256355,-0.00115970
17.42225287,0.00323496,0.00158696
17.43025287,0.00170904,0.00201422
17.43825287,0.00158696,-0.00231941
17.44625287,0.00085452,0.00201422
17.45425287,0.00286874,-0.00115970
17.46225287,0.00000000,-0.00091556
17.47025287,0.00524918,0.00012207
17.47825287,0.00134281,0.00537126
17.48625287,0.00677511,0.00073244
17.49425287,-0.00030519,0.00500504
17.50225287,0.00262459,0.00286874
17.51025287,0.00512711,0.00689718
17.51825287,0.00250252,0.00878933
17.52625287,0.00274667,0.00714133
17.53425287,0.00378430,0.00189215
17.54225287,0.00012207,0.00592059
17.55025287,0.00402844,0.00170904
17.55825287,0.00476089,0.00817896
17.56625287,-0.00408948,0.00915555
17.57425287,0.00402844,0.00537126
17.58225287,0.00311289,0.00805689
17.59025287,0.00415052,0.00616474
17.59825287,-0.00091556,0.00402844
17.60625287,0.00225837,0.00915555
17.61425287,0.00427259,0.01019318
17.62225287,0.00122074,0.00616474
17.63025287,0.00439467,0.00946074
17.63825287,0.00158696,-0.00018311
17.64625287,0.00238044,0.00286874
17.65425287,-0.00115970,0.00378430
17.66225287,0.00274667,0.00360118
17.67025287,0.00378430,0.00524918
17.67825286,-0.00091556,0.00604266
17.68625286,0.00512711,0.00390637
17.69425286,-0.00030519,0.00549333
17.70225286,0.00024415,0.00628681
17.71025286,0.00085452,0.00738548
17.71825286,0.00500504,0.00024415
17.72625286,-0.00042726,0.00439467
17.73425286,0.00122074,0.00427259
17.74225286,0.00451674,0.00360118
17.75025286,-0.00054933,0.00286874
17.75825286,0.00537126,0.00994903
17.76625286,0.00640889,-0.00341807
17.77425286,0.00024415,-0.00140385
17.78225286,0.00158696,0.00225837
17.79025286,0.00347911,0.00451674
17.79825286,-0.00018311,0.00000000
17.80625286,-0.00244148,0.00714133
17.81425286,0.00012207,0.00299081
17.82225286,0.00427259,0.00073244
17.83025286,0.00146489,0.00640889
17.83825286,-0.00103763,0.00537126
17.84625286,-0.00030519,0.00616474
17.85425286,0.00097659,0.00653096
17.86225286,0.00311289,0.00653096
17.87025286,0.00616474,0.00604266
17.87825286,-0.00244148,0.00537126
17.88625286,0.00170904,0.00616474
17.89425286,0.00726341,0.01159703
17.90225286,0.00122074,0.00134281
17.91025286,0.00189215,0.00311289
17.91825286,0.00347911,0.00250252
17.92625286,0.00061037,0.00714133
17.93425286,0.00378430,-0.00018311
17.94225286,-0.00091556,0.00274667
17.95025286,0.00274667,0.00946074
17.95825286,0.00201422,0.00579852
17.96625286,0.00000000,0.00891140
17.97425286,0.00048830,0.00640889
17.98225286,-0.00054933,0.00500504
17.99025286,0.00451674,0.00262459
17.99825286,0.00097659,0.00378430
18.00625286,0.00854518,0.00579852
18.01425286,0.00225837,0.00653096
18.02225286,0.00701926,0.00769066
18.03025285,0.00744652,0.00891140
18.03825285,0.00122074,0.01306192
18.04625285,0.00360118,0.01031526
18.05425285,0.00274667,0.00769066
18.06225285,0.00524918,0.01672414
18.07025285,0.00488296,0.00781274
18.07825285,0.00213630,0.01458785
18.08625285,-0.00054933,0.01470992
18.09425285,0.00262459,0.01825007
18.10225285,0.00201422,0.01483200
18.11025285,0.00146489,0.01849422
18.11825285,0.00781274,0.01763970
18.12625285,-0.00115970,0.01257363
18.13425285,-0.00018311,0.01562548
18.14225285,0.00274667,0.01812799
18.15025285,0.00488296,0.01068148
18.15825285,0.00122074,0.01495407
18.16625285,-0.00152593,0.01068148
18.17425285,0.00097659,0.01702933
18.18225285,0.00653096,0.01470992
18.19025285,-0.00292978,0.01434370
18.19825285,-0.00018311,0.01147496
18.20625285,0.00451674,0.01495407
18.21425285,0.00701926,0.00604266
18.22225285,-0.00128178,0.01483200
18.23025285,-0.00042726,0.01104770
18.23825285,0.00012207,0.00488296
18.24625285,0.00109867,0.01220740
18.25425285,0.00146489,0.01684622
18.26225285,-0.00164800,0.01031526
18.27025285,0.00274667,0.01385540
18.27825285,-0.00366222,0.01904355
18.28625285,-0.00305185,0.01422163
18.29425285,0.00653096,0.01434370
18.30225285,-0.00543229,0.01446577
18.31025285,-0.00164800,0.01220740
18.31825285,-0.00268563,0.01385540
18.32625285,0.00299081,0.01837214
18.33425285,0.00170904,0.01446577
18.34225285,-0.00103763,0.01171911
18.35025285,0.00689718,0.01538133
18.35825285,0.00744652,0.01434370
18.36625285,0.00061037,0.01281777
18.37425285,-0.00256355,0.01538133
18.38225284,0.00097659,0.01245155
18.39025284,0.00262459,0.01470992
18.39825284,0.00170904,0.01007111
18.40625284,0.00225837,0.01245155
18.41425284,-0.00115970,0.00970489
18.42225284,0.00500504,0.01660207
18.43025284,-0.00231941,0.00878933
18.43825284,0.00238044,0.01727348
18.44625284,0.00262459,0.01135289
18.45425284,0.00451674,0.01550340
18.46225284,0.00189215,0.01043733
18.47025284,0.00488296,0.01031526
18.47825284,0.00311289,0.00903348
18.48625284,-0.00042726,0.01104770
18.49425284,0.00476089,0.01702933
18.50225284,0.00250252,0.00970489
18.51025284,0.00360118,0.01269570
18.51825284,0.00299081,0.01434370
18.52625284,0.00488296,0.00738548
18.53425284,0.00378430,0.01116977
18.54225284,-0.00195318,0.00769066
18.55025284,0.00402844,0.01135289
18.55825284,-0.00366222,0.00915555
18.56625284,0.00360118,0.00726341
18.57425284,0.00451674,0.00488296
18.58225284,-0.00018311,0.01019318
18.59025284,0.00286874,0.00592059
18.59825284,-0.00445570,0.00415052
18.60625284,0.00201422,0.00500504
18.61425284,0.00347911,0.00335704
18.62225284,0.00225837,0.00726341
18.63025284,0.00299081,0.00830103
18.63825284,0.00549333,0.00579852
18.64625284,0.00488296,0.00201422
18.65425284,0.00225837,0.00311289
18.66225284,-0.00396741,0.00134281
18.67025284,-0.00164800,0.00903348
18.67825284,0.00604266,0.00415052
18.68625284,0.00238044,0.00238044
18.69425284,0.00146489,0.00604266
18.70225284,0.00170904,0.00567644
18.71025284,-0.00482192,0.00262459
18.71825284,0.00756859,0.00677511
18.72625284,-0.00067141,0.00122074
18.73425283,-0.00079348,-0.00115970
18.74225283,-0.00195318,-0.00091556
18.75025283,0.00189215,0.00390637
18.75825283,-0.00482192,0.00476089
18.76625283,-0.00244148,-0.00195318
18.77425283,0.00347911,0.00061037
18.78225283,0.00347911,-0.00421155
18.79025283,0.00024415,-0.00207526
18.79825283,-0.00067141,-0.00408948
18.80625283,0.00000000,-0.00598163
18.81425283,0.00311289,-0.00897244
18.82225283,0.00415052,-0.00292978
18.83025283,0.00830103,-0.00482192
18.83825283,-0.00195318,-0.00482192
18.84625283,0.00073244,-0.00543229
18.85425283,-0.00305185,-0.00445570
18.86225283,0.00061037,-0.00292978
18.87025283,0.00158696,-0.00408948
18.87825283,-0.00054933,-0.00952177
18.88625283,0.00378430,-0.00933866
18.89425283,0.00146489,-0.00775170
18.90225283,0.00238044,-0.01617481
18.91025283,0.00000000,-0.00531022
18.91825283,-0.00610370,-0.00329600
18.92625283,0.00714133,-0.01251259
18.93425283,0.00488296,-0.01074252
18.94225283,-0.00445570,-0.00787378
18.95025283,-0.00042726,-0.00244148
18.95825283,-0.00091556,-0.00573748
18.96625283,0.00036622,-0.01110874
18.97425283,0.00427259,-0.00445570
18.98225283,0.00250252,-0.00897244
18.99025283,0.00512711,-0.00543229
18.99825283,0.00048830,-0.01123081
19.00625283,-0.00268563,-0.00531022
19.01425283,-0.00054933,-0.00610370
19.02225283,0.00427259,-0.00573748
19.03025283,0.00146489,-0.01098666
19.03825283,0.00158696,-0.00976592
19.04625283,0.00238044,-0.01452681
19.05425283,-0.00054933,-0.00720237
19.06225283,0.00677511,-0.01391644
19.07025283,0.00616474,-0.01379437
19.07825283,-0.00408948,-0.00744652
19.08625283,0.00476089,-0.01037629
19.09425282,0.00592059,-0.00836207
19.10225282,-0.00317392,-0.00646992
19.11025282,0.00488296,-0.00964385
19.11825282,-0.00103763,-0.01049837
19.12625282,0.00299081,-0.00836207
19.13425282,0.00512711,-0.01275674
19.14225282,0.00347911,-0.00964385
19.15025282,-0.00054933,-0.00531022
19.15825282,0.00311289,-0.01251259
19.16625282,-0.00128178,-0.01214637
19.17425282,0.00213630,-0.01544237
19.18225282,0.00335704,-0.01226844
19.19025282,0.00262459,-0.01178014
19.19825282,0.00524918,-0.01464888
19.20625282,-0.00354015,-0.01214637
19.21425282,0.00012207,-0.01330607
19.22225282,-0.00042726,-0.01049837
19.23025282,0.00012207,-0.00921659
19.23825282,0.00286874,-0.01342814
19.24625282,-0.00207526,-0.01202429
19.25425282,0.00109867,-0.01086459
19.26225282,-0.00177007,-0.00811792
19.27025282,0.00402844,-0.01190222
19.27825282,-0.00219733,-0.01141392
19.28625282,0.00109867,-0.01062044
19.29425282,0.00170904,-0.01416059
19.30225282,-0.00244148,-0.00933866
19.31025282,-0.00042726,-0.00787378
19.31825282,0.00061037,-0.01001007
19.32625282,-0.00219733,-0.00646992
19.33425282,0.00122074,-0.01141392
19.34225282,0.00524918,-0.01013215
19.35025282,0.00024415,-0.00543229
19.35825282,-0.00408948,-0.01025422
19.36625282,-0.00305185,-0.01049837
19.37425282,0.00012207,-0.00683615
19.38225282,0.00714133,-0.00848415
19.39025282,0.00158696,-0.00762963
19.39825282,0.00262459,-0.00799585
19.40625282,0.00036622,-0.01049837
19.41425282,-0.00268563,-0.01062044
19.42225282,0.00225837,-0.00079348
19.43025282,0.00146489,-0.00354015
19.43825282,-0.00280770,-0.00988800
19.44625281,0.00665304,0.00085452
19.45425281,-0.00164800,-0.00384533
19.46225281,0.00488296,-0.00140385
19.47025281,0.00024415,-0.00469985
19.47825281,0.00415052,-0.00219733
19.48625281,0.00451674,0.00170904
19.49425281,-0.00042726,0.00048830
19.50225281,-0.00195318,0.00073244
19.51025281,0.00476089,-0.00305185
19.51825281,0.00653096,-0.00018311
19.52625281,0.00048830,0.00085452
19.53425281,0.00714133,-0.00280770
19.54225281,0.00097659,0.00439467
19.55025281,0.00262459,0.00451674
19.55825281,0.00299081,-0.00256355
19.56625281,0.00323496,-0.00091556
19.57425281,0.00158696,0.00225837
19.58225281,-0.00042726,0.00238044
19.59025281,0.00085452,0.00567644
19.59825281,0.00238044,0.00036622
19.60625281,0.00335704,0.00323496
19.61425281,0.00213630,0.00714133
19.62225281,0.00451674,0.00213630
19.63025281,0.00122074,0.00549333
19.63825281,0.00250252,0.00189215
19.64625281,-0.00244148,0.00524918
19.65425281,-0.00231941,0.00738548
19.66225281,0.00024415,0.00628681
19.67025281,0.00048830,0.00769066
19.67825281,0.00073244,0.00463881
19.68625281,-0.00091556,0.00653096
19.69425281,-0.00091556,0.00250252
19.70225281,0.00085452,0.00537126
19.71025281,-0.00305185,0.00463881
19.71825281,-0.00115970,0.01116977
19.72625281,0.00012207,0.00225837
19.73425281,-0.00164800,0.00360118
19.74225281,0.00012207,0.00689718
19.75025281,0.00274667,0.00842311
19.75825281,0.00146489,0.00451674
19.76625281,0.00677511,0.00915555
19.77425281,0.00500504,0.00415052
19.78225281,-0.00140385,0.00415052
19.79025281,0.00146489,0.00579852
19.79825280,0.00427259,0.00891140
19.80625280,-0.00128178,0.00347911
19.81425280,0.00085452,0.00616474
19.82225280,0.00311289,0.00274667
19.83025280,0.00390637,0.00567644
19.83825280,0.00073244,0.00286874
19.84625280,-0.00354015,-0.00054933
19.85425280,0.00299081,0.00036622
19.86225280,-0.00244148,0.00146489
19.87025280,0.00262459,0.01208533
19.87825280,0.00311289,0.00213630
19.88625280,0.00073244,0.00299081
19.89425280,-0.00207526,0.00756859
19.90225280,0.00427259,0.00201422
19.91025280,0.00378430,0.00476089
19.91825280,0.00323496,0.00842311
19.92625280,0.00579852,0.00579852
19.93425280,0.00158696,0.00097659
19.94225280,0.00061037,0.00500504
19.95025280,0.00549333,0.00262459
19.95825280,0.00378430,0.00427259
19.96625280,0.00579852,0.00390637
19.97425280,0.00250252,0.00390637
19.98225280,0.00146489,0.00024415
19.99025280,0.00122074,0.00238044
19.99825280,0.00036622,0.00817896
20.00625280,0.00476089,0.00201422
20.01425280,-0.00384533,-0.00140385
20.02225280,0.00250252,0.00378430
20.03025280,-0.00256355,0.00579852
20.03825280,0.00134281,0.00360118
20.04625280,0.00000000,0.00250252
20.05425280,-0.00067141,0.00238044
20.06225280,0.00238044,0.00665304
20.07025280,0.00427259,-0.00103763
20.07825280,0.00579852,0.00274667
20.08625280,-0.00115970,0.00170904
20.09425280,0.00201422,0.00402844
20.10225280,0.00378430,0.00390637
20.11025280,0.00036622,0.00567644
20.11825280,0.00439467,0.00592059
20.12625280,0.00000000,0.00109867
20.13425280,0.00274667,0.00225837
20.14225280,0.00402844,0.00073244
20.15025279,0.00427259,0.00085452
20.15825279,0.00323496,0.00463881
20.16625279,0.00201422,0.00073244
20.17425279,0.00036622,-0.00305185
20.18225279,0.00225837,0.00866726
20.19025279,-0.00341807,0.00097659
20.19825279,0.00390637,0.00213630
20.20625279,-0.00054933,0.00250252
20.21425279,0.00012207,0.00286874
20.22225279,-0.00152593,0.00311289
20.23025279,0.00012207,0.00390637
20.23825279,-0.00140385,0.00299081
20.24625279,0.00299081,0.00500504
20.25425279,0.00488296,-0.00280770
20.26225279,-0.00103763,0.00616474
20.27025279,0.00073244,0.00360118
20.27825279,0.00567644,0.00061037
20.28625279,-0.00317392,0.00360118
20.29425279,0.00000000,0.00238044
20.30225279,0.00250252,0.00213630
20.31025279,0.00201422,0.00299081
20.31825279,0.00463881,-0.00384533
20.32625279,0.00213630,0.00109867
20.33425279,0.00000000,0.00036622
20.34225279,0.00170904,-0.00030519
20.35025279,0.00201422,0.00000000
20.35825279,0.00604266,0.00000000
20.36625279,0.00524918,0.00439467
20.37425279,0.00000000,0.00170904
20.38225279,-0.00482192,0.00390637
20.39025279,0.00592059,0.00347911
20.39825279,-0.00054933,0.00274667
20.40625279,-0.00268563,-0.00091556
20.41425279,0.00604266,0.00213630
20.42225279,0.00347911,-0.00396741
20.43025279,0.00439467,-0.00292978
20.43825279,0.00097659,0.00201422
20.44625279,0.00903348,-0.00054933
20.45425279,0.00225837,0.00158696
20.46225279,0.00781274,0.00299081
20.47025279,-0.00103763,0.00537126
20.47825279,0.00476089,0.00238044
20.48625279,-0.00091556,0.00512711
20.49425279,-0.00091556,0.00061037
20.50225278,0.00085452,0.00463881
20.51025278,0.00024415,-0.00140385
20.51825278,0.00390637,0.00512711
20.52625278,-0.00030519,-0.00152593
20.53425278,0.00061037,0.00640889
20.54225278,0.00000000,0.00225837
20.55025278,-0.00280770,0.00170904
20.55825278,-0.00366222,0.00012207
20.56625278,0.00262459,0.00567644
20.57425278,-0.00366222,0.00097659
20.58225278,-0.00384533,0.00024415
20.59025278,-0.00115970,0.00653096
20.59825278,-0.00177007,0.00286874
20.60625278,-0.00042726,0.00073244
20.61425278,0.00170904,-0.00195318
20.62225278,-0.00256355,0.00225837
20.63025278,-0.00494400,-0.00195318
20.63825278,-0.00103763,0.00134281
20.64625278,-0.00128178,0.00000000
20.65425278,-0.00494400,0.00146489
20.66225278,-0.00042726,-0.00292978
20.67025278,-0.00128178,-0.00195318
20.67825278,0.00378430,-0.00177007
20.68625278,-0.00030519,0.00036622
20.69425278,0.00335704,0.00048830
20.70225278,0.00061037,-0.00244148
20.71025278,0.00512711,-0.00018311
20.71825278,-0.00366222,0.00061037
20.72625278,0.00360118,0.00122074
20.73425278,0.00000000,-0.00030519
20.74225278,0.00201422,-0.00164800
20.75025278,0.00500504,0.00109867
20.75825278,0.00213630,0.00537126
20.76625278,0.00512711,-0.00231941
20.77425278,0.00549333,0.00323496
20.78225278,0.00415052,-0.00305185
20.79025278,0.00286874,0.00500504
20.79825278,0.00201422,-0.00128178
20.80625278,0.00061037,-0.00128178
20.81425278,-0.00115970,-0.00067141
20.82225278,0.00427259,-0.00317392
20.83025278,-0.00152593,0.00286874
20.83825278,0.00048830,0.00146489
20.84625278,-0.00103763,0.00000000
20.85425278,0.00250252,-0.00091556
20.86225277,-0.00219733,0.00085452
20.87025277,-0.00018311,-0.00396741
20.87825277,0.00201422,-0.00018311
20.88625277,-0.00268563,0.00024415
20.89425277,0.00170904,0.00061037
20.90225277,-0.00195318,-0.00231941
20.91025277,-0.00231941,0.00286874
20.91825277,0.00036622,0.00134281
20.92625277,-0.00317392,0.00012207
20.93425277,0.00012207,0.00097659
20.94225277,0.00073244,0.00360118
20.95025277,0.00250252,0.00000000
20.95825277,-0.00030519,-0.00433363
20.96625277,-0.00164800,-0.00610370
20.97425277,0.00311289,0.00134281
20.98225277,0.00097659,-0.00140385
20.99025277,-0.00018311,-0.00543229
20.99825277,0.00335704,-0.00366222
21.00625277,0.00592059,-0.00482192
21.01425277,0.00024415,-0.00445570
21.02225277,0.00347911,-0.00231941
21.03025277,0.00048830,-0.00152593
21.03825277,0.00335704,-0.00354015
21.04625277,0.00134281,-0.00396741
21.05425277,0.00567644,-0.00305185
21.06225277,-0.00207526,-0.00744652
21.07025277,0.00109867,-0.00555437
21.07825277,-0.00030519,-0.00396741
21.08625277,0.00524918,0.00238044
21.09425277,0.00451674,-0.00494400
21.10225277,-0.00177007,-0.00469985
21.11025277,0.00286874,-0.00531022
21.11825277,0.00323496,-0.00305185
21.12625277,0.00000000,-0.00280770
21.13425277,0.00616474,-0.00634785
21.14225277,-0.00305185,-0.00921659
21.15025277,0.00262459,-0.00128178
21.15825277,0.00427259,-0.00671407
21.16625277,0.00360118,-0.00408948
21.17425277,0.00225837,-0.00659200
21.18225277,0.00225837,-0.00268563
21.19025277,0.00225837,-0.00494400
21.19825277,-0.00408948,-0.00555437
21.20625277,0.00024415,-0.00732444
21.21425276,0.00311289,-0.01287881
21.22225276,0.00061037,-0.00622578
21.23025276,0.00213630,0.00158696
21.23825276,0.00085452,-0.00152593
21.24625276,-0.00219733,-0.00244148
21.25425276,0.00213630,-0.00433363
21.26225276,-0.00329600,-0.00195318
21.27025276,0.00427259,-0.00305185
21.27825276,0.00238044,-0.00042726
21.28625276,-0.00177007,-0.00799585
21.29425276,0.00201422,-0.00164800
21.30225276,0.00592059,-0.00219733
21.31025276,0.00097659,-0.00152593
21.31825276,0.00323496,-0.00482192
21.32625276,0.00415052,-0.00482192
21.33425276,0.00146489,-0.00811792
21.34225276,0.00097659,-0.00164800
21.35025276,0.00097659,-0.00573748
21.35825276,0.00097659,-0.00531022
21.36625276,0.00537126,-0.00634785
21.37425276,0.00109867,-0.00976592
21.38225276,-0.00329600,-0.00531022
21.39025276,-0.00292978,-0.00720237
21.39825276,0.00158696,-0.00634785
21.40625276,0.00262459,-0.00744652
21.41425276,0.00085452,-0.00646992
21.42225276,0.00024415,-0.00329600
21.43025276,0.00061037,-0.00848415
21.43825276,-0.00317392,-0.01013215
21.44625276,-0.00219733,-0.00622578
21.45425276,0.00122074,-0.00421155
21.46225276,-0.00164800,-0.00219733
21.47025276,-0.00164800,-0.00775170
21.47825276,0.00378430,-0.00329600
21.48625276,-0.00152593,-0.00341807
21.49425276,0.00097659,-0.00573748
21.50225276,0.00311289,-0.00775170
21.51025276,-0.00091556,-0.00079348
21.51825276,0.00048830,-0.00256355
21.52625276,0.00073244,-0.00079348
21.53425276,0.00299081,-0.00598163
21.54225276,0.00427259,0.00061037
21.55025276,0.00439467,0.00146489
21.55825276,0.00378430,0.00061037
21.56625275,-0.00054933,-0.00646992
21.57425275,0.00592059,0.00048830
21.58225275,0.00085452,-0.00384533
21.59025275,0.00201422,0.00000000
21.59825275,-0.00103763,-0.00268563
21.60625275,0.00866726,-0.00103763
21.61425275,0.00024415,0.00024415
21.62225275,0.00311289,-0.00219733
21.63025275,0.00189215,0.00122074
21.63825275,0.00134281,-0.00152593
21.64625275,0.00378430,-0.00103763
21.65425275,0.00262459,-0.00207526
21.66225275,-0.00164800,-0.00280770
21.67025275,-0.00115970,-0.00219733
21.67825275,0.00512711,0.00146489
21.68625275,-0.00140385,-0.00177007
21.69425275,0.00677511,0.00012207
21.70225275,0.00628681,0.00628681
21.71025275,0.00238044,-0.00256355
21.71825275,0.00085452,-0.00091556
21.72625275,-0.00195318,0.00109867
21.73425275,-0.00231941,0.00299081
21.74225275,0.00146489,0.00024415
21.75025275,-0.00219733,0.00360118
21.75825275,-0.00115970,0.00524918
21.76625275,0.00213630,0.00805689
21.77425275,-0.00091556,0.00299081
21.78225275,0.00274667,0.00677511
21.79025275,0.00024415,-0.00054933
21.79825275,0.00048830,0.00000000
21.80625275,-0.00408948,0.00347911
21.81425275,0.00189215,0.00274667
21.82225275,0.00146489,0.00189215
21.83025275,-0.00775170,0.00665304
21.83825275,0.00500504,0.00439467
21.84625275,0.00415052,0.00439467
21.85425275,-0.00268563,0.00238044
21.86225275,0.00134281,0.00476089
21.87025275,0.00323496,0.00347911
21.87825275,-0.00354015,0.00427259
21.88625275,0.00238044,0.00189215
21.89425275,0.00085452,0.00134281
21.90225275,-0.00103763,0.00024415
21.91025275,-0.00140385,-0.00067141
21.91825274,-0.00103763,0.00378430
21.92625274,0.00073244,0.00677511
21.93425274,0.00378430,0.00225837
21.94225274,-0.00030519,0.00805689
21.95025274,0.00451674,0.00335704
21.95825274,-0.00054933,0.00524918
21.96625274,-0.00219733,0.00402844
21.97425274,0.00299081,0.00213630
21.98225274,-0.00292978,0.00592059
21.99025274,0.00415052,0.00201422
21.99825274,0.00500504,0.00360118
22.00625274,0.00213630,0.00677511
22.01425274,0.00048830,0.00225837
22.02225274,0.00439467,0.00012207
22.03025274,0.00085452,-0.00103763
22.03825274,-0.00018311,0.00402844
22.04625274,0.00323496,-0.00292978
22.05425274,0.00225837,-0.00042726
22.06225274,0.00592059,0.00262459
22.07025274,-0.00079348,0.00201422
22.07825274,-0.00079348,0.00024415
22.08625274,-0.00256355,-0.00195318
22.09425274,0.00567644,0.00097659
22.10225274,0.00250252,0.00299081
22.11025274,0.00109867,0.00109867
22.11825274,-0.00164800,0.00170904
22.12625274,0.00524918,-0.00030519
22.13425274,0.00262459,-0.00195318
22.14225274,0.00122074,-0.00396741
22.15025274,-0.00177007,-0.00091556
22.15825274,0.00274667,0.00000000
22.16625274,0.00451674,-0.00103763
22.17425274,0.00134281,0.00000000
22.18225274,0.00415052,-0.00054933
22.19025274,-0.00164800,-0.00433363
22.19825274,-0.00164800,-0.00140385
22.20625274,-0.00219733,-0.00042726
22.21425274,0.00335704,-0.00030519
22.22225274,0.00488296,0.00311289
22.23025274,0.00146489,0.00299081
22.23825274,0.00549333,0.00048830
22.24625274,0.00878933,0.00262459
22.25425274,-0.00140385,-0.00396741
22.26225274,-0.00445570,0.00073244
22.27025273,-0.00079348,-0.00408948
22.27825273,-0.00720237,-0.00457778
22.28625273,0.00299081,-0.00366222
22.29425273,0.00323496,-0.00280770
22.30225273,0.00360118,0.00109867
22.31025273,-0.00292978,-0.00177007
22.31825273,0.00311289,-0.00103763
22.32625273,-0.00128178,-0.00195318
22.33425273,0.00415052,-0.00366222
22.34225273,0.00335704,-0.00366222
22.35025273,0.00061037,-0.00598163
22.35825273,0.00122074,-0.00354015
22.36625273,-0.00079348,-0.00671407
22.37425273,-0.00341807,0.00048830
22.38225273,-0.00164800,0.00048830
22.39025273,0.00347911,-0.00042726
22.39825273,-0.00115970,-0.00280770
22.40625273,-0.00433363,-0.00622578
22.41425273,-0.00195318,0.00378430
22.42225273,0.00415052,0.00225837
22.43025273,0.00286874,-0.00042726
22.43825273,-0.00128178,0.00726341
22.44625273,0.00073244,-0.00067141
22.45425273,-0.00256355,0.00097659
22.46225273,0.00085452,0.00158696
22.47025273,-0.00042726,-0.00115970
22.47825273,0.00061037,-0.00207526
22.48625273,0.00250252,-0.00585955
22.49425273,0.00347911,0.00109867
22.50225273,-0.00067141,-0.00140385
22.51025273,-0.00177007,0.00024415
22.51825273,-0.00341807,-0.00305185
22.52625273,0.00567644,0.00000000
22.53425273,0.00024415,0.00604266
22.54225273,-0.00256355,-0.00231941
22.55025273,0.00170904,0.00299081
22.55825273,0.00274667,0.00048830
22.56625273,0.00146489,0.00000000
22.57425273,0.00439467,0.00073244
22.58225273,0.00323496,0.00262459
22.59025273,0.00512711,0.00061037
22.59825273,0.00439467,0.00201422
22.60625273,0.00537126,-0.00054933
22.61425273,0.00402844,-0.00457778
22.62225273,0.00109867,-0.00067141
22.63025272,-0.00207526,-0.00152593
22.63825272,0.00097659,0.00463881
22.64625272,0.00000000,0.00109867
22.65425272,0.00085452,-0.00195318
22.66225272,0.00390637,-0.00115970
22.67025272,0.00378430,-0.00140385
22.67825272,0.00604266,-0.00329600
22.68625272,-0.00140385,0.00189215
22.69425272,-0.00042726,0.00048830
22.70225272,-0.00231941,0.00134281
22.71025272,0.00012207,-0.00030519
22.71825272,0.00085452,0.00842311
22.72625272,0.00012207,0.00311289
22.73425272,0.00378430,-0.00341807
22.74225272,-0.00030519,0.00549333
22.75025272,0.00500504,0.00073244
22.75825272,-0.00457778,0.00061037
22.76625272,0.00451674,0.00274667
22.77425272,-0.00164800,0.00628681
22.78225272,-0.00268563,-0.00152593
22.79025272,-0.00244148,0.00653096
22.79825272,0.00299081,-0.00103763
22.80625272,0.00024415,0.00463881
22.81425272,-0.00177007,0.00250252
22.82225272,0.00549333,0.00170904
22.83025272,0.00000000,0.00134281
22.83825272,0.00061037,-0.00195318
22.84625272,-0.00341807,0.00122074
22.85425272,0.00122074,0.00415052
22.86225272,-0.00292978,-0.00219733
22.87025272,0.00122074,0.00549333
22.87825272,0.00299081,0.00463881
22.88625272,-0.00140385,0.00286874
22.89425272,0.00170904,0.00604266
22.90225272,0.00262459,-0.00317392
22.91025272,0.00213630,-0.00018311
22.91825272,0.00170904,0.00427259
22.92625272,0.00335704,0.00323496
22.93425272,0.00122074,0.00311289
22.94225272,0.00360118,0.00189215
22.95025272,0.00201422,0.00225837
22.95825272,0.00036622,0.00512711
22.96625272,0.00213630,-0.00018311
22.97425272,-0.00115970,0.00238044
22.98225271,0.00061037,0.00213630
22.99025271,-0.00079348,-0.00054933
22.99825271,0.00158696,0.00701926
23.00625271,0.00378430,0.00488296
23.01425271,0.00024415,0.00201422
23.02225271,0.00360118,0.00073244
23.03025271,0.00024415,0.00189215
23.03825271,0.00476089,0.00085452
23.04625271,0.00048830,0.00250252
23.05425271,0.00347911,0.00134281
23.06225271,0.00109867,0.00402844
23.07025271,0.00360118,0.00653096
23.07825271,0.00238044,0.00170904
23.08625271,0.00213630,0.00122074
23.09425271,0.00262459,0.00073244
23.10225271,0.00323496,0.00299081
23.11025271,0.00262459,0.00488296
23.11825271,-0.00231941,0.00665304
23.12625271,0.00463881,0.00213630
23.13425271,0.00427259,-0.00164800
23.14225271,0.00048830,0.00323496
23.15025271,0.00299081,0.00189215
23.15825271,0.00012207,0.00360118
23.16625271,0.00201422,0.00640889
23.17425271,-0.00128178,0.00122074
23.18225271,0.00866726,-0.00030519
23.19025271,-0.00177007,0.00213630
23.19825271,0.00024415,0.00213630
23.20625271,-0.00018311,0.00311289
23.21425271,0.00311289,0.00628681
23.22225271,0.00616474,-0.00177007
23.23025271,0.00360118,0.00311289
23.23825271,0.00274667,0.00628681
23.24625271,0.00134281,0.00109867
23.25425271,0.00274667,0.00360118
23.26225271,0.00451674,0.00311289
23.27025271,0.00201422,0.00109867
23.27825271,0.00225837,0.00158696
23.28625271,-0.00042726,0.00024415
23.29425271,0.00134281,0.00537126
23.30225271,0.00274667,0.00463881
23.31025271,0.00109867,0.00122074
23.31825271,-0.00231941,0.00238044
23.32625271,-0.00531022,-0.00280770
23.33425270,-0.00268563,0.00201422
23.34225270,0.00524918,0.00158696
23.35025270,0.00299081,-0.00433363
23.35825270,-0.00030519,-0.00408948
23.36625270,0.00085452,-0.00079348
23.37425270,-0.00067141,0.00274667
23.38225270,-0.00030519,0.00311289
23.39025270,0.00250252,-0.00067141
23.39825270,0.00213630,-0.00018311
23.40625270,0.00201422,0.00109867
23.41425270,-0.00244148,0.00146489
23.42225270,0.00158696,-0.00030519
23.43025270,0.00335704,-0.00115970
23.43825270,0.00085452,-0.00317392
23.44625270,-0.00164800,-0.00115970
23.45425270,0.00390637,0.00134281
23.46225270,0.00274667,-0.00408948
23.47025270,0.00061037,-0.00042726
23.47825270,0.00427259,-0.00054933
23.48625270,-0.00079348,-0.00103763
23.49425270,-0.00018311,-0.00152593
23.50225270,0.00213630,-0.00256355
23.51025270,0.00036622,0.00189215
23.51825270,-0.00177007,-0.00775170
23.52625270,0.00378430,-0.00054933
23.53425270,0.00048830,-0.00366222
23.54225270,-0.00195318,-0.00164800
23.55025270,0.00170904,-0.00067141
23.55825270,-0.00292978,-0.00317392
23.56625270,0.00640889,-0.00433363
23.57425270,-0.00091556,-0.00396741
23.58225270,0.00335704,-0.00177007
23.59025270,-0.00091556,0.00024415
23.59825270,-0.00067141,-0.00329600
23.60625270,0.00347911,-0.00921659
23.61425270,-0.00018311,-0.00720237
23.62225270,0.00286874,-0.00634785
23.63025270,-0.00054933,0.00109867
23.63825270,-0.00469985,-0.00195318
23.64625270,0.00378430,-0.00671407
23.65425270,-0.00164800,-0.00494400
23.66225270,0.00549333,-0.00231941
23.67025270,-0.00231941,-0.00811792
23.67825270,-0.00231941,-0.00811792
23.68625269,-0.00445570,-0.00836207
23.69425269,0.00347911,0.00061037
23.70225269,0.00347911,-0.01049837
23.71025269,0.00549333,-0.00848415
23.71825269,-0.00030519,-0.00207526
23.72625269,0.00378430,-0.00280770
23.73425269,0.00299081,-0.00598163
23.74225269,0.00158696,-0.00659200
23.75025269,0.00360118,-0.00177007
23.75825269,0.00415052,-0.00824000
23.76625269,0.00225837,-0.00054933
23.77425269,0.00085452,-0.00976592
23.78225269,0.00201422,-0.00671407
23.79025269,0.00335704,-0.00177007
23.79825269,0.00189215,-0.00659200
23.80625269,0.00311289,-0.00408948
23.81425269,0.00097659,-0.00598163
23.82225269,0.00579852,-0.00140385
23.83025269,0.00274667,-0.00598163
23.83825269,0.00476089,-0.00646992
23.84625269,-0.00152593,-0.00494400
23.85425269,0.00158696,-0.00256355
23.86225269,-0.00079348,-0.00408948
23.87025269,-0.00195318,0.00109867
23.87825269,-0.00030519,-0.00445570
23.88625269,-0.00140385,-0.01086459
23.89425269,0.00360118,-0.00396741
23.90225269,-0.00195318,-0.00622578
23.91025269,0.00628681,-0.00708029
23.91825269,-0.00317392,-0.00506607
23.92625269,0.00299081,-0.00848415
23.93425269,0.00579852,-0.00482192
23.94225269,0.00061037,-0.00921659
23.95025269,0.00213630,-0.00775170
23.95825269,0.00036622,-0.00433363
23.96625269,0.00274667,-0.00543229
23.97425269,-0.00195318,-0.00897244
23.98225269,-0.00195318,-0.00622578
23.99025269,0.00225837,-0.00555437
23.99825269,-0.00341807,-0.00366222
24.00625269,-0.00433363,-0.00128178
24.01425269,0.00122074,0.00085452
24.02225269,0.00012207,-0.00555437
24.03025269,-0.00195318,-0.00384533
24.03825268,0.00048830,-0.00079348
24.04625268,0.00463881,-0.00354015
24.05425268,-0.00079348,-0.00018311
24.06225268,0.00262459,-0.00329600
24.07025268,0.00225837,-0.00256355
24.07825268,0.00427259,-0.00231941
24.08625268,0.00640889,-0.00433363
24.09425268,0.00012207,-0.00585955
24.10225268,0.00402844,-0.00634785
24.11025268,0.00323496,-0.00366222
24.11825268,0.00122074,-0.00256355
24.12625268,0.00024415,-0.00042726
24.13425268,0.00781274,-0.00195318
24.14225268,0.00451674,-0.00292978
24.15025268,-0.00292978,0.00225837
24.15825268,0.00085452,-0.00231941
24.16625268,0.00158696,-0.00079348
24.17425268,0.00189215,0.00122074
24.18225268,0.00238044,0.00122074
24.19025268,0.00665304,0.00415052
24.19825268,0.00616474,-0.00433363
24.20625268,0.00476089,-0.00164800
24.21425268,0.00549333,0.00061037
24.22225268,0.00158696,-0.00256355
24.23025268,0.00048830,-0.00280770
24.23825268,-0.00018311,-0.00018311
24.24625268,0.00238044,0.00158696
24.25425268,0.00170904,-0.00128178
24.26225268,-0.00091556,-0.00177007
24.27025268,-0.00164800,-0.00054933
24.27825268,-0.00140385,0.00109867
24.28625268,0.00000000,-0.00177007
24.29425268,0.00415052,0.00286874
24.30225268,0.00451674,-0.00219733
24.31025268,-0.00128178,-0.00457778
24.31825268,0.00299081,0.00213630
24.32625268,-0.00067141,0.00012207
24.33425268,0.00335704,-0.00195318
24.34225268,0.00189215,-0.00244148
24.35025268,0.00335704,0.00299081
24.35825268,0.00549333,0.00225837
24.36625268,0.00048830,0.00488296
24.37425268,0.00250252,0.00073244
24.38225268,0.00000000,0.00360118
24.39025268,0.00201422,0.00866726
24.39825267,0.00085452,-0.00042726
24.40625267,-0.00115970,-0.00354015
24.41425267,-0.00518815,0.00238044
24.42225267,0.00476089,0.00451674
24.43025267,-0.00280770,0.00512711
24.43825267,-0.00140385,-0.00256355
24.44625267,0.00061037,0.00439467
24.45425267,-0.00408948,0.00311289
24.46225267,0.00299081,0.00427259
24.47025267,0.00451674,0.00665304
24.47825267,-0.00042726,0.00549333
24.48625267,-0.00219733,0.00213630
24.49425267,-0.00482192,0.00378430
24.50225267,0.00347911,0.00238044
24.51025267,0.00744652,0.00189215
24.51825267,-0.00140385,0.00402844
24.52625267,0.00225837,0.00427259
24.53425267,-0.00030519,0.00073244
24.54225267,0.00360118,0.00701926
24.55025267,-0.00079348,-0.00128178
24.55825267,0.00158696,0.00427259
24.56625267,-0.00555437,0.00616474
24.57425267,-0.00079348,-0.00103763
24.58225267,0.00427259,-0.00067141
24.59025267,-0.00030519,0.00122074
24.59825267,-0.00366222,-0.00079348
24.60625267,0.00347911,-0.00177007
24.61425267,-0.00256355,-0.00103763
24.62225267,0.00488296,-0.00317392
24.63025267,-0.00543229,-0.00177007
24.63825267,-0.00018311,-0.00195318
24.64625267,0.00415052,0.00286874
24.65425267,0.00512711,-0.00329600
24.66225267,-0.00079348,0.00323496
24.67025267,-0.00067141,-0.00244148
24.67825267,-0.00506607,0.00250252
24.68625267,0.00225837,-0.00103763
24.69425267,-0.00054933,0.00439467
24.70225267,0.00512711,0.00567644
24.71025267,0.00549333,0.00323496
24.71825267,0.00311289,0.00451674
24.72625267,0.00201422,0.00640889
24.73425267,-0.00054933,0.00793481
24.74225267,0.00347911,0.00579852
24.75025266,0.00463881,0.00360118
24.75825266,0.00390637,0.00842311
24.76625266,-0.00115970,0.00756859
24.77425266,0.00390637,0.00714133
24.78225266,0.00415052,0.00701926
24.79025266,0.00262459,0.00262459
24.79825266,0.00073244,0.00225837
24.80625266,0.00012207,0.00274667
24.81425266,0.00439467,0.00274667
24.82225266,0.00854518,0.00726341
24.83025266,0.00225837,0.00427259
24.83825266,0.00000000,0.00604266
24.84625266,0.00170904,0.00756859
24.85425266,0.00537126,0.00451674
24.86225266,0.00085452,0.00201422
24.87025266,0.00347911,0.00170904
24.87825266,0.00073244,0.00427259
24.88625266,-0.00268563,0.00347911
24.89425266,0.00567644,0.00360118
24.90225266,0.00439467,0.00036622
24.91025266,0.00726341,0.00085452
24.91825266,-0.00067141,0.00189215
24.92625266,0.00189215,0.00109867
24.93425266,0.00085452,-0.00091556
24.94225266,-0.00054933,0.00274667
24.95025266,0.00073244,0.00311289
24.95825266,0.00689718,0.00158696
24.96625266,0.00073244,-0.00115970
24.97425266,0.00628681,0.00238044
24.98225266,-0.00610370,0.00549333
24.99025266,0.00134281,0.00360118
24.99825266,-0.00433363,0.00134281
25.00625266,0.00427259,-0.00128178
25.01425266,0.00158696,0.00378430
25.02225266,0.00549333,0.00213630
25.03025266,-0.00195318,0.00604266
25.03825266,0.00512711,0.00262459
25.04625266,0.00012207,0.00085452
25.05425266,0.00158696,0.01055940
25.06225266,0.00378430,0.00616474
25.07025266,-0.00244148,0.00756859
25.07825266,0.00024415,0.00134281
25.08625266,0.00134281,0.00604266
25.09425266,-0.00018311,0.00512711
25.10225265,0.00500504,0.00390637
25.11025265,0.00024415,0.00592059
25.11825265,0.00238044,0.00653096
25.12625265,0.00158696,0.00488296
25.13425265,0.00097659,0.00769066
25.14225265,0.00158696,0.00225837
25.15025265,-0.00531022,0.00146489
25.15825265,0.00097659,0.00073244
25.16625265,0.00335704,0.00549333
25.17425265,0.00378430,0.00476089
25.18225265,0.00274667,0.00262459
25.19025265,-0.00164800,-0.00103763
25.19825265,-0.00506607,0.00000000
25.20625265,-0.00152593,0.00689718
25.21425265,-0.00152593,0.00109867
25.22225265,0.00085452,-0.00079348
25.23025265,0.00299081,-0.00067141
25.23825265,-0.00103763,-0.00457778
25.24625265,-0.00469985,-0.00079348
25.25425265,0.00134281,0.00048830
25.26225265,0.00335704,0.00299081
25.27025265,0.00390637,0.00323496
25.27825265,-0.00042726,0.00726341
25.28625265,0.00463881,0.00415052
25.29425265,0.00579852,0.00048830
25.30225265,-0.00280770,0.00085452
25.31025265,0.00213630,0.00170904
25.31825265,-0.00030519,0.00604266
25.32625265,-0.00128178,0.00500504
25.33425265,0.00109867,0.00500504
25.34225265,-0.00244148,0.00640889
25.35025265,-0.00018311,0.00994903
25.35825265,-0.00177007,0.00463881
25.36625265,0.00146489,0.00842311
25.37425265,0.00347911,0.00653096
25.38225265,0.00097659,0.00567644
25.39025265,0.00213630,0.00488296
25.39825265,0.00238044,-0.00128178
25.40625265,-0.00091556,0.00476089
25.41425265,-0.00018311,0.00201422
25.42225265,-0.00079348,0.00726341
25.43025265,0.00274667,-0.00231941
25.43825265,-0.00115970,0.00048830
25.44625265,0.00000000,0.00866726
25.45425264,0.00347911,0.00201422
25.46225264,0.00311289,0.00604266
25.47025264,0.00451674,0.00225837
25.47825264,-0.00128178,0.00567644
25.48625264,-0.00030519,0.00146489
25.49425264,-0.00152593,0.00427259
25.50225264,0.00085452,-0.00030519
25.51025264,0.00335704,0.00158696
25.51825264,0.00402844,-0.00030519
25.52625264,0.00238044,-0.00506607
25.53425264,0.00463881,-0.00469985
25.54225264,-0.00329600,-0.00268563
25.55025264,-0.00140385,-0.00292978
25.55825264,0.00109867,-0.00128178
25.56625264,0.00274667,0.00061037
25.57425264,0.00640889,0.00225837
25.58225264,0.00250252,0.00012207
25.59025264,0.00262459,0.00048830
25.59825264,0.00158696,-0.00231941
25.60625264,0.00592059,-0.00341807
25.61425264,0.00567644,0.00146489
25.62225264,0.00024415,-0.00408948
25.63025264,0.00744652,0.00415052
25.63825264,-0.00268563,-0.00366222
25.64625264,0.00347911,0.00335704
25.65425264,0.00073244,0.00335704
25.66225264,-0.00103763,-0.00164800
25.67025264,-0.00103763,0.00109867
25.67825264,0.00146489,-0.00408948
25.68625264,0.00170904,-0.00164800
25.69425264,0.00512711,-0.00091556
25.70225264,0.00323496,-0.00268563
25.71025264,-0.00244148,0.00097659
25.71825264,0.00036622,0.00299081
25.72625264,-0.00128178,-0.00445570
25.73425264,0.00061037,0.00335704
25.74225264,0.00213630,0.00274667
25.75025264,-0.00079348,0.00335704
25.75825264,-0.00366222,-0.00177007
25.76625264,0.00225837,-0.00091556
25.77425264,0.00109867,-0.00152593
25.78225264,0.00024415,0.00170904
25.79025264,0.00073244,-0.00366222
25.79825264,-0.00054933,0.00073244
25.80625263,0.00567644,-0.00152593
25.81425263,0.00665304,-0.00543229
25.82225263,0.00036622,-0.00457778
25.83025263,0.00085452,-0.00421155
25.83825263,0.00390637,-0.00292978
25.84625263,-0.00164800,-0.00964385
25.85425263,0.00073244,-0.01086459
25.86225263,-0.00177007,-0.00921659
25.87025263,0.00073244,-0.00268563
25.87825263,0.00189215,-0.00354015
25.88625263,0.00360118,-0.00787378
25.89425263,0.00311289,-0.00067141
25.90225263,0.00061037,-0.00207526
25.91025263,-0.00030519,-0.00030519
25.91825263,-0.00207526,-0.00634785
25.92625263,-0.00140385,-0.00231941
25.93425263,0.00677511,-0.00518815
25.94225263,0.00323496,0.00000000
25.95025263,0.00189215,-0.00494400
25.95825263,0.00097659,-0.00329600
25.96625263,-0.00128178,-0.00280770
25.97425263,0.00085452,-0.00634785
25.98225263,0.00274667,-0.00030519
25.99025263,0.00109867,-0.00341807
25.99825263,0.00335704,-0.00244148
26.00625263,0.00323496,-0.00128178
26.01425263,0.00360118,-0.00079348
26.02225263,0.00451674,-0.00317392
26.03025263,-0.00042726,-0.00683615
26.03825263,0.00024415,-0.00152593
26.04625263,0.00000000,-0.00115970
26.05425263,0.00335704,-0.00317392
26.06225263,0.00061037,-0.00421155
26.07025263,0.00024415,-0.00195318
26.07825263,0.00262459,0.00061037
26.08625263,-0.00256355,-0.00494400
26.09425263,0.00262459,-0.00152593
26.10225263,-0.00115970,0.00012207
26.11025263,0.00427259,-0.00067141
26.11825263,0.00274667,-0.00341807
26.12625263,-0.00054933,-0.00152593
26.13425263,0.00036622,-0.00256355
26.14225263,0.00036622,-0.00555437
26.15025263,-0.00042726,-0.00543229
26.15825263,0.00225837,-0.00573748
26.16625262,0.00360118,-0.00329600
26.17425262,0.00000000,-0.00341807
26.18225262,0.00592059,-0.00244148
26.19025262,0.00146489,-0.00421155
26.19825262,0.00048830,-0.00268563
26.20625262,0.00744652,0.00048830
26.21425262,0.00604266,-0.00354015
26.22225262,-0.00091556,-0.00720237
26.23025262,0.00415052,-0.00573748
26.23825262,-0.00128178,-0.00555437
26.24625262,0.00311289,-0.00366222
26.25425262,0.00122074,-0.00177007
26.26225262,0.00189215,-0.00585955
26.27025262,0.00024415,-0.00433363
26.27825262,-0.00329600,-0.00115970
26.28625262,0.00592059,0.00073244
26.29425262,0.00170904,-0.00494400
26.30225262,0.00415052,-0.00067141
26.31025262,0.00390637,-0.00396741
26.31825262,0.00451674,-0.00598163
26.32625262,0.00439467,-0.00140385
26.33425262,0.00274667,-0.00366222
26.34225262,0.00000000,-0.00799585
26.35025262,-0.00421155,-0.00885037
26.35825262,0.00347911,-0.00598163
26.36625262,0.00347911,-0.00457778
26.37425262,-0.00195318,-0.00341807
26.38225262,-0.00067141,-0.00988800
26.39025262,0.00122074,-0.00079348
26.39825262,0.00311289,-0.00366222
26.40625262,-0.00164800,-0.00231941
26.41425262,0.00628681,-0.00231941
26.42225262,0.00311289,-0.00952177
26.43025262,0.00024415,-0.00396741
26.43825262,-0.00054933,-0.00341807
26.44625262,-0.00103763,-0.00421155
26.45425262,0.00213630,-0.00445570
26.46225262,0.00805689,-0.00720237
26.47025262,-0.00244148,-0.00457778
26.47825262,0.00225837,-0.00268563
26.48625262,-0.00292978,-0.00244148
26.49425262,0.00201422,-0.00054933
26.50225262,0.00170904,-0.00610370
26.51025262,-0.00329600,-0.00421155
26.51825261,0.00439467,-0.00366222
26.52625261,0.00201422,0.00085452
26.53425261,0.01232948,-0.00018311
26.54225261,0.00024415,-0.00219733
26.55025261,-0.00152593,-0.00207526
26.55825261,-0.00384533,0.00274667
26.56625261,-0.00177007,-0.00195318
26.57425261,0.00213630,0.00073244
26.58225261,0.00201422,-0.00018311
26.59025261,0.00250252,0.00323496
26.59825261,-0.00207526,0.00653096
26.60625261,0.00134281,0.00024415
26.61425261,-0.00115970,0.00250252
26.62225261,0.00653096,-0.00115970
26.63025261,-0.00280770,-0.00152593
26.63825261,-0.00244148,-0.00268563
26.64625261,0.00994903,-0.00115970
26.65425261,0.00299081,-0.00305185
26.66225261,0.00097659,0.00012207
26.67025261,0.00427259,-0.00195318
26.67825261,-0.00030519,0.00225837
26.68625261,0.00653096,-0.00207526
26.69425261,0.00085452,-0.00231941
26.70225261,0.00402844,-0.00103763
26.71025261,0.00427259,-0.00280770
26.71825261,0.00335704,-0.00268563
26.72625261,-0.00457778,-0.00506607
26.73425261,-0.00268563,-0.00506607
26.74225261,0.00189215,-0.00811792
26.75025261,-0.00091556,-0.00622578
26.75825261,0.00512711,-0.00482192
26.76625261,-0.00152593,-0.00421155
26.77425261,0.00463881,-0.00860622
26.78225261,0.00213630,-0.00921659
26.79025261,0.00653096,-0.00695822
26.79825261,0.00012207,-0.00421155
26.80625261,0.00439467,-0.00695822
26.81425261,0.00415052,-0.00762963
26.82225261,0.00134281,-0.00787378
26.83025261,0.00134281,-0.00824000
26.83825261,0.00122074,-0.00518815
26.84625261,0.00628681,-0.00482192
26.85425261,0.00146489,-0.01239051
26.86225261,0.00097659,-0.00354015
26.87025260,0.00036622,-0.00421155
26.87825260,-0.00482192,-0.00366222
26.88625260,-0.00115970,-0.00256355
26.89425260,-0.00219733,0.00238044
26.90225260,0.00170904,-0.00268563
26.91025260,0.00451674,-0.00152593
26.91825260,-0.00292978,0.00451674
26.92625260,0.00000000,-0.00317392
26.93425260,0.00579852,0.00061037
26.94225260,-0.00152593,0.00000000
26.95025260,0.00073244,0.00274667
26.95825260,0.00274667,0.00378430
26.96625260,-0.00018311,0.00286874
26.97425260,0.00134281,-0.00244148
26.98225260,-0.00164800,0.00628681
26.99025260,-0.00079348,0.00146489
26.99825260,-0.00292978,-0.00231941
27.00625260,0.00537126,-0.00445570
27.01425260,0.00415052,0.00262459
27.02225260,0.00628681,0.00036622
27.03025260,0.00238044,0.00024415
27.03825260,0.00122074,-0.00177007
27.04625260,-0.00140385,0.00213630
27.05425260,0.00512711,0.00524918
27.06225260,-0.00341807,-0.00067141
27.07025260,0.00347911,0.00360118
27.07825260,0.00097659,-0.00341807
27.08625260,0.00360118,-0.00067141
27.09425260,0.00213630,0.00170904
27.10225260,0.00189215,-0.00543229
27.11025260,0.00213630,-0.00030519
27.11825260,0.00097659,-0.00634785
27.12625260,0.00097659,0.00134281
27.13425260,0.00274667,-0.00744652
27.14225260,0.00714133,-0.00152593
27.15025260,0.00024415,-0.00115970
27.15825260,0.00170904,-0.00195318
27.16625260,-0.00421155,-0.00695822
27.17425260,0.00213630,-0.00494400
27.18225260,0.00567644,0.00000000
27.19025260,0.00048830,0.00189215
27.19825260,-0.00207526,-0.00164800
27.20625260,0.00262459,-0.00177007
27.21425260,0.00335704,0.00476089
27.22225259,0.00225837,-0.00164800
27.23025259,0.00250252,-0.00231941
27.23825259,-0.00329600,0.00000000
27.24625259,-0.00091556,0.00567644
27.25425259,0.00512711,0.00390637
27.26225259,0.00512711,0.00781274
27.27025259,0.00097659,0.00592059
27.27825259,0.00360118,0.01068148
27.28625259,-0.00115970,0.00134281
27.29425259,-0.00292978,0.00347911
27.30225259,-0.00115970,0.00854518
27.31025259,-0.00231941,0.01208533
27.31825259,-0.00030519,0.01007111
27.32625259,0.00061037,0.00842311
27.33425259,0.00061037,0.00805689
27.34225259,0.00134281,0.01269570
27.35025259,0.00225837,0.01104770
27.35825259,-0.00018311,0.00689718
27.36625259,0.00274667,0.00628681
27.37425259,0.00262459,0.00982696
27.38225259,0.00109867,0.00500504
27.39025259,0.00012207,-0.00164800
27.39825259,-0.00366222,0.00769066
27.40625259,0.00012207,0.00567644
27.41425259,0.00488296,0.00250252
27.42225259,-0.00042726,-0.00079348
27.43025259,-0.00030519,0.00012207
27.43825259,-0.00042726,-0.00305185
27.44625259,0.00122074,-0.00646992
27.45425259,-0.00054933,-0.00421155
27.46225259,0.00628681,-0.00256355
27.47025259,-0.00292978,-0.00408948
27.47825259,-0.00030519,-0.00964385
27.48625259,0.00488296,-0.00683615
27.49425259,-0.00079348,-0.00598163
27.50225259,0.00048830,-0.00329600
27.51025259,0.00274667,-0.00457778
27.51825259,0.00274667,-0.00659200
27.52625259,0.00012207,-0.00598163
27.53425259,0.00201422,-0.00622578
27.54225259,0.00122074,-0.00115970
27.55025259,-0.00177007,-0.00219733
27.55825259,0.00274667,0.00427259
27.56625259,0.00000000,0.00714133
27.57425258,0.00524918,0.00415052
27.58225258,0.00299081,0.01196326
27.59025258,0.00036622,0.01092563
27.59825258,0.00378430,0.01196326
27.60625258,0.00085452,0.01135289
27.61425258,0.00201422,0.01324503
27.62225258,0.00512711,0.01196326
27.63025258,0.00201422,0.01361126
27.63825258,0.00451674,0.01470992
27.64625258,0.00567644,0.01812799
27.65425258,-0.00152593,0.02166814
27.66225258,0.00238044,0.01788385
27.67025258,-0.00219733,0.01306192
27.67825258,0.00347911,0.01434370
27.68625258,0.00616474,0.01648000
27.69425258,-0.00054933,0.01269570
27.70225258,0.00158696,0.01220740
27.71025258,0.00360118,0.01361126
27.71825258,-0.00280770,0.01324503
27.72625258,-0.00091556,0.00982696
27.73425258,0.00122074,0.00402844
27.74225258,-0.00152593,0.01068148
27.75025258,-0.00396741,0.00158696
27.75825258,0.00335704,0.00524918
27.76625258,0.00402844,-0.00103763
27.77425258,0.00225837,0.00250252
27.78225258,-0.00054933,-0.00103763
27.79025258,-0.00115970,0.00579852
27.79825258,-0.00354015,0.00073244
27.80625258,0.00024415,-0.00067141
27.81425258,0.00439467,0.00122074
27.82225258,0.00463881,-0.00366222
27.83025258,-0.00207526,-0.00469985
27.83825258,0.00390637,0.00000000
27.84625258,0.00299081,0.00225837
27.85425258,0.00476089,0.00402844
27.86225258,-0.00140385,0.00311289
27.87025258,0.00335704,0.00579852
27.87825258,0.00360118,0.00402844
27.88625258,0.00402844,0.00463881
27.89425258,0.00488296,0.00970489
27.90225258,0.00378430,0.00604266
27.91025258,-0.00128178,0.00000000
27.91825258,0.00225837,0.01397748
27.92625258,0.00109867,0.00769066
27.93425257,0.00378430,0.00878933
27.94225257,-0.00091556,0.00579852
27.95025257,0.00085452,0.00866726
27.95825257,-0.00408948,0.00714133
27.96625257,-0.00079348,0.00653096
27.97425257,-0.00366222,0.00225837
27.98225257,0.00085452,0.00402844
27.99025257,0.00201422,0.00616474
27.99825257,0.00335704,0.00323496
28.00625257,0.00274667,-0.00042726
28.01425257,0.00061037,-0.00079348
28.02225257,0.00250252,-0.00366222
28.03025257,0.00378430,-0.00421155
28.03825257,-0.00824000,-0.00018311
28.04625257,0.00036622,-0.00341807
28.05425257,0.00097659,-0.00720237
28.06225257,0.00500504,-0.00305185
28.07025257,-0.00103763,-0.00720237
28.07825257,0.00463881,-0.00683615
28.08625257,0.00000000,-0.00720237
28.09425257,0.00073244,-0.00824000
28.10225257,0.00415052,-0.00408948
28.11025257,0.00311289,-0.00811792
28.11825257,0.00073244,-0.00469985
28.12625257,0.00170904,-0.00177007
28.13425257,0.00701926,-0.00115970
28.14225257,0.00000000,-0.00329600
28.15025257,0.00048830,-0.00054933
28.15825257,0.00201422,-0.00482192
28.16625257,0.00274667,0.00567644
28.17425257,0.00378430,-0.00103763
28.18225257,-0.00042726,-0.00067141
28.19025257,-0.00067141,0.00512711
28.19825257,-0.00115970,0.00549333
28.20625257,0.00061037,0.00415052
28.21425257,-0.00317392,0.00335704
28.22225257,-0.00018311,0.00738548
28.23025257,0.00225837,-0.00067141
28.23825257,0.00250252,0.00286874
28.24625257,-0.00067141,0.00714133
28.25425257,0.00262459,0.00524918
28.26225257,-0.00091556,0.00524918
28.27025257,0.00549333,0.00537126
28.27825257,-0.00103763,0.00769066
28.28625256,0.00073244,0.00927763
28.29425256,0.00378430,0.00299081
28.30225256,-0.00079348,0.00604266
28.31025256,-0.00164800,0.00378430
28.31825256,0.00347911,0.00689718
28.32625256,0.00347911,0.00012207
28.33425256,0.00689718,0.00170904
28.34225256,0.00274667,0.00439467
28.35025256,0.00122074,0.00274667
28.35825256,-0.00140385,-0.00103763
28.36625256,0.00225837,0.00097659
28.37425256,0.00524918,-0.00018311
28.38225256,0.00158696,0.00415052
28.39025256,-0.00054933,0.00073244
28.39825256,0.00213630,0.00360118
28.40625256,0.00451674,0.00524918
28.41425256,0.00512711,0.00714133
28.42225256,0.00360118,0.00238044
28.43025256,0.00299081,0.00134281
28.43825256,0.00085452,-0.00195318
28.44625256,0.00500504,0.00537126
28.45425256,-0.00408948,0.00402844
28.46225256,-0.00177007,-0.00091556
28.47025256,0.00299081,0.00097659
28.47825256,0.00628681,-0.00152593
28.48625256,0.00213630,-0.00018311
28.49425256,-0.00067141,-0.00231941
28.50225256,0.00225837,-0.00384533
28.51025256,-0.00079348,-0.00775170
28.51825256,0.00170904,-0.00164800
28.52625256,0.00134281,-0.00329600
28.53425256,0.00439467,-0.00976592
28.54225256,-0.00329600,-0.00762963
28.55025256,0.00488296,-0.01141392
28.55825256,-0.00128178,-0.01165807
28.56625256,-0.00030519,-0.01464888
28.57425256,-0.00067141,-0.00622578
28.58225256,0.00134281,-0.01153600
28.59025256,0.00189215,-0.01165807
28.59825256,-0.00256355,-0.01330607
28.60625256,0.00213630,-0.00732444
28.61425256,0.00024415,-0.01391644
28.62225256,-0.00042726,-0.01300089
28.63025256,0.00036622,-0.01153600
28.63825255,0.00579852,-0.00683615
28.64625255,0.00323496,-0.01049837
28.65425255,-0.00207526,-0.00836207
28.66225255,-0.00219733,-0.00305185
28.67025255,-0.00103763,-0.00103763
28.67825255,0.00061037,-0.00195318
28.68625255,0.00225837,0.00427259
28.69425255,-0.00030519,0.00146489
28.70225255,0.00817896,-0.00103763
28.71025255,-0.00164800,0.00463881
28.71825255,0.00402844,0.00488296
28.72625255,0.00451674,0.00225837
28.73425255,0.00891140,0.00360118
28.74225255,0.00402844,0.01043733
28.75025255,0.00097659,0.00427259
28.75825255,-0.00469985,0.00958281
28.76625255,-0.00067141,0.00982696
28.77425255,0.00000000,0.00500504
28.78225255,0.00158696,0.00225837
28.79025255,0.00189215,0.00793481
28.79825255,0.00347911,0.00512711
28.80625255,0.00238044,0.00360118
28.81425255,-0.00128178,0.00665304
28.82225255,0.00097659,0.00073244
28.83025255,-0.00067141,0.00189215
28.83825255,-0.00091556,0.00213630
28.84625255,-0.00054933,0.00097659
28.85425255,-0.00140385,0.00097659
28.86225255,-0.00231941,0.00347911
28.87025255,0.00170904,0.00170904
28.87825255,-0.00354015,-0.00482192
28.88625255,0.00390637,0.00170904
28.89425255,-0.00128178,-0.00091556
28.90225255,0.00335704,-0.00115970
28.91025255,0.00402844,-0.00280770
28.91825255,0.00146489,-0.00622578
28.92625255,-0.00268563,-0.00622578
28.93425255,0.00781274,-0.00384533
28.94225255,0.00213630,-0.00457778
28.95025255,0.00512711,-0.00164800
28.95825255,0.00689718,-0.00384533
28.96625255,0.00109867,-0.00457778
28.97425255,0.00097659,0.00048830
28.98225255,0.00390637,-0.00744652
28.99025254,0.01043733,-0.00897244
28.99825254,0.00347911,-0.00115970
29.00625254,-0.00292978,0.00012207
29.01425254,-0.00317392,-0.00671407
29.02225254,0.00579852,-0.00128178
29.03025254,0.00402844,-0.00469985
29.03825254,0.00549333,-0.00280770
29.04625254,0.00604266,-0.00244148
29.05425254,-0.00140385,-0.00494400
29.06225254,0.00036622,-0.00744652
29.07025254,0.00134281,-0.00244148
29.07825254,-0.00195318,-0.00433363
29.08625254,0.00225837,-0.00408948
29.09425254,-0.00018311,-0.00573748
29.10225254,-0.00573748,-0.00775170
29.11025254,-0.00164800,-0.00457778
29.11825254,0.00024415,-0.00720237
29.12625254,-0.00054933,-0.00292978
29.13425254,0.00274667,-0.00671407
29.14225254,0.00439467,-0.00848415
29.15025254,0.00170904,-0.00909452
29.15825254,-0.00030519,-0.00494400
29.16625254,-0.00018311,-0.00573748
29.17425254,-0.00115970,-0.00396741
29.18225254,-0.00042726,-0.00329600
29.19025254,0.00085452,0.00097659
29.19825254,0.00323496,-0.00518815
29.20625254,0.00000000,0.00122074
29.21425254,-0.00598163,0.00000000
29.22225254,-0.00091556,0.00201422
29.23025254,0.00061037,0.00439467
29.23825254,0.00451674,0.00549333
29.24625254,-0.00079348,0.00756859
29.25425254,0.00500504,0.00970489
29.26225254,0.00073244,0.00982696
29.27025254,0.00085452,0.00604266
29.27825254,0.00756859,0.00714133
29.28625254,-0.00018311,0.01007111
29.29425254,0.00390637,0.00781274
29.30225254,0.00134281,0.00781274
29.31025254,-0.00103763,0.00415052
29.31825254,0.00512711,0.00689718
29.32625254,-0.00140385,0.00427259
29.33425254,0.00109867,0.00805689
29.34225253,0.00024415,0.00689718
29.35025253,0.00463881,0.00738548
29.35825253,0.00189215,0.00262459
29.36625253,0.00238044,0.00250252
29.37425253,0.00073244,-0.00140385
29.38225253,0.00213630,0.00512711
29.39025253,-0.00445570,0.00122074
29.39825253,0.00323496,-0.00195318
29.40625253,0.00189215,-0.00610370
29.41425253,-0.00067141,-0.00494400
29.42225253,0.00146489,-0.00518815
29.43025253,-0.00244148,-0.00543229
29.43825253,0.00024415,-0.00897244
29.44625253,0.00299081,-0.00744652
29.45425253,0.00073244,-0.00671407
29.46225253,0.00146489,-0.01153600
29.47025253,-0.00280770,-0.00531022
29.47825253,0.00122074,-0.01287881
29.48625253,0.00213630,-0.00610370
29.49425253,0.00073244,-0.00848415
29.50225253,0.00073244,-0.00836207
29.51025253,0.00109867,-0.01141392
29.51825253,-0.00054933,-0.00775170
29.52625253,0.00250252,-0.00555437
29.53425253,0.00158696,-0.00811792
29.54225253,-0.00354015,-0.00457778
29.55025253,0.00744652,-0.00195318
29.55825253,0.00299081,-0.00244148
29.56625253,0.00274667,-0.00079348
29.57425253,0.00299081,0.00158696
29.58225253,-0.00366222,-0.00268563
29.59025253,-0.00103763,0.00311289
29.59825253,-0.00030519,-0.00494400
29.60625253,0.00085452,-0.00030519
29.61425253,-0.00177007,0.00250252
29.62225253,0.00201422,0.01019318
29.63025253,0.00817896,0.00451674
29.63825253,0.00299081,0.00549333
29.64625253,0.00061037,0.00653096
29.65425253,-0.00354015,0.00109867
29.66225253,0.00250252,0.00500504
29.67025253,0.00347911,0.00439467
29.67825253,-0.00433363,0.00616474
29.68625253,0.00122074,0.00842311
29.69425253,-0.00030519,0.00524918
29.70225252,-0.00103763,0.00756859
29.71025252,-0.00207526,0.00036622
29.71825252,0.00537126,0.00000000
29.72625252,-0.00610370,0.00653096
29.73425252,0.00036622,0.00402844
29.74225252,0.00524918,0.00225837
29.75025252,-0.00140385,0.01068148
29.75825252,-0.00494400,-0.00280770
29.76625252,-0.00280770,0.00738548
29.77425252,0.00036622,0.00335704
29.78225252,-0.00152593,0.00311289
29.79025252,0.00402844,0.00946074
29.79825252,0.00415052,-0.00354015
29.80625252,0.00012207,-0.00103763
29.81425252,0.00311289,0.00500504
29.82225252,0.00347911,0.00274667
29.83025252,0.00250252,0.00756859
29.83825252,0.00415052,0.00451674
29.84625252,-0.00244148,0.00592059
29.85425252,0.00213630,0.00024415
29.86225252,0.00189215,0.00524918
29.87025252,0.00665304,0.00781274
29.87825252,-0.00244148,0.00714133
29.88625252,0.00335704,0.00842311
29.89425252,-0.00091556,0.00726341
29.90225252,0.00146489,0.00805689
29.91025252,0.00390637,0.00915555
29.91825252,0.00225837,0.00262459
29.92625252,0.00415052,0.01171911
29.93425252,0.00134281,0.00360118
29.94225252,-0.00494400,0.00830103
29.95025252,0.00189215,0.00628681
29.95825252,0.00817896,0.01135289
29.96625252,-0.00054933,0.01361126
29.97425252,0.00250252,0.01043733
29.98225252,0.00451674,0.00793481
29.99025252,-0.00103763,0.01007111
29.99825252,0.00134281,0.01080355
30.00625252,0.00274667,0.00335704
30.01425252,0.00335704,0.01007111
30.02225252,0.00225837,0.00537126
30.03025252,0.00360118,0.01135289
30.03825252,0.00061037,0.00653096
30.04625252,0.00225837,0.00488296
30.05425251,-0.00030519,0.00726341
30.06225251,0.00378430,0.00360118
30.07025251,0.00201422,0.00537126
30.07825251,0.00036622,0.00146489
30.08625251,0.00213630,0.00378430
30.09425251,0.00109867,0.00073244
30.10225251,-0.00164800,0.00567644
30.11025251,-0.00164800,0.00073244
30.11825251,-0.00018311,0.00427259
30.12625251,0.00592059,-0.00396741
30.13425251,0.00201422,-0.00598163
30.14225251,0.00238044,-0.00329600
30.15025251,0.00189215,-0.00280770
30.15825251,0.00360118,-0.00518815
30.16625251,0.00439467,0.00122074
30.17425251,-0.00115970,-0.00408948
30.18225251,0.00122074,-0.00244148
30.19025251,0.00592059,-0.00366222
30.19825251,0.00378430,-0.00787378
30.20625251,0.00238044,-0.00824000
30.21425251,0.00048830,-0.00720237
30.22225251,0.00415052,-0.01025422
30.23025251,-0.00128178,-0.00384533
30.23825251,0.00335704,-0.00952177
30.24625251,-0.00115970,-0.01165807
30.25425251,0.00250252,-0.00720237
30.26225251,0.00579852,-0.00708029
30.27025251,0.00201422,-0.01178014
30.27825251,0.00335704,-0.00921659
30.28625251,0.00061037,-0.01037629
30.29425251,0.00878933,-0.01178014
30.30225251,0.00134281,-0.00824000
30.31025251,0.00036622,-0.00952177
30.31825251,0.00347911,-0.01416059
30.32625251,0.00097659,-0.00836207
30.33425251,-0.00646992,-0.01617481
30.34225251,0.00012207,-0.01110874
30.35025251,0.00402844,-0.01037629
30.35825251,0.00000000,-0.01086459
30.36625251,0.00665304,-0.00824000
30.37425251,0.00476089,-0.00573748
30.38225251,0.00427259,-0.01037629
30.39025251,0.00463881,-0.00482192
30.39825251,0.00262459,-0.00787378
30.40625250,-0.00067141,-0.00848415
30.41425250,0.00439467,-0.00744652
30.42225250,0.00286874,-0.00469985
30.43025250,0.00085452,-0.00787378
30.43825250,-0.00207526,0.00567644
30.44625250,-0.00103763,0.00097659
30.45425250,0.00189215,0.00677511
30.46225250,-0.00408948,0.00476089
30.47025250,-0.00042726,0.00201422
30.47825250,0.00225837,0.00378430
30.48625250,-0.00042726,0.01220740
30.49425250,-0.00177007,0.00579852
30.50225250,-0.00115970,0.01495407
30.51025250,0.00579852,0.01538133
30.51825250,-0.00195318,0.01324503
30.52625250,0.00311289,0.00592059
30.53425250,-0.00329600,0.01208533
30.54225250,-0.00421155,0.01159703
30.55025250,0.00073244,0.01293985
30.55825250,0.00012207,0.01739555
30.56625250,0.00476089,0.00738548
30.57425250,0.00097659,0.01434370
30.58225250,-0.00140385,0.01373333
30.59025250,-0.00354015,0.00994903
30.59825250,0.00726341,0.00866726
30.60625250,0.00677511,0.00628681
30.61425250,0.00628681,0.00213630
30.62225250,-0.00054933,0.00701926
30.63025250,0.00073244,-0.00042726
30.63825250,-0.00091556,-0.00482192
30.64625250,0.00451674,-0.00177007
30.65425250,-0.00482192,-0.00824000
30.66225250,-0.00115970,-0.00543229
30.67025250,-0.00354015,-0.00799585
30.67825250,-0.00469985,-0.00445570
30.68625250,0.00048830,-0.00762963
30.69425250,0.00158696,-0.01123081
30.70225250,0.00311289,-0.00646992
30.71025250,0.00402844,-0.01489303
30.71825250,-0.00195318,-0.01037629
30.72625250,0.00427259,-0.00457778
30.73425250,0.00311289,-0.00683615
30.74225250,0.00170904,-0.01214637
30.75025250,0.00286874,-0.00976592
30.75825249,0.00201422,-0.01287881
30.76625249,0.00085452,-0.01098666
30.77425249,0.00048830,-0.00799585
30.78225249,0.00201422,-0.00622578
30.79025249,0.00335704,-0.00775170
30.79825249,0.00512711,-0.01037629
30.80625249,0.00085452,-0.00054933
30.81425249,0.00048830,-0.00952177
30.82225249,0.00524918,-0.00598163
30.83025249,0.00048830,-0.00775170
30.83825249,0.00189215,-0.00445570
30.84625249,0.00262459,-0.00317392
30.85425249,0.00134281,-0.00482192
30.86225249,0.00604266,-0.00103763
30.87025249,0.00451674,-0.00219733
30.87825249,0.00189215,-0.00018311
30.88625249,0.00073244,0.00616474
30.89425249,0.00189215,0.00122074
30.90225249,0.00476089,0.00225837
30.91025249,0.00201422,0.00451674
30.91825249,0.00390637,0.00097659
30.92625249,0.00146489,0.00701926
30.93425249,-0.00115970,0.00225837
30.94225249,0.00213630,0.00036622
30.95025249,-0.00366222,0.00097659
30.95825249,-0.00115970,0.00189215
30.96625249,0.00274667,-0.00140385
30.97425249,-0.00018311,0.00238044
30.98225249,0.00347911,0.00311289
30.99025249,0.00402844,-0.00518815
30.99825249,-0.00091556,0.00451674
31.00625249,0.00024415,-0.00054933
31.01425249,0.00323496,-0.00152593
31.02225249,0.00061037,0.00097659
31.03025249,0.00073244,-0.00091556
31.03825249,-0.00366222,-0.01025422
31.04625249,0.00360118,-0.00152593
31.05425249,0.00512711,-0.00585955
31.06225249,0.00097659,-0.00885037
31.07025249,0.00299081,-0.00775170
31.07825249,0.00073244,-0.00976592
31.08625249,-0.00128178,-0.00366222
31.09425249,0.00024415,-0.00897244
31.10225249,0.00537126,-0.01086459
31.11025248,0.00653096,-0.00531022
31.11825248,0.00122074,-0.01141392
31.12625248,-0.00244148,-0.00177007
31.13425248,0.00451674,-0.00067141
31.14225248,-0.00115970,-0.00555437
31.15025248,0.00146489,-0.00305185
31.15825248,0.00024415,-0.00433363
31.16625248,0.00024415,-0.00445570
31.17425248,0.00250252,0.00640889
31.18225248,0.00537126,0.00970489
31.19025248,-0.00152593,0.00817896
31.19825248,0.00189215,0.00903348
31.20625248,0.00189215,0.01171911
31.21425248,0.00347911,0.01196326
31.22225248,0.00189215,0.01525925
31.23025248,0.00061037,0.01788385
31.23825248,0.00134281,0.01648000
31.24625248,-0.00018311,0.01574755
31.25425248,0.00347911,0.02154607
31.26225248,0.00012207,0.01293985
31.27025248,-0.00079348,0.01495407
31.27825248,0.00274667,0.01171911
31.28625248,0.00439467,0.00842311
31.29425248,0.00213630,0.01031526
31.30225248,0.00085452,0.00439467
31.31025248,0.00189215,0.00805689
31.31825248,-0.00256355,0.00146489
31.32625248,0.00604266,-0.00256355
31.33425248,0.00476089,-0.00494400
31.34225248,0.00286874,-0.00421155
31.35025248,0.00012207,-0.00775170
31.35825248,0.00592059,-0.01098666
31.36625248,-0.00018311,-0.01757866
31.37425248,0.00347911,-0.02008118
31.38225248,0.00048830,-0.01898251
31.39025248,0.00262459,-0.02386547
31.39825248,-0.00091556,-0.02691733
31.40625248,-0.00128178,-0.02587970
31.41425248,0.00286874,-0.02679525
31.42225248,0.00378430,-0.02612384
31.43025248,0.00274667,-0.02398755
31.43825248,-0.00244148,-0.02856532
31.44625248,-0.00366222,-0.02111881
31.45425248,-0.00054933,-0.02075259
31.46225248,0.00085452,-0.02465896
31.47025247,0.00097659,-0.02410962
31.47825247,-0.00128178,-0.01629688
31.48625247,0.00097659,-0.01519822
31.49425247,0.00299081,-0.01391644
31.50225247,-0.00018311,-0.01190222
31.51025247,-0.00195318,-0.01190222
31.51825247,0.00189215,-0.00598163
31.52625247,-0.00018311,-0.00384533
31.53425247,0.00537126,-0.00292978
31.54225247,0.00073244,-0.00408948
31.55025247,0.00213630,0.00537126
31.55825247,0.00036622,0.00311289
31.56625247,0.00036622,0.00402844
31.57425247,0.00097659,0.00360118
31.58225247,0.00238044,0.00286874
31.59025247,0.00250252,0.00689718
31.59825247,0.00109867,0.00415052
31.60625247,0.00274667,0.00415052
31.61425247,0.00427259,0.00427259
31.62225247,0.00274667,0.00201422
31.63025247,0.00073244,-0.00128178
31.63825247,-0.00042726,0.00311289
31.64625247,0.00323496,0.00500504
31.65425247,0.00286874,-0.00231941
31.66225247,-0.00195318,-0.00671407
31.67025247,-0.00396741,-0.00646992
31.67825247,0.00415052,-0.00787378
31.68625247,-0.00164800,-0.00457778
31.69425247,-0.00354015,-0.01086459
31.70225247,0.00134281,-0.01049837
31.71025247,-0.00292978,-0.01464888
31.71825247,-0.00152593,-0.01440474
31.72625247,-0.00140385,-0.01477096
31.73425247,0.00286874,-0.01544237
31.74225247,-0.00103763,-0.01629688
31.75025247,0.00061037,-0.01013215
31.75825247,0.00170904,-0.01355022
31.76625247,0.00189215,-0.00573748
31.77425247,-0.00054933,-0.01123081
31.78225247,0.00579852,-0.00634785
31.79025247,0.00134281,-0.00787378
31.79825247,0.00567644,-0.00054933
31.80625247,-0.00079348,-0.00244148
31.81425247,0.00170904,-0.00103763
31.82225246,0.00238044,0.00439467
31.83025246,0.00109867,0.00189215
31.83825246,0.00512711,-0.00317392
31.84625246,0.00048830,-0.00268563
31.85425246,0.00024415,0.00653096
31.86225246,0.00262459,0.00378430
31.87025246,0.00085452,0.00189215
31.87825246,0.00036622,0.00830103
31.88625246,-0.00506607,0.00946074
31.89425246,0.00299081,0.00769066
31.90225246,0.00061037,0.00158696
31.91025246,0.00097659,0.00311289
31.91825246,0.00286874,-0.00128178
31.92625246,-0.00341807,0.00549333
31.93425246,0.00311289,-0.00152593
31.94225246,0.00238044,0.00201422
31.95025246,-0.00195318,-0.00177007
31.95825246,-0.00280770,-0.00384533
31.96625246,-0.00177007,-0.00152593
31.97425246,0.00286874,-0.00384533
31.98225246,0.00402844,-0.00732444
31.99025246,0.00225837,-0.00457778
31.99825246,-0.00445570,-0.00518815
32.00625246,-0.00244148,-0.00860622
32.01425246,0.00189215,-0.00921659
32.02225246,0.00378430,-0.01416059
32.03025246,0.00451674,-0.01123081
32.03825246,0.00537126,-0.00921659
32.04625246,0.00476089,-0.01330607
32.05425246,-0.00018311,-0.01226844
32.06225246,-0.00195318,-0.01037629
32.07025246,-0.00195318,-0.00659200
32.07825246,0.00402844,-0.01464888
32.08625246,0.00915555,-0.00384533
32.09425246,0.00628681,-0.00177007
32.10225246,0.00250252,-0.00585955
32.11025246,0.00134281,-0.00543229
32.11825246,-0.00079348,-0.00030519
32.12625246,0.00415052,0.00024415
32.13425246,0.00073244,0.00238044
32.14225246,0.00677511,0.00604266
32.15025246,0.00225837,0.00726341
32.15825246,0.00000000,0.01147496
32.16625246,0.00085452,0.00927763
32.17425245,0.00225837,0.00946074
32.18225245,0.00390637,0.00793481
32.19025245,-0.00079348,0.01245155
32.19825245,0.00286874,0.00805689
32.20625245,-0.00231941,0.01007111
32.21425245,0.00592059,0.01019318
32.22225245,-0.00067141,0.01538133
32.23025245,-0.00091556,0.00616474
32.23825245,0.00512711,0.01116977
32.24625245,0.00390637,0.01495407
32.25425245,0.00579852,0.00738548
32.26225245,0.00073244,0.01257363
32.27025245,0.00488296,0.00640889
32.27825245,0.00335704,0.00640889
32.28625245,0.00567644,0.00958281
32.29425245,0.00024415,0.00994903
32.30225245,0.00036622,0.01184118
32.31025245,0.00213630,0.01348918
32.31825245,-0.00177007,0.00878933
32.32625245,-0.00177007,0.01348918
32.33425245,0.00225837,0.01306192
32.34225245,0.00238044,0.00903348
32.35025245,0.00097659,0.00903348
32.35825245,0.00390637,0.00994903
32.36625245,-0.00268563,0.00927763
32.37425245,0.00402844,0.00866726
32.38225245,0.00238044,0.01196326
32.39025245,0.00073244,0.00891140
32.39825245,0.00390637,0.00946074
32.40625245,-0.00115970,0.00970489
32.41425245,-0.00091556,0.00842311
32.42225245,0.00402844,0.00579852
32.43025245,0.00299081,0.00866726
32.43825245,0.00213630,0.00726341
32.44625245,-0.00164800,0.00189215
32.45425245,-0.00720237,0.00378430
32.46225245,0.00213630,0.00073244
32.47025245,0.00665304,0.00061037
32.47825245,0.00213630,0.00146489
32.48625245,0.00061037,-0.00268563
32.49425245,0.00549333,-0.00030519
32.50225245,-0.00329600,-0.00555437
32.51025245,0.00689718,-0.00231941
32.51825245,-0.00207526,-0.00573748
32.52625244,0.00238044,-0.00421155
32.53425244,0.00769066,0.00311289
32.54225244,0.00274667,-0.00506607
32.55025244,0.00262459,-0.00317392
32.55825244,-0.00115970,-0.00433363
32.56625244,0.00488296,-0.00622578
32.57425244,0.00158696,-0.00445570
32.58225244,0.00061037,-0.00634785
32.59025244,0.00567644,0.00012207
32.59825244,0.00311289,-0.00384533
32.60625244,-0.00341807,0.00109867
32.61425244,-0.00079348,-0.00164800
32.62225244,0.00134281,0.00390637
32.63025244,-0.00067141,0.00982696
32.63825244,0.00427259,0.00891140
32.64625244,0.00158696,0.01220740
32.65425244,-0.00079348,0.00689718
32.66225244,0.00109867,0.00805689
32.67025244,0.00073244,0.00958281
32.67825244,0.00061037,0.00817896
32.68625244,0.00549333,0.01293985
32.69425244,-0.00164800,0.00903348
32.70225244,0.00146489,0.01385540
32.71025244,-0.00091556,0.01080355
32.71825244,0.00335704,0.00830103
32.72625244,0.00170904,0.01702933
32.73425244,0.00146489,0.00769066
32.74225244,0.00323496,0.01599170
32.75025244,0.00427259,0.00665304
32.75825244,0.00158696,0.00537126
32.76625244,0.00262459,0.00225837
32.77425244,0.00262459,0.00360118
32.78225244,-0.00469985,0.00073244
32.79025244,0.00323496,0.00213630
32.79825244,0.00201422,-0.00811792
32.80625244,0.00213630,-0.00445570
32.81425244,0.00225837,-0.00683615
32.82225244,0.00073244,-0.00292978
32.83025244,0.00085452,-0.00708029
32.83825244,0.00402844,-0.00482192
32.84625244,0.00213630,-0.00457778
32.85425244,0.00189215,-0.00268563
32.86225244,0.00335704,-0.00921659
32.87025244,-0.00128178,-0.00518815
32.87825243,0.00262459,-0.00585955
32.88625243,0.00024415,-0.00708029
32.89425243,0.00323496,0.00213630
32.90225243,-0.00177007,-0.00115970
32.91025243,0.00311289,-0.00646992
32.91825243,0.00274667,-0.00195318
32.92625243,0.00579852,-0.00622578
32.93425243,0.00036622,0.00286874
32.94225243,0.00158696,-0.00732444
32.95025243,0.00347911,0.00213630
32.95825243,0.00427259,0.00335704
32.96625243,0.00524918,0.00048830
32.97425243,0.00189215,0.00299081
32.98225243,0.00225837,0.00360118
32.99025243,0.00286874,0.00073244
32.99825243,0.00024415,0.00262459
33.00625243,0.00134281,0.00122074
33.01425243,0.00122074,0.00274667
33.02225243,0.00488296,0.00439467
33.03025243,0.00024415,-0.00177007
33.03825243,-0.00341807,0.00390637
33.04625243,-0.00152593,0.00085452
33.05425243,-0.00067141,0.00378430
33.06225243,-0.00341807,-0.00207526
33.07025243,0.00048830,0.00274667
33.07825243,0.00476089,-0.00164800
33.08625243,0.00189215,-0.00433363
33.09425243,0.00323496,-0.00396741
33.10225243,-0.00207526,-0.00634785
33.11025243,-0.00030519,-0.00445570
33.11825243,0.00262459,-0.00952177
33.12625243,0.00061037,-0.00164800
33.13425243,-0.00152593,-0.00384533
33.14225243,-0.00268563,-0.00384533
33.15025243,0.00714133,-0.00787378
33.15825243,0.00061037,-0.00103763
33.16625243,0.00335704,0.00201422
33.17425243,0.00201422,0.00250252
33.18225243,0.00781274,0.00109867
33.19025243,0.00048830,0.00592059
33.19825243,0.00085452,0.00628681
33.20625243,-0.00128178,0.00677511
33.21425243,0.00488296,0.00488296
33.22225243,-0.00280770,0.00537126
33.23025243,0.00012207,0.01068148
33.23825242,0.00323496,0.00500504
33.24625242,0.00146489,0.00714133
33.25425242,0.00146489,0.01611377
33.26225242,-0.00103763,0.00891140
33.27025242,0.00390637,0.00781274
33.27825242,0.00134281,0.00830103
33.28625242,0.00012207,0.01196326
33.29425242,-0.00482192,0.00878933
33.30225242,0.00500504,0.01257363
33.31025242,0.00512711,0.00866726
33.31825242,0.00512711,0.00830103
33.32625242,0.00189215,0.00994903
33.33425242,0.00170904,0.01293985
33.34225242,0.00238044,0.00781274
33.35025242,0.00628681,0.00390637
33.35825242,-0.00115970,0.00299081
33.36625242,0.00012207,0.00830103
33.37425242,0.00323496,0.00439467
33.38225242,-0.00030519,0.00286874
33.39025242,-0.00115970,0.00238044
33.39825242,0.00134281,-0.00305185
33.40625242,0.00347911,-0.00305185
33.41425242,0.00476089,-0.00018311
33.42225242,0.00213630,-0.00384533
33.43025242,0.00012207,-0.00445570
33.43825242,0.00579852,-0.01049837
33.44625242,-0.00140385,-0.00292978
33.45425242,-0.00079348,-0.00573748
33.46225242,0.00170904,-0.00268563
33.47025242,0.00323496,-0.00964385
33.47825242,0.00213630,-0.00305185
33.48625242,0.00286874,-0.00408948
33.49425242,0.00427259,-0.00683615
33.50225242,-0.00518815,0.00262459
33.51025242,0.00970489,-0.00067141
33.51825242,0.00439467,-0.00744652
33.52625242,0.00439467,0.00201422
33.53425242,0.00024415,-0.00354015
33.54225242,0.00000000,0.00524918
33.55025242,-0.00292978,0.00415052
33.55825242,0.00463881,0.00201422
33.56625242,0.00170904,0.00653096
33.57425242,0.00311289,0.00476089
33.58225242,-0.00811792,-0.00067141
33.59025241,0.00512711,-0.00018311
33.59825241,0.00390637,0.00439467
33.60625241,0.00061037,0.00854518
33.61425241,-0.00268563,0.00866726
33.62225241,0.00189215,0.00000000
33.63025241,0.00360118,0.00500504
33.63825241,-0.00103763,0.00323496
33.64625241,0.00360118,0.00781274
33.65425241,0.00024415,0.00524918
33.66225241,-0.00408948,-0.00030519
33.67025241,0.00579852,0.00640889
33.67825241,0.00158696,0.00604266
33.68625241,0.00158696,0.00390637
33.69425241,-0.00195318,0.00842311
33.70225241,0.00347911,0.00335704
33.71025241,0.00036622,0.00390637
33.71825241,0.00286874,0.00134281
33.72625241,-0.00177007,0.00109867
33.73425241,0.00036622,0.00549333
33.74225241,0.00549333,-0.00256355
33.75025241,0.00012207,-0.00115970
33.75825241,-0.00067141,0.00854518
33.76625241,0.00250252,-0.00256355
33.77425241,0.00549333,-0.00152593
33.78225241,0.00286874,0.00134281
33.79025241,0.00549333,0.00122074
33.79825241,0.00158696,0.00390637
33.80625241,0.00512711,-0.00244148
33.81425241,-0.00128178,-0.00256355
33.82225241,-0.00280770,-0.00531022
33.83025241,-0.00292978,-0.00256355
33.83825241,0.00439467,-0.00695822
33.84625241,-0.00256355,-0.00042726
33.85425241,0.00378430,-0.00683615
33.86225241,0.00170904,-0.00445570
33.87025241,0.00048830,-0.00408948
33.87825241,0.00463881,-0.00921659
33.88625241,0.00109867,-0.00720237
33.89425241,0.00378430,-0.01025422
33.90225241,0.00476089,-0.00421155
33.91025241,0.00549333,-0.00634785
33.91825241,0.00286874,-0.01226844
33.92625241,0.00378430,-0.01202429
33.93425241,-0.00457778,-0.00457778
33.94225240,-0.00177007,-0.00762963
33.95025240,0.00073244,-0.01330607
33.95825240,0.00347911,-0.01123081
33.96625240,0.00109867,-0.01202429
33.97425240,0.00146489,-0.00671407
33.98225240,0.00146489,-0.01141392
33.99025240,-0.00091556,-0.00860622
33.99825240,0.00347911,-0.00775170
34.00625240,0.00579852,-0.01287881
34.01425240,0.00451674,-0.00518815
34.02225240,0.00134281,-0.00341807
34.03025240,0.00592059,-0.00543229
34.03825240,0.00311289,-0.00671407
34.04625240,0.00463881,-0.00317392
34.05425240,0.00476089,-0.00354015
34.06225240,0.00933866,-0.00659200
34.07025240,0.00500504,-0.00622578
34.07825240,0.00451674,0.00122074
34.08625240,-0.00292978,0.00012207
34.09425240,0.00213630,0.00189215
34.10225240,0.00158696,0.00439467
34.11025240,0.00109867,0.00463881
34.11825240,0.00048830,0.00311289
34.12625240,-0.00091556,-0.00091556
34.13425240,0.00274667,0.00360118
34.14225240,-0.00256355,0.00213630
34.15025240,-0.00177007,0.00463881
34.15825240,0.00286874,0.00109867
34.16625240,-0.00195318,0.00628681
34.17425240,0.00726341,-0.00152593
34.18225240,-0.00042726,0.00524918
34.19025240,0.00000000,0.00537126
34.19825240,-0.00103763,0.00891140
34.20625240,0.00476089,-0.00244148
34.21425240,0.00012207,0.00805689
34.22225240,0.00347911,0.00158696
34.23025240,0.00390637,0.00592059
34.23825240,-0.00042726,0.00360118
34.24625240,0.00335704,-0.00018311
34.25425240,0.00616474,-0.00317392
34.26225240,0.00512711,0.00109867
34.27025240,0.00299081,0.00360118
34.27825240,-0.00018311,0.00451674
34.28625240,0.00134281,-0.00030519
34.29425239,0.00189215,0.00048830
34.30225239,-0.00305185,0.00262459
34.31025239,0.00201422,0.00146489
34.31825239,0.00073244,-0.00195318
34.32625239,0.00000000,-0.00207526
34.33425239,-0.00280770,0.00036622
34.34225239,0.00286874,0.00036622
34.35025239,-0.00103763,-0.00115970
34.35825239,0.00201422,0.00109867
34.36625239,0.00427259,-0.00128178
34.37425239,0.00286874,-0.00244148
34.38225239,-0.00305185,-0.00354015
34.39025239,-0.00128178,0.00238044
34.39825239,-0.00482192,-0.00231941
34.40625239,-0.00177007,0.00238044
34.41425239,-0.00091556,-0.00543229
34.42225239,0.00073244,-0.00140385
34.43025239,0.00085452,-0.00775170
34.43825239,0.00085452,-0.00646992
34.44625239,0.00048830,-0.00433363
34.45425239,-0.00091556,-0.00433363
34.46225239,0.00024415,-0.00219733
34.47025239,0.00036622,-0.00128178
34.47825239,0.00274667,-0.00506607
34.48625239,0.00274667,-0.00457778
34.49425239,0.00451674,-0.00366222
34.50225239,-0.00115970,-0.00836207
34.51025239,-0.00317392,-0.00421155
34.51825239,-0.00115970,0.00073244
34.52625239,-0.00268563,-0.00421155
34.53425239,-0.00384533,-0.00292978
34.54225239,0.00439467,0.00073244
34.55025239,-0.00177007,-0.00445570
34.55825239,0.00048830,-0.00531022
34.56625239,-0.00384533,-0.00018311
34.57425239,0.00122074,0.00024415
34.58225239,0.00628681,-0.00091556
34.59025239,0.00146489,0.00085452
34.59825239,0.00048830,-0.00152593
34.60625239,0.00061037,0.00134281
34.61425239,0.00024415,0.00250252
34.62225239,0.00024415,0.00500504
34.63025239,0.00048830,0.00201422
34.63825239,-0.00317392,-0.00408948
34.64625238,-0.00042726,0.00592059
34.65425238,-0.00030519,0.00213630
34.66225238,-0.00067141,0.00073244
34.67025238,0.00274667,-0.00292978
34.67825238,0.00146489,0.00170904
34.68625238,0.00012207,0.00109867
34.69425238,0.00415052,-0.00268563
34.70225238,0.00158696,0.00201422
34.71025238,-0.00018311,0.00146489
34.71825238,0.00109867,0.00012207
34.72625238,-0.00531022,0.00085452
34.73425238,0.00189215,0.00262459
34.74225238,0.00286874,0.00653096
34.75025238,0.00439467,0.00653096
34.75825238,0.00073244,0.00073244
34.76625238,-0.00244148,0.00390637
34.77425238,0.00213630,0.00262459
34.78225238,0.00024415,0.00274667
34.79025238,0.00262459,0.00225837
34.79825238,0.00286874,0.01019318
34.80625238,-0.00207526,0.00476089
34.81425238,0.00201422,0.00738548
34.82225238,0.00201422,-0.00067141
34.83025238,-0.00195318,-0.00177007
34.83825238,-0.00152593,-0.00115970
34.84625238,-0.00054933,0.00109867
34.85425238,0.00299081,0.00274667
34.86225238,0.00085452,0.00274667
34.87025238,0.00134281,-0.00811792
34.87825238,0.00158696,-0.00177007
34.88625238,0.00335704,-0.00244148
34.89425238,-0.00317392,-0.00128178
34.90225238,0.00335704,0.00134281
34.91025238,-0.00018311,-0.00219733
34.91825238,-0.00018311,-0.00482192
34.92625238,-0.00354015,-0.00256355
34.93425238,0.00250252,-0.00317392
34.94225238,0.00170904,-0.00384533
34.95025238,0.00347911,-0.00744652
34.95825238,0.00238044,0.00109867
34.96625238,-0.00195318,-0.00329600
34.97425238,0.00390637,-0.00598163
34.98225238,0.00628681,-0.00708029
34.99025238,-0.00091556,-0.00518815
34.99825238,-0.00128178,-0.00646992
35.00625237,0.00512711,0.00000000
35.01425237,0.00250252,-0.00177007
35.02225237,0.00036622,-0.00396741
35.03025237,0.00122074,-0.00598163
35.03825237,-0.00091556,-0.00103763
35.04625237,0.00085452,0.00061037
35.05425237,0.00323496,-0.00354015
35.06225237,0.00146489,0.00000000
35.07025237,0.00213630,-0.00152593
35.07825237,-0.00244148,0.00701926
35.08625237,-0.00018311,0.00250252
35.09425237,0.00335704,0.00189215
35.10225237,0.00360118,0.00549333
35.11025237,0.00000000,-0.00396741
35.11825237,0.00500504,-0.00140385
35.12625237,0.00463881,-0.00341807
35.13425237,0.00476089,0.00048830
35.14225237,0.00323496,-0.00030519
35.15025237,0.00390637,-0.00219733
35.15825237,0.00109867,0.00347911
35.16625237,0.00097659,-0.00164800
35.17425237,0.00390637,0.00012207
35.18225237,0.00122074,0.00036622
35.19025237,0.00000000,-0.00152593
35.19825237,0.00360118,0.00012207
35.20625237,0.00323496,-0.00207526
35.21425237,0.00415052,0.00012207
35.22225237,0.00048830,-0.00079348
35.23025237,0.00378430,0.00360118
35.23825237,-0.00042726,0.00665304
35.24625237,0.00323496,-0.00030519
35.25425237,0.00073244,0.00628681
35.26225237,-0.00396741,-0.00091556
35.27025237,0.00378430,0.00158696
35.27825237,-0.00268563,-0.00164800
35.28625237,0.00122074,0.00189215
35.29425237,-0.00079348,0.00134281
35.30225237,0.00299081,-0.00305185
35.31025237,0.00085452,0.00274667
35.31825237,0.00109867,0.00701926
35.32625237,0.00549333,0.00061037
35.33425237,-0.00384533,0.00311289
35.34225237,0.00689718,-0.00128178
35.35025237,0.00048830,0.00756859
35.35825236,0.00500504,0.00982696
35.36625236,0.00109867,0.00476089
35.37425236,-0.00103763,0.00158696
35.38225236,0.00299081,0.00299081
35.39025236,0.00024415,-0.00042726
35.39825236,-0.00042726,0.00036622
35.40625236,0.00000000,0.00726341
35.41425236,0.00476089,0.00689718
35.42225236,0.00225837,0.00500504
35.43025236,0.00274667,0.00323496
35.43825236,0.00262459,0.00817896
35.44625236,0.00463881,0.00524918
35.45425236,-0.00067141,0.00427259
35.46225236,0.00146489,0.00427259
35.47025236,-0.00079348,0.00567644
35.47825236,0.00036622,0.00189215
35.48625236,0.00451674,0.00512711
35.49425236,-0.00054933,0.00970489
35.50225236,0.00061037,0.00549333
35.51025236,-0.00054933,0.00311289
35.51825236,0.00201422,0.00488296
35.52625236,0.00311289,0.00360118
35.53425236,-0.00140385,0.00689718
35.54225236,0.00225837,0.00616474
35.55025236,-0.00433363,0.00427259
35.55825236,0.00427259,0.00701926
35.56625236,0.00146489,0.00549333
35.57425236,0.00488296,0.00476089
35.58225236,0.00262459,0.00415052
35.59025236,0.00390637,0.00756859
35.59825236,0.00036622,0.00714133
35.60625236,-0.00280770,0.00891140
35.61425236,0.00262459,0.00189215
35.62225236,0.00189215,0.00830103
35.63025236,0.00299081,0.00592059
35.63825236,0.00238044,0.00390637
35.64625236,0.00549333,0.00604266
35.65425236,0.00286874,0.00537126
35.66225236,-0.00115970,0.00378430
35.67025236,-0.00103763,0.00439467
35.67825236,0.00201422,0.00488296
35.68625236,0.00024415,0.00250252
35.69425236,0.00488296,0.00512711
35.70225236,-0.00164800,0.00439467
35.71025235,0.00170904,0.00854518
35.71825235,0.00189215,0.00738548
35.72625235,0.00323496,0.00415052
35.73425235,0.00323496,0.00134281
35.74225235,0.00323496,0.00451674
35.75025235,0.00000000,0.00427259
35.75825235,0.00201422,0.00982696
35.76625235,-0.00030519,0.00970489
35.77425235,0.00299081,0.00549333
35.78225235,0.00201422,-0.00030519
35.79025235,-0.00067141,0.00579852
35.79825235,-0.00115970,0.01525925
35.80625235,-0.00280770,0.00158696
35.81425235,0.00109867,0.00476089
35.82225235,0.00189215,0.00915555
35.83025235,-0.00177007,0.00451674
35.83825235,0.00073244,-0.00177007
35.84625235,-0.00067141,0.00390637
35.85425235,0.00012207,0.01019318
35.86225235,0.00061037,0.01306192
35.87025235,0.00134281,-0.00494400
35.87825235,0.00274667,-0.00164800
35.88625235,-0.00646992,0.01269570
35.89425235,0.00451674,0.01171911
35.90225235,0.00097659,-0.00396741
35.91025235,0.00225837,0.00073244
35.91825235,-0.00128178,0.00927763
35.92625235,0.00335704,0.00378430
35.93425235,0.00012207,-0.00231941
35.94225235,0.00451674,-0.00384533
35.95025235,0.00225837,0.00323496
35.95825235,0.00335704,0.00524918
35.96625235,0.00036622,-0.00329600
35.97425235,-0.00018311,0.00073244
35.98225235,-0.00140385,0.00378430
35.99025235,0.00170904,0.00286874
35.99825235,-0.00177007,-0.00848415
36.00625235,0.00024415,0.00158696
36.01425235,0.00109867,0.00286874
36.02225235,0.00592059,-0.00115970
36.03025235,0.00415052,-0.00115970
36.03825235,-0.00152593,-0.00408948
36.04625235,0.00012207,-0.00030519
36.05425235,-0.00531022,-0.00128178
36.06225234,0.00000000,-0.00659200
36.07025234,0.00238044,-0.00585955
36.07825234,-0.00384533,-0.00573748
36.08625234,0.00378430,-0.00408948
36.09425234,0.00323496,-0.00445570
36.10225234,-0.00341807,-0.00341807
36.11025234,0.00036622,0.00097659
36.11825234,-0.00030519,-0.00152593
36.12625234,0.00512711,-0.00836207
36.13425234,0.00250252,-0.00585955
36.14225234,-0.00079348,-0.00683615
36.15025234,-0.00305185,-0.00103763
36.15825234,0.00189215,-0.00408948
36.16625234,0.00109867,-0.00744652
36.17425234,0.00097659,-0.00164800
36.18225234,0.00134281,-0.00103763
36.19025234,0.00592059,-0.00836207
36.19825234,0.00274667,-0.00872829
36.20625234,-0.00457778,-0.00598163
36.21425234,0.00250252,-0.00646992
36.22225234,0.00311289,-0.00164800
36.23025234,-0.00244148,-0.00244148
36.23825234,0.00567644,-0.00408948
36.24625234,0.00122074,-0.00091556
36.25425234,-0.00396741,-0.00720237
36.26225234,0.00537126,-0.00103763
36.27025234,0.00628681,-0.00836207
36.27825234,0.00012207,-0.00555437
36.28625234,-0.00054933,-0.00268563
36.29425234,-0.00115970,-0.00408948
36.30225234,0.00463881,-0.00445570
36.31025234,-0.00408948,-0.00445570
36.31825234,-0.00042726,-0.00555437
36.32625234,0.00097659,-0.00732444
36.33425234,0.00262459,-0.00897244
36.34225234,0.00335704,-0.00482192
36.35025234,0.00274667,-0.00964385
36.35825234,0.00378430,-0.00921659
36.36625234,0.00097659,-0.00543229
36.37425234,0.00109867,-0.00708029
36.38225234,0.00238044,-0.00573748
36.39025234,0.00714133,-0.00598163
36.39825234,-0.00317392,-0.00824000
36.40625234,0.00439467,-0.00885037
36.41425233,0.00024415,-0.00646992
36.42225233,0.00463881,-0.00292978
36.43025233,-0.00067141,-0.00329600
36.43825233,0.00048830,-0.00482192
36.44625233,0.00109867,0.00299081
36.45425233,-0.00140385,-0.00494400
36.46225233,0.00225837,-0.00042726
36.47025233,-0.00067141,-0.00292978
36.47825233,-0.00140385,-0.00457778
36.48625233,0.00274667,-0.00280770
36.49425233,-0.00152593,-0.00762963
36.50225233,0.00061037,-0.00408948
36.51025233,-0.00054933,-0.00115970
36.51825233,0.00390637,-0.00177007
36.52625233,-0.00445570,-0.00079348
36.53425233,-0.00030519,-0.00152593
36.54225233,0.00830103,-0.00585955
36.55025233,-0.00128178,-0.00140385
36.55825233,0.00170904,0.00000000
36.56625233,0.00000000,-0.00811792
36.57425233,-0.00018311,-0.00531022
36.58225233,-0.00018311,-0.00354015
36.59025233,0.00402844,0.00085452
36.59825233,-0.00366222,-0.00152593
36.60625233,-0.00030519,-0.00396741
36.61425233,-0.00366222,-0.00317392
36.62225233,0.00036622,-0.00445570
36.63025233,-0.00408948,0.00048830
36.63825233,0.00000000,0.00097659
36.64625233,-0.00268563,0.00213630
36.65425233,-0.00219733,-0.00329600
36.66225233,-0.00341807,-0.00421155
36.67025233,0.00427259,-0.00408948
36.67825233,0.00048830,-0.00836207
36.68625233,0.00604266,-0.00128178
36.69425233,0.00213630,0.00036622
36.70225233,0.00109867,-0.00354015
36.71025233,0.00085452,-0.00091556
36.71825233,0.00274667,0.00146489
36.72625233,0.00274667,-0.00354015
36.73425233,0.00048830,-0.00054933
36.74225233,0.00170904,0.00085452
36.75025233,0.00122074,-0.00280770
36.75825233,0.00213630,-0.00354015
36.76625233,0.00604266,-0.00280770
36.77425232,0.00549333,-0.00177007
36.78225232,0.00524918,-0.00354015
36.79025232,-0.00091556,-0.00457778
36.79825232,0.00000000,-0.00408948
36.80625232,0.00817896,-0.00164800
36.81425232,0.00805689,-0.00305185
36.82225232,-0.00305185,-0.00268563
36.83025232,0.00378430,-0.00152593
36.83825232,0.00524918,-0.00341807
36.84625232,-0.00030519,-0.00207526
36.85425232,0.00012207,0.00048830
36.86225232,0.00616474,-0.00231941
36.87025232,-0.00128178,-0.00396741
36.87825232,0.00463881,0.00238044
36.88625232,0.00250252,-0.00195318
36.89425232,0.00073244,0.00109867
36.90225232,-0.00329600,-0.00433363
36.91025232,0.00714133,0.00085452
36.91825232,-0.00384533,-0.00018311
36.92625232,0.00189215,-0.00543229
36.93425232,-0.00115970,0.00262459
36.94225232,0.00427259,0.00073244
36.95025232,0.00061037,0.00170904
36.95825232,-0.00152593,0.00012207
36.96625232,0.00238044,-0.00366222
36.97425232,0.00024415,-0.00268563
36.98225232,0.00061037,0.00170904
36.99025232,0.00323496,-0.00396741
36.99825232,0.00451674,-0.00067141
37.00625232,0.00463881,0.00311289
37.01425232,-0.00152593,-0.00305185
37.02225232,0.00012207,0.00170904
37.03025232,-0.00030519,0.00579852
37.03825232,0.00109867,0.00000000
37.04625232,-0.00280770,0.00048830
37.05425232,-0.00128178,-0.00067141
37.06225232,-0.00042726,0.00012207
37.07025232,0.00726341,-0.00341807
37.07825232,-0.00280770,-0.00152593
37.08625232,0.00238044,-0.00030519
37.09425232,0.00299081,-0.00622578
37.10225232,0.00048830,-0.00732444
37.11025232,0.00311289,-0.00244148
37.11825232,0.00048830,-0.00384533
37.12625231,0.00402844,-0.00177007
37.13425231,0.00225837,-0.00531022
37.14225231,0.00122074,0.00024415
37.15025231,-0.00433363,-0.00988800
37.15825231,0.00048830,-0.00659200
37.16625231,0.00000000,-0.00366222
37.17425231,0.00299081,-0.00396741
37.18225231,0.00512711,-0.00341807
37.19025231,0.00061037,-0.00598163
37.19825231,0.00878933,-0.00671407
37.20625231,-0.00018311,-0.00610370
37.21425231,-0.00054933,-0.00573748
37.22225231,0.00451674,-0.00280770
37.23025231,-0.00494400,-0.00366222
37.23825231,0.00189215,-0.00408948
37.24625231,-0.00268563,-0.00207526
37.25425231,-0.00079348,-0.00433363
37.26225231,-0.00256355,-0.00341807
37.27025231,0.00146489,-0.00219733
37.27825231,0.00262459,-0.00433363
37.28625231,-0.00042726,0.00201422
37.29425231,0.00036622,-0.00329600
37.30225231,0.00274667,-0.00744652
37.31025231,-0.00054933,-0.00860622
37.31825231,0.00048830,-0.00897244
37.32625231,0.00714133,0.00073244
37.33425231,0.00463881,-0.00317392
37.34225231,0.00744652,-0.00128178
37.35025231,0.00012207,-0.00506607
37.35825231,0.00524918,-0.00585955
37.36625231,0.00073244,-0.00305185
37.37425231,-0.00317392,-0.00494400
37.38225231,0.00415052,-0.00836207
37.39025231,-0.00042726,-0.00708029
37.39825231,0.00537126,-0.00244148
37.40625231,0.00347911,-0.00744652
37.41425231,-0.00219733,-0.00177007
37.42225231,0.00274667,-0.00115970
37.43025231,0.00036622,-0.00366222
37.43825231,0.00225837,-0.00622578
37.44625231,-0.00396741,-0.00329600
37.45425231,0.00170904,-0.00091556
37.46225231,0.00427259,-0.00195318
37.47025231,0.00061037,0.00000000
37.47825230,-0.00079348,-0.00231941
37.48625230,-0.00042726,-0.00543229
37.49425230,0.00347911,0.00109867
37.50225230,0.00500504,-0.00317392
37.51025230,0.00036622,-0.00292978
37.51825230,-0.00067141,-0.00164800
37.52625230,0.00213630,-0.00115970
37.53425230,0.00335704,0.00311289
37.54225230,0.00323496,0.00073244
37.55025230,0.01031526,-0.00042726
37.55825230,-0.00396741,-0.00018311
37.56625230,0.00335704,-0.00622578
37.57425230,0.00262459,-0.00244148
37.58225230,0.00274667,-0.00329600
37.59025230,-0.00152593,-0.00268563
37.59825230,-0.00341807,-0.00421155
37.60625230,0.00274667,0.00286874
37.61425230,-0.00433363,0.00451674
37.62225230,-0.00115970,-0.00280770
37.63025230,0.00512711,0.00024415
37.63825230,-0.00079348,0.00488296
37.64625230,-0.00177007,-0.00103763
37.65425230,0.00476089,-0.00140385
37.66225230,-0.00018311,0.00085452
37.67025230,-0.00042726,-0.00421155
37.67825230,-0.00140385,-0.00445570
37.68625230,0.00415052,-0.00457778
37.69425230,-0.00433363,-0.00128178
37.70225230,0.00286874,0.00036622
37.71025230,0.00415052,0.00146489
37.71825230,-0.00469985,0.00085452
37.72625230,0.00360118,-0.00018311
37.73425230,0.00311289,0.00073244
37.74225230,0.00579852,-0.00799585
37.75025230,0.00238044,-0.00067141
37.75825230,0.00335704,0.00225837
37.76625230,0.00122074,0.00567644
37.77425230,-0.00421155,0.00225837
37.78225230,0.00830103,-0.00030519
37.79025230,0.00250252,0.00323496
37.79825230,0.00488296,0.00036622
37.80625230,0.00262459,0.00451674
37.81425230,-0.00219733,0.00048830
37.82225230,0.00360118,-0.00244148
37.83025229,0.00347911,-0.00054933
37.83825229,0.00000000,0.00134281
37.84625229,0.00122074,-0.00231941
37.85425229,0.00262459,0.00213630
37.86225229,-0.00164800,0.00415052
37.87025229,0.00323496,0.00286874
37.87825229,-0.00207526,0.00524918
37.88625229,0.00012207,0.00781274
37.89425229,-0.00115970,0.00134281
37.90225229,0.00378430,0.00323496
37.91025229,0.00378430,0.00537126
37.91825229,0.00439467,0.00024415
37.92625229,0.00262459,0.00360118
37.93425229,-0.00067141,-0.00018311
37.94225229,0.00000000,-0.00115970
37.95025229,0.00213630,0.00451674
37.95825229,0.00024415,0.00390637
37.96625229,0.00415052,0.00286874
37.97425229,-0.00231941,0.00476089
37.98225229,0.00170904,-0.00305185
37.99025229,-0.00067141,0.00488296
37.99825229,-0.00366222,-0.00140385
38.00625229,-0.00042726,0.00170904
38.01425229,0.00378430,0.00085452
38.02225229,0.00158696,-0.00341807
38.03025229,-0.00091556,0.00225837
38.03825229,0.00402844,0.00170904
38.04625229,0.00439467,0.00323496
38.05425229,-0.00128178,0.00402844
38.06225229,0.00335704,0.00274667
38.07025229,0.00012207,-0.00140385
38.07825229,0.00238044,0.00451674
38.08625229,0.00262459,0.00122074
38.09425229,-0.00018311,0.00225837
38.10225229,0.00579852,0.00213630
38.11025229,0.00488296,0.00012207
38.11825229,0.00158696,0.00640889
38.12625229,-0.00317392,0.00360118
38.13425229,-0.00939970,-0.00091556
38.14225229,0.00274667,0.00000000
38.15025229,0.00677511,-0.00030519
38.15825229,0.00122074,-0.00042726
38.16625229,0.00085452,0.00415052
38.17425229,-0.00164800,0.00378430
38.18225228,-0.00054933,0.00189215
38.19025228,0.00415052,-0.00482192
38.19825228,0.00335704,0.00335704
38.20625228,0.00097659,0.00012207
38.21425228,-0.00244148,0.00238044
38.22225228,0.00170904,0.00463881
38.23025228,0.00238044,-0.00317392
38.23825228,0.00274667,-0.00128178
38.24625228,0.00189215,-0.00732444
38.25425228,-0.00042726,0.00000000
38.26225228,-0.00598163,0.00146489
38.27025228,0.00000000,0.00616474
38.27825228,-0.00030519,0.00158696
38.28625228,0.00134281,0.00073244
38.29425228,0.00451674,-0.00531022
38.30225228,0.00201422,0.00000000
38.31025228,0.00238044,-0.00836207
38.31825228,0.00274667,0.00085452
38.32625228,0.00640889,0.00225837
38.33425228,0.00146489,0.00085452
38.34225228,0.00451674,-0.00030519
38.35025228,0.00097659,-0.00457778
38.35825228,-0.00177007,0.00225837
38.36625228,0.00085452,0.00073244
38.37425228,-0.00079348,0.00158696
38.38225228,0.00488296,-0.00140385
38.39025228,0.00463881,-0.00469985
38.39825228,0.00488296,0.00689718
38.40625228,0.00427259,0.00360118
38.41425228,0.00238044,-0.00140385
38.42225228,-0.00354015,0.00238044
38.43025228,-0.00091556,0.00073244
38.43825228,0.00122074,-0.00128178
38.44625228,-0.00195318,0.00109867
38.45425228,0.00213630,0.00390637
38.46225228,0.00390637,-0.00518815
38.47025228,0.00592059,0.00146489
38.47825228,0.00250252,-0.00280770
38.48625228,0.00463881,-0.00421155
38.49425228,0.00189215,-0.00634785
38.50225228,0.00616474,0.00170904
38.51025228,0.00048830,0.00158696
38.51825228,-0.00042726,-0.00128178
38.52625228,0.00146489,-0.00421155
38.53425228,0.00451674,0.00109867
38.54225227,0.00134281,-0.00115970
38.55025227,-0.00268563,0.00170904
38.55825227,0.00427259,-0.00231941
38.56625227,-0.00177007,-0.00231941
38.57425227,0.00262459,-0.00244148
38.58225227,0.00085452,0.00323496
38.59025227,-0.00268563,-0.00518815
38.59825227,-0.00195318,0.00225837
38.60625227,0.00640889,-0.00054933
38.61425227,-0.00042726,0.00250252
38.62225227,0.00170904,-0.00280770
38.63025227,0.00189215,0.00073244
38.63825227,0.00640889,0.00122074
38.64625227,0.00048830,-0.00634785
38.65425227,0.00286874,-0.00128178
38.66225227,-0.00042726,0.00061037
38.67025227,0.00378430,-0.00457778
38.67825227,0.00213630,-0.00329600
38.68625227,0.00616474,-0.00054933
38.69425227,-0.00329600,0.00122074
38.70225227,0.00073244,0.00122074
38.71025227,0.00439467,-0.00268563
38.71825227,-0.00128178,-0.00164800
38.72625227,-0.00091556,-0.00152593
38.73425227,0.00451674,-0.00103763
38.74225227,-0.00115970,-0.00067141
38.75025227,0.00524918,0.00616474
38.75825227,-0.00292978,-0.00445570
38.76625227,0.00048830,-0.00354015
38.77425227,0.00012207,-0.00366222
38.78225227,-0.00292978,0.00537126
38.79025227,0.00390637,0.00524918
38.79825227,-0.00067141,-0.00354015
38.80625227,0.00213630,0.00146489
38.81425227,-0.00341807,-0.00152593
38.82225227,0.00201422,0.00024415
38.83025227,-0.00445570,0.00756859
38.83825227,0.00665304,0.00225837
38.84625227,0.00701926,0.00061037
38.85425227,-0.00054933,0.00592059
38.86225227,0.00158696,-0.00207526
38.87025227,0.00402844,-0.00079348
38.87825227,-0.00079348,0.00109867
38.88625227,-0.00091556,-0.00079348
38.89425226,-0.00207526,0.00451674
38.90225226,0.00579852,0.01293985
38.91025226,0.00500504,0.00439467
38.91825226,-0.00115970,0.00335704
38.92625226,0.00549333,0.00274667
38.93425226,-0.00317392,0.00311289
38.94225226,-0.00091556,0.00085452
38.95025226,-0.00219733,0.00488296
38.95825226,-0.00177007,0.00488296
38.96625226,0.00048830,0.01220740
38.97425226,0.00769066,0.00262459
38.98225226,-0.00115970,0.00012207
38.99025226,0.00323496,0.00170904
38.99825226,0.00360118,0.00415052
39.00625226,0.00402844,0.00134281
39.01425226,0.00714133,0.00036622
39.02225226,0.00390637,0.00250252
39.03025226,0.00048830,-0.00305185
39.03825226,0.00286874,0.00189215
39.04625226,0.00225837,0.00000000
39.05425226,0.00335704,0.00274667
39.06225226,0.00170904,0.00238044
39.07025226,0.00201422,-0.00494400
39.07825226,-0.00054933,0.00817896
39.08625226,0.00500504,0.00085452
39.09425226,0.00189215,0.00048830
39.10225226,0.00274667,-0.00103763
39.11025226,-0.00067141,0.00146489
39.11825226,0.00311289,0.00476089
39.12625226,0.00378430,0.00225837
39.13425226,0.00158696,-0.00152593
39.14225226,0.00390637,0.00463881
39.15025226,0.00134281,0.00347911
39.15825226,-0.00366222,0.00097659
39.16625226,0.00592059,0.00061037
39.17425226,-0.00207526,0.00665304
39.18225226,0.00286874,0.00012207
39.19025226,-0.00091556,0.00158696
39.19825226,0.00097659,-0.00054933
39.20625226,0.00238044,0.00109867
39.21425226,0.00122074,0.00048830
39.22225226,-0.00354015,0.00262459
39.23025226,0.00048830,0.00201422
39.23825226,-0.00091556,0.00286874
39.24625225,-0.00177007,-0.00164800
39.25425225,-0.00140385,0.00262459
39.26225225,0.00360118,0.00189215
39.27025225,0.00122074,0.00024415
39.27825225,-0.00396741,0.00225837
39.28625225,-0.00042726,0.00036622
39.29425225,0.00048830,-0.00280770
39.30225225,0.00122074,0.00451674
39.31025225,0.00390637,0.00122074
39.31825225,0.00549333,0.00201422
39.32625225,0.00012207,-0.00256355
39.33425225,-0.00280770,0.00238044
39.34225225,0.00134281,0.00274667
39.35025225,0.00213630,-0.00329600
39.35825225,-0.00256355,-0.00103763
39.36625225,-0.00018311,0.00048830
39.37425225,0.00109867,-0.00067141
39.38225225,0.00109867,0.00225837
39.39025225,0.00439467,-0.00067141
39.39825225,0.00274667,0.00701926
39.40625225,-0.00231941,-0.00195318
39.41425225,0.00158696,0.00238044
39.42225225,-0.00268563,0.00311289
39.43025225,-0.00115970,-0.00195318
39.43825225,-0.00469985,0.00238044
39.44625225,0.00463881,0.00427259
39.45425225,0.00262459,0.00286874
39.46225225,-0.00103763,-0.00018311
39.47025225,-0.00317392,-0.00280770
39.47825225,-0.00042726,0.00170904
39.48625225,0.00073244,-0.00018311
39.49425225,0.00347911,-0.00408948
39.50225225,0.00579852,-0.00366222
39.51025225,0.00579852,-0.00231941
39.51825225,0.00769066,-0.00860622
39.52625225,0.00360118,-0.00384533
39.53425225,0.00463881,0.00170904
39.54225225,0.00524918,0.00024415
39.55025225,-0.00329600,-0.00091556
39.55825225,0.00427259,-0.00396741
39.56625225,0.00085452,-0.00469985
39.57425225,-0.00256355,0.00299081
39.58225225,0.00170904,-0.00018311
39.59025225,0.00061037,-0.00531022
39.59825224,-0.00231941,-0.00018311
39.60625224,0.00213630,-0.00219733
39.61425224,0.00213630,0.00451674
39.62225224,-0.00695822,-0.00317392
39.63025224,0.00335704,-0.00103763
39.63825224,-0.00018311,-0.00018311
39.64625224,0.00073244,-0.00659200
39.65425224,-0.00140385,-0.00030519
39.66225224,0.00225837,0.00463881
39.67025224,-0.00140385,-0.00256355
39.67825224,0.00000000,-0.00067141
39.68625224,0.00427259,-0.00305185
39.69425224,0.00024415,0.00012207
39.70225224,0.00000000,-0.00469985
39.71025224,-0.00079348,-0.00317392
39.71825224,0.00756859,0.00311289
39.72625224,0.00158696,-0.00231941
39.73425224,0.00640889,0.00158696
39.74225224,-0.00018311,0.00360118
39.75025224,-0.00103763,-0.00091556
39.75825224,0.00299081,-0.00518815
39.76625224,0.00158696,-0.00518815
39.77425224,-0.00103763,0.00097659
39.78225224,0.00262459,-0.00128178
39.79025224,0.00390637,0.00061037
39.79825224,0.00109867,-0.00305185
39.80625224,0.00335704,0.00402844
39.81425224,0.00311289,-0.00244148
39.82225224,0.00201422,0.00213630
39.83025224,-0.00018311,0.00085452
39.83825224,0.00427259,-0.00164800
39.84625224,-0.00018311,-0.00018311
39.85425224,0.00225837,-0.00067141
39.86225224,0.00604266,0.00158696
39.87025224,0.00347911,0.00000000
39.87825224,0.00665304,0.00250252
39.88625224,0.00036622,0.00262459
39.89425224,0.00085452,-0.00292978
39.90225224,-0.00115970,0.00274667
39.91025224,-0.00231941,-0.00140385
39.91825224,-0.00469985,0.00311289
39.92625224,0.00402844,0.00250252
39.93425224,-0.00091556,-0.00067141
39.94225224,-0.00140385,0.00628681
39.95025223,0.00213630,0.00061037
39.95825223,-0.00054933,-0.00103763
39.96625223,-0.00042726,0.00000000
39.97425223,0.00335704,-0.00292978
39.98225223,0.00170904,0.00250252
39.99025223,0.00439467,0.00158696
39.99825223,0.00201422,0.00024415
40.00625223,0.00201422,-0.00292978
40.01425223,-0.00152593,-0.00091556
40.02225223,0.00097659,0.00347911
40.03025223,0.00036622,0.00360118
40.03825223,0.00085452,0.00097659
40.04625223,0.00000000,-0.00366222
40.05425223,-0.00128178,0.00335704
40.06225223,0.00097659,0.00628681
40.07025223,0.00500504,0.00189215
40.07825223,0.00512711,0.00323496
40.08625223,-0.00054933,-0.00152593
40.09425223,0.00390637,0.00323496
40.10225223,0.00036622,0.00134281
40.11025223,-0.00103763,0.00000000
40.11825223,0.00640889,0.00134281
40.12625223,0.00299081,0.00549333
40.13425223,0.00238044,0.00061037
40.14225223,0.00274667,0.00323496
40.15025223,-0.00341807,-0.00067141
40.15825223,0.00549333,0.00238044
40.16625223,-0.00079348,0.00360118
40.17425223,0.00012207,-0.00195318
40.18225223,0.00036622,0.00225837
40.19025223,-0.00103763,0.00299081
40.19825223,-0.00103763,0.00201422
40.20625223,0.00036622,-0.00103763
40.21425223,-0.00128178,0.00274667
40.22225223,-0.00079348,-0.00018311
40.23025223,-0.00256355,0.00628681
40.23825223,0.00036622,-0.00354015
40.24625223,0.00036622,-0.00054933
40.25425223,0.00488296,0.00512711
40.26225223,0.00189215,0.00488296
40.27025223,0.00158696,0.00122074
40.27825223,0.00274667,0.00335704
40.28625223,0.00085452,0.00463881
40.29425223,-0.00140385,0.00073244
40.30225223,-0.00091556,-0.00195318
40.31025222,0.00701926,0.00640889
40.31825222,0.00286874,0.00225837
40.32625222,0.00036622,-0.00042726
40.33425222,-0.00140385,-0.00219733
40.34225222,0.00592059,0.00158696
40.35025222,0.00012207,0.00158696
40.35825222,-0.00030519,0.00299081
40.36625222,0.00085452,0.00134281
40.37425222,0.00402844,-0.00177007
40.38225222,-0.00469985,0.00439467
40.39025222,0.00286874,0.00427259
40.39825222,0.00048830,-0.00396741
40.40625222,-0.00219733,0.00347911
40.41425222,-0.00042726,-0.00054933
40.42225222,0.00427259,-0.00384533
40.43025222,-0.00329600,0.00073244
40.43825222,0.00024415,0.00170904
40.44625222,0.00024415,0.00158696
40.45425222,-0.00231941,-0.00433363
40.46225222,0.00122074,0.00201422
40.47025222,0.00323496,0.00347911
40.47825222,0.00415052,0.00189215
40.48625222,0.00012207,0.00213630
40.49425222,0.00134281,-0.00506607
40.50225222,0.00158696,0.00250252
40.51025222,0.00048830,0.00189215
40.51825222,-0.00054933,-0.00030519
40.52625222,0.00061037,0.00134281
40.53425222,-0.00164800,-0.00317392
40.54225222,-0.00152593,-0.00207526
40.55025222,0.00122074,-0.00354015
40.55825222,0.00439467,-0.00018311
40.56625222,0.00323496,0.00000000
40.57425222,-0.00598163,-0.00207526
40.58225222,-0.00067141,-0.00573748
40.59025222,-0.00128178,-0.00115970
40.59825222,0.00567644,-0.00610370
40.60625222,0.00451674,-0.00744652
40.61425222,0.00402844,0.00012207
40.62225222,0.00097659,-0.00610370
40.63025222,0.00122074,-0.00292978
40.63825222,0.00463881,-0.00305185
40.64625222,0.00378430,-0.00598163
40.65425222,-0.00207526,-0.00268563
40.66225221,0.00146489,-0.00384533
40.67025221,-0.00103763,-0.00695822
40.67825221,0.00250252,-0.00268563
40.68625221,0.00061037,-0.00683615
40.69425221,0.00628681,-0.00018311
40.70225221,0.00000000,-0.00354015
40.71025221,-0.00164800,-0.00054933
40.71825221,0.00097659,-0.00256355
40.72625221,-0.00292978,0.00024415
40.73425221,0.00189215,-0.00091556
40.74225221,0.00170904,-0.00396741
40.75025221,0.00451674,-0.00384533
40.75825221,0.00250252,-0.00177007
40.76625221,-0.00354015,-0.00799585
40.77425221,-0.00164800,-0.00433363
40.78225221,0.00781274,-0.00256355
40.79025221,0.00500504,-0.00354015
40.79825221,0.00299081,-0.00585955
40.80625221,-0.00030519,-0.00531022
40.81425221,0.00036622,0.00061037
40.82225221,0.00061037,0.00225837
40.83025221,0.00189215,-0.00054933
40.83825221,-0.00317392,-0.00384533
40.84625221,0.00201422,-0.00622578
40.85425221,0.00012207,-0.00421155
40.86225221,0.00512711,0.00012207
40.87025221,-0.00164800,-0.00598163
40.87825221,-0.00018311,-0.00543229
40.88625221,0.00415052,0.00262459
40.89425221,0.00109867,0.00262459
40.90225221,0.00122074,-0.00366222
40.91025221,0.00097659,-0.00396741
40.91825221,0.00274667,0.00213630
40.92625221,0.00360118,-0.00231941
40.93425221,0.00299081,-0.00421155
40.94225221,-0.00207526,-0.00177007
40.95025221,0.00488296,0.00238044
40.95825221,0.00061037,-0.00018311
40.96625221,-0.00256355,-0.00305185
40.97425221,0.00323496,-0.00598163
40.98225221,0.00567644,-0.00396741
40.99025221,0.00146489,-0.00140385
40.99825221,0.00311289,-0.00317392
41.00625221,0.00048830,-0.00622578
41.01425220,0.00891140,-0.00518815
41.02225220,0.00238044,-0.00518815
41.03025220,0.00579852,-0.00256355
41.03825220,0.00262459,-0.00140385
41.04625220,-0.00030519,-0.00384533
41.05425220,-0.00054933,-0.00506607
41.06225220,0.00048830,0.00073244
41.07025220,0.00213630,-0.00787378
41.07825220,-0.00140385,-0.00341807
41.08625220,-0.00079348,-0.00268563
41.09425220,0.00415052,-0.00421155
41.10225220,0.00073244,0.00549333
41.11025220,0.00146489,-0.00268563
41.11825220,0.00085452,0.00000000
41.12625220,-0.00457778,0.00061037
41.13425220,0.00500504,-0.00384533
41.14225220,0.00158696,0.00012207
41.15025220,-0.00018311,-0.00421155
41.15825220,0.00250252,-0.00091556
41.16625220,0.00073244,0.00360118
41.17425220,0.00158696,0.00402844
41.18225220,0.00170904,-0.01074252
41.19025220,0.00512711,-0.00860622
41.19825220,0.00439467,0.00524918
41.20625220,-0.00054933,0.01055940
41.21425220,-0.00067141,0.00024415
41.22225220,-0.00030519,-0.01025422
41.23025220,-0.00140385,0.00238044
41.23825220,0.00262459,0.00360118
41.24625220,0.00299081,-0.00634785
41.25425220,0.00048830,-0.00421155
41.26225220,0.00109867,0.00830103
41.27025220,-0.00354015,0.00451674
41.27825220,0.00024415,-0.00421155
41.28625220,0.00488296,-0.00091556
41.29425220,-0.00018311,0.00402844
41.30225220,0.00061037,0.00537126
41.31025220,-0.00103763,-0.00543229
41.31825220,0.00024415,-0.00091556
41.32625220,-0.00091556,0.00415052
41.33425220,0.00311289,0.00024415
41.34225220,0.00390637,0.00097659
41.35025220,-0.00231941,-0.00091556
41.35825220,0.00439467,0.00476089
41.36625219,0.00073244,0.00134281
41.37425219,-0.00054933,0.00524918
41.38225219,-0.00140385,0.00360118
41.39025219,0.00146489,0.00262459
41.39825219,0.00524918,0.00689718
41.40625219,-0.00054933,-0.00152593
41.41425219,0.00250252,-0.00067141
41.42225219,0.00061037,-0.00231941
41.43025219,-0.00054933,0.00250252
41.43825219,0.00451674,0.00085452
41.44625219,0.00225837,0.00347911
41.45425219,0.00476089,0.00524918
41.46225219,0.00213630,0.00360118
41.47025219,0.00213630,-0.00207526
41.47825219,0.00170904,-0.00177007
41.48625219,0.00170904,0.00402844
41.49425219,0.00109867,-0.00164800
41.50225219,0.00805689,0.00073244
41.51025219,0.00537126,-0.00152593
41.51825219,0.00146489,-0.00506607
41.52625219,-0.00067141,-0.00018311
41.53425219,0.00238044,-0.00152593
41.54225219,0.00274667,0.00378430
41.55025219,0.00274667,-0.00219733
41.55825219,0.00097659,-0.00329600
41.56625219,0.00213630,-0.00030519
41.57425219,-0.00079348,-0.00140385
41.58225219,-0.00067141,0.00097659
41.59025219,0.00024415,0.00537126
41.59825219,0.00201422,-0.00219733
41.60625219,0.00311289,-0.00231941
41.61425219,0.00677511,0.00000000
41.62225219,0.00463881,-0.00030519
41.63025219,0.00701926,0.00512711
41.63825219,0.00122074,-0.00244148
41.64625219,0.00537126,0.00323496
41.65425219,0.00537126,-0.00341807
41.66225219,0.00024415,0.00189215
41.67025219,0.00567644,0.00415052
41.67825219,0.00146489,-0.00329600
41.68625219,0.00616474,0.00048830
41.69425219,0.00189215,0.00201422
41.70225219,0.00439467,0.00439467
41.71025219,0.00726341,0.00415052
41.71825218,-0.00030519,-0.00231941
41.72625218,0.00097659,0.00311289
41.73425218,0.00378430,-0.00140385
41.74225218,0.00579852,0.00048830
41.75025218,-0.00140385,0.00036622
41.75825218,0.00488296,0.00360118
41.76625218,-0.00018311,0.00488296
41.77425218,0.00201422,-0.00305185
41.78225218,0.00286874,-0.00152593
41.79025218,0.00122074,-0.00219733
41.79825218,0.00097659,0.00805689
41.80625218,0.00213630,0.00500504
41.81425218,-0.00195318,0.00073244
41.82225218,-0.00598163,0.00524918
41.83025218,-0.00152593,0.00000000
41.83825218,0.00274667,0.00628681
41.84625218,0.00073244,0.00592059
41.85425218,0.00213630,0.00439467
41.86225218,0.00024415,-0.00152593
41.87025218,0.00024415,-0.00018311
41.87825218,0.00299081,0.00225837
41.88625218,-0.00067141,0.00024415
41.89425218,0.00390637,-0.00164800
41.90225218,0.00250252,0.00158696
41.91025218,-0.00164800,0.00579852
41.91825218,0.00463881,0.00213630
41.92625218,-0.00354015,0.00286874
41.93425218,0.00225837,0.00390637
41.94225218,-0.00054933,0.00549333
41.95025218,0.00604266,-0.00054933
41.95825218,0.00323496,0.00311289
41.96625218,-0.00152593,0.00415052
41.97425218,0.00122074,-0.00128178
41.98225218,0.00311289,0.00347911
41.99025218,0.00085452,0.00665304
41.99825218,0.00225837,0.00604266
42.00625218,0.00488296,0.00036622
42.01425218,0.00012207,0.00189215
42.02225218,0.00158696,0.00427259
42.03025218,-0.00469985,0.00378430
42.03825218,0.00451674,-0.00164800
42.04625218,0.00299081,0.00262459
42.05425218,0.00360118,0.00286874
42.06225218,0.00524918,0.01080355
42.07025218,-0.00079348,-0.00292978
42.07825217,0.00311289,-0.00152593
42.08625217,0.00567644,-0.00030519
42.09425217,0.00854518,-0.00030519
42.10225217,0.00488296,0.00604266
42.11025217,0.00299081,-0.00164800
42.11825217,-0.00164800,0.00415052
42.12625217,-0.00128178,0.00415052
42.13425217,0.00012207,0.00225837
42.14225217,-0.00195318,0.00439467
42.15025217,0.00262459,-0.00030519
42.15825217,0.00085452,0.00677511
42.16625217,0.00347911,0.00299081
42.17425217,-0.00231941,0.00225837
42.18225217,0.00024415,0.00073244
42.19025217,-0.00115970,-0.00018311
42.19825217,0.00012207,0.00714133
42.20625217,0.00463881,0.00238044
42.21425217,-0.00103763,0.00378430
42.22225217,-0.00231941,0.00427259
42.23025217,-0.00164800,0.00451674
42.23825217,-0.00457778,0.00628681
42.24625217,0.00616474,-0.00128178
42.25425217,0.00097659,0.00189215
42.26225217,-0.00067141,0.00189215
42.27025217,0.00238044,-0.00152593
42.27825217,0.00048830,0.00994903
42.28625217,0.00274667,0.00616474
42.29425217,-0.00018311,-0.00054933
42.30225217,0.00158696,-0.00177007
42.31025217,-0.00506607,0.00201422
42.31825217,-0.00317392,0.00201422
42.32625217,0.00592059,0.00854518
42.33425217,0.00451674,0.00842311
42.34225217,0.00158696,0.00335704
42.35025217,-0.00219733,-0.00042726
42.35825217,0.00451674,0.00537126
42.36625217,0.00439467,0.00512711
42.37425217,-0.00079348,0.00036622
42.38225217,-0.00506607,0.00567644
42.39025217,0.00537126,-0.00018311
42.39825217,-0.00030519,0.00628681
42.40625217,0.00299081,0.00616474
42.41425217,0.00213630,-0.00042726
42.42225217,0.00122074,0.00109867
42.43025216,-0.00018311,0.00579852
42.43825216,-0.00207526,0.00201422
42.44625216,-0.00177007,0.00488296
42.45425216,0.00463881,0.00286874
42.46225216,-0.00366222,-0.00207526
42.47025216,0.00616474,0.00122074
42.47825216,-0.00030519,-0.00305185
42.48625216,0.00201422,0.00488296
42.49425216,-0.00054933,0.00024415
42.50225216,-0.00164800,0.00592059
42.51025216,-0.00659200,0.00463881
42.51825216,-0.00421155,-0.00079348
42.52625216,0.00299081,0.00415052
42.53425216,0.00390637,0.00012207
42.54225216,0.00311289,0.00109867
42.55025216,0.00122074,0.00286874
42.55825216,0.00000000,0.00311289
42.56625216,0.00347911,0.00592059
42.57425216,0.00170904,0.00463881
42.58225216,-0.00067141,-0.00421155
42.59025216,0.00500504,-0.00103763
42.59825216,0.00109867,0.00134281
42.60625216,0.00109867,-0.00384533
42.61425216,-0.00042726,-0.00018311
42.62225216,0.00402844,0.00592059
42.63025216,0.00665304,-0.00195318
42.63825216,0.00488296,0.00238044
42.64625216,-0.00079348,0.00262459
42.65425216,0.00097659,-0.00115970
42.66225216,-0.00054933,-0.00421155
42.67025216,0.00524918,0.00134281
42.67825216,0.00238044,-0.00384533
42.68625216,-0.00506607,0.00225837
42.69425216,0.00500504,-0.00177007
42.70225216,0.00402844,-0.00317392
42.71025216,0.00225837,-0.00195318
42.71825216,0.00323496,-0.00256355
42.72625216,-0.00018311,-0.00518815
42.73425216,0.00537126,-0.00244148
42.74225216,0.00048830,-0.00384533
42.75025216,0.00146489,0.00085452
42.75825216,0.00311289,-0.00244148
42.76625216,0.00036622,-0.00030519
42.77425216,0.00097659,0.00299081
42.78225215,0.00311289,-0.00256355
42.79025215,0.00134281,0.00061037
42.79825215,0.00122074,-0.00018311
42.80625215,0.00134281,0.00134281
42.81425215,-0.00244148,0.00323496
42.82225215,-0.00067141,-0.00256355
42.83025215,0.00390637,0.00024415
42.83825215,0.00189215,-0.00720237
42.84625215,0.00390637,-0.00128178
42.85425215,0.00378430,0.00000000
42.86225215,0.00170904,0.00036622
42.87025215,0.00299081,0.00012207
42.87825215,0.00024415,-0.00280770
42.88625215,-0.00018311,-0.00585955
42.89425215,-0.00531022,0.00415052
42.90225215,0.00512711,-0.00555437
42.91025215,0.00390637,-0.00079348
42.91825215,0.00537126,-0.00054933
42.92625215,0.00769066,-0.00115970
42.93425215,-0.00177007,-0.00317392
42.94225215,0.00146489,0.00665304
42.95025215,0.00262459,0.00061037
42.95825215,0.00122074,-0.00268563
42.96625215,-0.00030519,-0.00708029
42.97425215,0.00286874,-0.00695822
42.98225215,0.00463881,-0.00042726
42.99025215,-0.00329600,-0.00622578
42.99825215,-0.00659200,-0.00030519
43.00625215,0.00225837,-0.00030519
43.01425215,0.00146489,-0.00244148
43.02225215,0.00000000,-0.00585955
43.03025215,-0.00140385,-0.00128178
43.03825215,-0.00195318,-0.00268563
43.04625215,-0.00054933,-0.00518815
43.05425215,-0.00103763,-0.00177007
43.06225215,0.00012207,0.00274667
43.07025215,-0.00195318,-0.00268563
43.07825215,0.00402844,-0.00482192
43.08625215,0.00201422,0.00085452
43.09425215,0.00640889,0.00134281
43.10225215,0.00213630,-0.00573748
43.11025215,0.00604266,0.00048830
43.11825215,0.00463881,-0.00408948
43.12625215,-0.00219733,-0.00329600
43.13425214,0.00488296,-0.00683615
43.14225214,0.00238044,-0.00042726
43.15025214,0.00299081,-0.00305185
43.15825214,0.00512711,-0.00177007
43.16625214,0.00488296,-0.01013215
43.17425214,0.00299081,-0.00329600
43.18225214,0.00286874,-0.00964385
43.19025214,0.00134281,-0.00067141
43.19825214,0.00213630,-0.00494400
43.20625214,0.00250252,-0.00598163
43.21425214,0.00048830,-0.00744652
43.22225214,-0.00018311,-0.00622578
43.23025214,-0.00219733,-0.00341807
43.23825214,0.00189215,0.00262459
43.24625214,0.00616474,-0.00054933
43.25425214,0.00036622,-0.00292978
43.26225214,0.00036622,-0.00317392
43.27025214,-0.00018311,0.00170904
43.27825214,0.00036622,-0.00305185
43.28625214,0.00189215,-0.00457778
43.29425214,-0.00140385,-0.00421155
43.30225214,0.00476089,-0.00164800
43.31025214,0.00170904,-0.00408948
43.31825214,0.00286874,-0.00469985
43.32625214,-0.00445570,0.00225837
43.33425214,0.00146489,-0.00421155
43.34225214,0.00323496,-0.00860622
43.35025214,0.00415052,-0.00585955
43.35825214,0.00250252,0.00073244
43.36625214,0.00402844,-0.00244148
43.37425214,0.00512711,-0.00836207
43.38225214,0.00158696,-0.00079348
43.39025214,0.00311289,-0.00231941
43.39825214,-0.00305185,0.00000000
43.40625214,0.00061037,-0.00445570
43.41425214,-0.00268563,0.00012207
43.42225214,0.00665304,-0.00555437
43.43025214,0.00323496,-0.00067141
43.43825214,-0.00128178,-0.00231941
43.44625214,0.00347911,0.00439467
43.45425214,0.00378430,-0.00140385
43.46225214,0.00225837,-0.00030519
43.47025214,-0.00396741,-0.00305185
43.47825214,-0.00054933,-0.00787378
43.48625213,-0.00195318,0.00024415
43.49425213,0.00476089,0.00134281
43.50225213,0.00323496,-0.00573748
43.51025213,0.00036622,0.00024415
43.51825213,0.00274667,-0.00152593
43.52625213,-0.00195318,0.00323496
43.53425213,0.00061037,-0.00482192
43.54225213,0.00122074,-0.00219733
43.55025213,-0.00054933,0.00085452
43.55825213,0.00048830,-0.00207526
43.56625213,0.00134281,-0.00732444
43.57425213,0.00012207,0.00122074
43.58225213,-0.00030519,-0.00128178
43.59025213,-0.00140385,-0.00341807
43.59825213,0.00427259,-0.01001007
43.60625213,0.00347911,-0.00030519
43.61425213,0.00402844,-0.00292978
43.62225213,0.00250252,-0.00573748
43.63025213,0.00012207,0.00036622
43.63825213,0.00048830,-0.00457778
43.64625213,0.00146489,-0.00408948
43.65425213,-0.00366222,-0.00354015
43.66225213,-0.00219733,-0.00695822
43.67025213,0.00677511,-0.00531022
43.67825213,-0.00366222,-0.00598163
43.68625213,-0.00207526,0.00000000
43.69425213,0.00201422,-0.00341807
43.70225213,-0.00244148,-0.00067141
43.71025213,0.00250252,-0.00152593
43.71825213,0.00360118,-0.00518815
43.72625213,0.00360118,-0.00054933
43.73425213,0.00170904,0.00048830
43.74225213,-0.00091556,0.00311289
43.75025213,0.00311289,0.00323496
43.75825213,-0.00164800,0.00189215
43.76625213,0.00213630,-0.01025422
43.77425213,0.00097659,-0.00341807
43.78225213,0.00158696,-0.00799585
43.79025213,0.00109867,-0.00054933
43.79825213,0.00311289,-0.00292978
43.80625213,0.00097659,0.00036622
43.81425213,0.00592059,-0.00598163
43.82225213,-0.00469985,-0.00140385
43.83025213,-0.00317392,-0.00518815
43.83825213,-0.00292978,-0.00067141
43.84625212,-0.00231941,-0.00152593
43.85425212,-0.00018311,-0.00646992
43.86225212,0.00262459,0.00097659
43.87025212,-0.00140385,-0.00018311
43.87825212,-0.00018311,-0.00384533
43.88625212,-0.00268563,-0.00384533
43.89425212,0.00402844,-0.00103763
43.90225212,-0.00231941,0.00604266
43.91025212,-0.00079348,-0.00164800
43.91825212,0.00146489,-0.00030519
43.92625212,-0.00207526,0.00024415
43.93425212,0.00415052,-0.00421155
43.94225212,0.00146489,-0.00292978
43.95025212,0.00451674,0.00158696
43.95825212,-0.00067141,0.00085452
43.96625212,0.00378430,-0.00585955
43.97425212,0.00000000,-0.00494400
43.98225212,-0.00030519,-0.00030519
43.99025212,0.00097659,-0.00280770
43.99825212,-0.00042726,0.00097659
44.00625212,-0.00231941,-0.00341807
44.01425212,0.00201422,-0.00067141
44.02225212,0.00311289,0.00146489
44.03025212,0.00146489,-0.00219733
44.03825212,-0.00555437,0.00335704
44.04625212,-0.00091556,-0.00091556
44.05425212,-0.00280770,-0.00231941
44.06225212,-0.00506607,0.00061037
44.07025212,-0.00366222,-0.00054933
44.07825212,-0.00140385,-0.00030519
44.08625212,-0.00079348,-0.00317392
44.09425212,-0.00079348,0.00189215
44.10225212,0.00378430,0.00012207
44.11025212,0.00085452,0.00378430
44.11825212,0.00238044,-0.00103763
44.12625212,0.00170904,0.00189215
44.13425212,-0.00018311,0.00524918
44.14225212,-0.00195318,-0.00195318
44.15025212,0.00439467,0.00311289
44.15825212,0.00225837,-0.00317392
44.16625212,0.00390637,0.00000000
44.17425212,-0.00030519,0.00146489
44.18225212,0.00189215,0.00299081
44.19025212,0.00189215,0.00000000
44.19825211,0.00238044,-0.00207526
44.20625211,-0.00152593,-0.00231941
44.21425211,-0.00140385,0.00335704
44.22225211,0.00604266,0.00170904
44.23025211,0.00036622,0.00158696
44.23825211,-0.00067141,0.00347911
44.24625211,-0.00543229,-0.00128178
44.25425211,-0.00079348,0.00250252
44.26225211,-0.00079348,0.00225837
44.27025211,0.00012207,-0.00164800
44.27825211,-0.00421155,0.00286874
44.28625211,0.00567644,0.00048830
44.29425211,-0.00042726,0.00061037
44.30225211,0.00439467,0.00402844
44.31025211,-0.00115970,0.00048830
44.31825211,-0.00219733,0.00360118
44.32625211,-0.00231941,0.00238044
44.33425211,0.00567644,0.00146489
44.34225211,0.00689718,-0.00054933
44.35025211,0.00250252,0.00097659
44.35825211,0.00463881,0.00036622
44.36625211,0.00323496,-0.00128178
44.37425211,0.00048830,-0.00030519
44.38225211,0.00146489,0.00427259
44.39025211,-0.00103763,0.00250252
44.39825211,-0.00195318,0.00500504
44.40625211,0.00213630,0.00335704
44.41425211,0.00012207,0.00463881
44.42225211,0.00024415,0.00158696
44.43025211,0.00134281,-0.00140385
44.43825211,-0.00634785,0.00537126
44.44625211,0.00073244,0.00238044
44.45425211,0.00109867,0.00097659
44.46225211,0.00378430,-0.00079348
44.47025211,0.00640889,-0.00091556
44.47825211,0.00665304,0.00524918
44.48625211,-0.00396741,0.00524918
44.49425211,-0.00164800,-0.00042726
44.50225211,0.00036622,0.00714133
44.51025211,-0.00128178,0.00769066
44.51825211,-0.00482192,-0.00244148
44.52625211,0.00250252,-0.00128178
44.53425211,-0.00115970,0.00512711
44.54225211,0.00299081,0.00689718
44.55025210,0.00524918,0.00097659
44.55825210,0.00048830,0.00726341
44.56625210,-0.00164800,0.00567644
44.57425210,-0.00280770,0.00262459
44.58225210,-0.00305185,-0.00219733
44.59025210,0.00274667,-0.00366222
44.59825210,-0.00030519,-0.00030519
44.60625210,0.00213630,0.00427259
44.61425210,0.00146489,-0.00207526
44.62225210,0.00213630,-0.00103763
44.63025210,0.00439467,-0.00079348
44.63825210,0.00360118,0.00415052
44.64625210,0.00061037,0.00378430
44.65425210,-0.00152593,0.00488296
44.66225210,-0.00280770,0.00714133
44.67025210,0.00463881,-0.00128178
44.67825210,-0.00366222,0.00756859
44.68625210,0.00170904,0.00201422
44.69425210,0.00476089,0.00500504
44.70225210,0.00262459,0.00323496
44.71025210,0.00012207,0.00665304
44.71825210,0.00830103,0.00701926
44.72625210,-0.00292978,0.00878933
44.73425210,0.00262459,0.00238044
44.74225210,0.00579852,0.00286874
44.75025210,-0.00079348,0.00097659
44.75825210,0.00744652,0.00286874
44.76625210,-0.00421155,-0.00079348
44.77425210,-0.00354015,0.00579852
44.78225210,0.00500504,0.00097659
44.79025210,0.00640889,0.00347911
44.79825210,0.00146489,0.00463881
44.80625210,0.00238044,0.00439467
44.81425210,0.00000000,-0.00030519
44.82225210,0.00463881,-0.00103763
44.83025210,0.00073244,0.00488296
44.83825210,0.00225837,0.00616474
44.84625210,0.00073244,0.00714133
44.85425210,0.00201422,0.00036622
44.86225210,0.00665304,0.00311289
44.87025210,0.00201422,0.00335704
44.87825210,-0.00445570,0.00378430
44.88625210,-0.00695822,0.00073244
44.89425210,0.00335704,0.00250252
44.90225209,0.00616474,0.00390637
44.91025209,0.00323496,0.00012207
44.91825209,-0.00256355,0.00463881
44.92625209,0.00250252,0.00000000
44.93425209,-0.00207526,0.00225837
44.94225209,0.00073244,0.00213630
44.95025209,0.00146489,0.00158696
44.95825209,0.00213630,0.00274667
44.96625209,-0.00079348,0.00415052
44.97425209,0.00201422,0.00604266
44.98225209,-0.00091556,-0.00128178
44.99025209,0.00451674,0.00500504
44.99825209,-0.00042726,-0.00054933
45.00625209,-0.00164800,-0.00646992
45.01425209,0.00170904,-0.00018311
