-5.01084623,0.00213630,-0.00872829
-5.00284623,0.00061037,-0.00946074
-4.99484623,-0.00030519,-0.01165807
-4.98684623,-0.00042726,-0.00909452
-4.97884623,0.00323496,-0.01300089
-4.97084623,-0.00115970,-0.00421155
-4.96284623,-0.00018311,-0.01214637
-4.95484624,0.00335704,-0.00708029
-4.94684624,-0.00042726,-0.00646992
-4.93884624,-0.00396741,-0.01165807
-4.93084624,0.00579852,-0.00567644
-4.92284624,0.00122074,-0.00744652
-4.91484624,0.00347911,-0.01098666
-4.90684624,0.00311289,-0.00885037
-4.89884624,-0.00244148,-0.01123081
-4.89084624,-0.00329600,-0.01440474
-4.88284624,-0.00396741,-0.01324503
-4.87484624,0.00012207,-0.00598163
-4.86684624,0.00085452,-0.00646992
-4.85884624,0.00073244,-0.01098666
-4.85084624,0.00701926,-0.01312296
-4.84284624,-0.00152593,-0.00598163
-4.83484624,-0.00720237,-0.00128178
-4.82684624,0.00524918,-0.00567644
-4.81884624,0.00476089,-0.00860622
-4.81084624,-0.00433363,-0.00482192
-4.80284624,-0.00207526,-0.01416059
-4.79484624,-0.00042726,-0.00396741
-4.78684624,0.00024415,-0.01110874
-4.77884624,0.00000000,-0.00775170
-4.77084624,0.00299081,-0.00585955
-4.76284624,0.00360118,-0.01202429
-4.75484624,0.00476089,-0.01013215
-4.74684624,0.00170904,-0.00756859
-4.73884624,0.00579852,-0.01123081
-4.73084624,0.00158696,-0.00946074
-4.72284624,0.00085452,-0.01135289
-4.71484624,0.00537126,-0.01074252
-4.70684624,-0.00115970,-0.01379437
-4.69884624,0.00347911,-0.00683615
-4.69084624,0.00439467,-0.01123081
-4.68284624,-0.00030519,-0.00482192
-4.67484624,0.00158696,-0.00622578
-4.66684624,0.00225837,-0.01202429
-4.65884624,0.00061037,-0.01287881
-4.65084624,-0.00030519,-0.00659200
-4.64284624,-0.00256355,-0.01226844
-4.63484624,0.00640889,-0.00988800
-4.62684624,-0.00219733,-0.00836207
-4.61884624,-0.00421155,-0.00933866
-4.61084624,0.00689718,-0.00610370
-4.60284625,0.00109867,-0.00964385
-4.59484625,0.00000000,-0.01263466
-4.58684625,0.00085452,-0.00836207
-4.57884625,0.00274667,-0.00811792
-4.57084625,-0.00091556,-0.00946074
-4.56284625,0.00640889,-0.01110874
-4.55484625,0.00323496,-0.00964385
-4.54684625,0.00012207,-0.00433363
-4.53884625,-0.00140385,-0.01165807
-4.53084625,-0.00292978,-0.01086459
-4.52284625,-0.00115970,-0.00872829
-4.51484625,0.00146489,-0.01098666
-4.50684625,0.00085452,-0.00946074
-4.49884625,0.00262459,-0.00555437
-4.49084625,0.00225837,-0.01098666
-4.48284625,0.00146489,-0.00421155
-4.47484625,0.00299081,-0.00909452
-4.46684625,0.00549333,-0.01153600
-4.45884625,0.00000000,-0.00787378
-4.45084625,0.00463881,-0.00787378
-4.44284625,-0.00067141,-0.01049837
-4.43484625,0.00390637,-0.01001007
-4.42684625,0.00549333,-0.00964385
-4.41884625,0.00012207,-0.00921659
-4.41084625,0.00073244,-0.00555437
-4.40284625,0.00439467,-0.00341807
-4.39484625,0.00238044,-0.00732444
-4.38684625,0.00512711,-0.01287881
-4.37884625,0.00451674,-0.01013215
-4.37084625,0.00323496,-0.00671407
-4.36284625,-0.00195318,-0.00933866
-4.35484625,0.00415052,-0.00732444
-4.34684625,0.00225837,-0.01275674
-4.33884625,-0.00555437,-0.00946074
-4.33084625,-0.00152593,-0.00860622
-4.32284625,0.00238044,-0.00708029
-4.31484625,0.00073244,-0.01355022
-4.30684625,0.00549333,-0.00897244
-4.29884625,-0.00054933,-0.00598163
-4.29084625,0.00500504,-0.00732444
-4.28284625,-0.00128178,-0.00366222
-4.27484625,0.00201422,-0.00860622
-4.26684625,0.00488296,-0.00946074
-4.25884625,0.00036622,-0.00610370
-4.25084625,0.00073244,-0.01178014
-4.24284626,0.00000000,-0.01013215
-4.23484626,0.00158696,-0.00976592
-4.22684626,0.00390637,-0.01049837
-4.21884626,0.00378430,-0.00860622
-4.21084626,-0.00177007,-0.00964385
-4.20284626,0.00225837,-0.01062044
-4.19484626,0.00439467,-0.01153600
-4.18684626,0.00048830,-0.00280770
-4.17884626,-0.00280770,-0.00732444
-4.17084626,0.00250252,-0.01062044
-4.16284626,0.00024415,-0.01037629
-4.15484626,-0.00469985,-0.01074252
-4.14684626,0.00286874,-0.00646992
-4.13884626,-0.00231941,-0.00836207
-4.13084626,0.00024415,-0.01391644
-4.12284626,0.00170904,-0.01110874
-4.11484626,0.00158696,-0.01226844
-4.10684626,-0.00177007,-0.01178014
-4.09884626,0.00213630,-0.00543229
-4.09084626,0.00170904,-0.01275674
-4.08284626,0.00500504,-0.00543229
-4.07484626,0.00274667,-0.01013215
-4.06684626,0.00061037,-0.00811792
-4.05884626,0.00201422,-0.00555437
-4.05084626,0.00000000,-0.00921659
-4.04284626,0.00451674,-0.00921659
-4.03484626,-0.00054933,-0.01403851
-4.02684626,0.00274667,-0.00909452
-4.01884626,0.00347911,-0.01214637
-4.01084626,0.00604266,-0.01300089
-4.00284626,0.00347911,-0.01025422
-3.99484626,0.00109867,-0.00933866
-3.98684626,-0.00140385,-0.01525925
-3.97884626,-0.00042726,-0.01593066
-3.97084626,0.00323496,-0.01037629
-3.96284626,0.00048830,-0.00872829
-3.95484626,0.00378430,-0.00909452
-3.94684626,-0.00280770,-0.00646992
-3.93884626,0.00286874,-0.00885037
-3.93084626,0.00085452,-0.00457778
-3.92284626,-0.00207526,-0.01367229
-3.91484626,0.00360118,-0.01110874
-3.90684626,0.00311289,-0.01275674
-3.89884626,0.00134281,-0.00354015
-3.89084627,0.00061037,-0.00708029
-3.88284627,-0.00518815,-0.00634785
-3.87484627,-0.00152593,-0.01037629
-3.86684627,-0.00421155,-0.00897244
-3.85884627,-0.00115970,-0.00824000
-3.85084627,-0.00268563,-0.00683615
-3.84284627,0.00201422,-0.00964385
-3.83484627,-0.00067141,-0.00671407
-3.82684627,0.00170904,-0.01452681
-3.81884627,0.00158696,-0.00708029
-3.81084627,0.00347911,-0.01178014
-3.80284627,0.00842311,-0.01489303
-3.79484627,-0.00054933,-0.01263466
-3.78684627,0.00189215,-0.01287881
-3.77884627,0.00415052,-0.00848415
-3.77084627,0.00512711,-0.01013215
-3.76284627,-0.00354015,-0.00744652
-3.75484627,-0.00219733,-0.00909452
-3.74684627,0.00048830,-0.01403851
-3.73884627,-0.00128178,-0.00799585
-3.73084627,-0.00091556,-0.01263466
-3.72284627,0.00189215,-0.00671407
-3.71484627,-0.00164800,-0.01110874
-3.70684627,0.00048830,-0.01312296
-3.69884627,0.00451674,-0.00988800
-3.69084627,0.00299081,-0.01025422
-3.68284627,-0.00128178,-0.01513718
-3.67484627,0.00347911,-0.00646992
-3.66684627,0.00097659,-0.01013215
-3.65884627,-0.00164800,-0.00659200
-3.65084627,-0.00152593,-0.01178014
-3.64284627,-0.00067141,-0.00518815
-3.63484627,0.00225837,-0.01214637
-3.62684627,0.00036622,-0.01074252
-3.61884627,-0.00207526,-0.00897244
-3.61084627,0.00213630,-0.01025422
-3.60284627,0.00616474,-0.01013215
-3.59484627,0.00122074,-0.01275674
-3.58684627,0.00427259,-0.01110874
-3.57884627,-0.00207526,-0.00799585
-3.57084627,0.00024415,-0.01202429
-3.56284627,-0.00671407,-0.00885037
-3.55484627,-0.00140385,-0.00885037
-3.54684627,-0.00079348,-0.00646992
-3.53884628,0.00665304,-0.01226844
-3.53084628,-0.00177007,-0.00860622
-3.52284628,-0.00103763,-0.00610370
-3.51484628,0.00262459,-0.00598163
-3.50684628,-0.00219733,-0.00836207
-3.49884628,-0.00128178,-0.00408948
-3.49084628,-0.00622578,-0.00799585
-3.48284628,-0.00042726,-0.00506607
-3.47484628,-0.00115970,-0.00708029
-3.46684628,0.00097659,-0.01123081
-3.45884628,0.00402844,-0.00836207
-3.45084628,0.00012207,-0.00683615
-3.44284628,-0.00103763,-0.01226844
-3.43484628,-0.00152593,-0.01074252
-3.42684628,0.00640889,-0.01165807
-3.41884628,-0.00140385,-0.01513718
-3.41084628,0.00286874,-0.00598163
-3.40284628,-0.00054933,-0.01098666
-3.39484628,0.00012207,-0.00708029
-3.38684628,0.00500504,-0.01190222
-3.37884628,-0.00054933,-0.00256355
-3.37084628,0.00085452,-0.00732444
-3.36284628,0.00170904,-0.00860622
-3.35484628,0.00213630,-0.00506607
-3.34684628,-0.00018311,-0.00585955
-3.33884628,0.00000000,-0.00921659
-3.33084628,0.00579852,-0.00811792
-3.32284628,-0.00018311,-0.00634785
-3.31484628,0.00592059,-0.00366222
-3.30684628,0.00000000,-0.00946074
-3.29884628,0.00250252,-0.00885037
-3.29084628,0.00061037,-0.00836207
-3.28284628,-0.00042726,-0.00408948
-3.27484628,0.00061037,-0.01001007
-3.26684628,0.00024415,-0.00824000
-3.25884628,-0.00457778,-0.00824000
-3.25084628,0.00427259,-0.01617481
-3.24284628,-0.00128178,-0.00756859
-3.23484628,0.00097659,-0.01251259
-3.22684628,0.00274667,-0.00518815
-3.21884628,-0.00256355,-0.00671407
-3.21084628,0.00000000,-0.00708029
-3.20284628,0.00097659,-0.00897244
-3.19484628,0.00390637,-0.00909452
-3.18684629,-0.00384533,-0.01416059
-3.17884629,0.00201422,-0.01251259
-3.17084629,0.00286874,-0.01251259
-3.16284629,-0.00354015,-0.00964385
-3.15484629,-0.00091556,-0.01074252
-3.14684629,-0.00219733,-0.01239051
-3.13884629,0.00012207,-0.01013215
-3.13084629,-0.00195318,-0.00531022
-3.12284629,-0.00177007,-0.00720237
-3.11484629,0.00286874,-0.00909452
-3.10684629,-0.00231941,-0.00115970
-3.09884629,-0.00018311,-0.00634785
-3.09084629,-0.00207526,-0.00811792
-3.08284629,0.00250252,-0.00555437
-3.07484629,-0.00408948,-0.01025422
-3.06684629,0.00201422,-0.01202429
-3.05884629,0.00463881,-0.01123081
-3.05084629,-0.00280770,-0.01275674
-3.04284629,0.00158696,-0.00720237
-3.03484629,0.00677511,-0.01153600
-3.02684629,0.00250252,-0.01062044
-3.01884629,-0.00079348,-0.01062044
-3.01084629,0.00109867,-0.00885037
-3.00284629,0.00250252,-0.00885037
-2.99484629,-0.00164800,-0.01098666
-2.98684629,-0.00268563,-0.01239051
-2.97884629,-0.00091556,-0.00946074
-2.97084629,0.00225837,-0.01001007
-2.96284629,0.00085452,-0.01135289
-2.95484629,0.00213630,-0.01110874
-2.94684629,-0.00091556,-0.01178014
-2.93884629,0.00146489,-0.00482192
-2.93084629,-0.00256355,-0.01251259
-2.92284629,-0.00054933,-0.00671407
-2.91484629,0.00439467,-0.01525925
-2.90684629,0.00524918,-0.00976592
-2.89884629,0.00299081,-0.01013215
-2.89084629,-0.00207526,-0.00988800
-2.88284629,-0.00054933,-0.01226844
-2.87484629,-0.00067141,-0.01525925
-2.86684629,0.00201422,-0.00152593
-2.85884629,-0.00494400,-0.01001007
-2.85084629,-0.00030519,-0.01098666
-2.84284629,-0.00018311,-0.00567644
-2.83484630,0.00567644,-0.00457778
-2.82684630,0.00238044,-0.00933866
-2.81884630,0.00097659,-0.01513718
-2.81084630,0.00323496,-0.01605274
-2.80284630,-0.00140385,-0.00811792
-2.79484630,0.00024415,-0.01037629
-2.78684630,0.00048830,-0.01367229
-2.77884630,0.00036622,-0.00897244
-2.77084630,-0.00091556,-0.01391644
-2.76284630,0.00201422,-0.00518815
-2.75484630,0.00097659,-0.00756859
-2.74684630,-0.00091556,-0.00366222
-2.73884630,0.00109867,-0.01074252
-2.73084630,-0.00445570,-0.00848415
-2.72284630,0.00024415,-0.00433363
-2.71484630,0.00390637,-0.00860622
-2.70684630,0.00012207,-0.00634785
-2.69884630,0.00238044,-0.01074252
-2.69084630,0.00262459,-0.01190222
-2.68284630,-0.00054933,-0.01300089
-2.67484630,0.00512711,-0.01202429
-2.66684630,0.00158696,-0.01153600
-2.65884630,0.00439467,-0.01312296
-2.65084630,0.00109867,-0.00756859
-2.64284630,0.00262459,-0.01428266
-2.63484630,0.00274667,-0.00555437
-2.62684630,-0.00152593,-0.01025422
-2.61884630,0.00225837,-0.01086459
-2.61084630,0.00347911,-0.00671407
-2.60284630,-0.00396741,-0.00860622
-2.59484630,0.00616474,-0.00683615
-2.58684630,0.00225837,-0.00946074
-2.57884630,-0.00018311,-0.01062044
-2.57084630,0.00122074,-0.01037629
-2.56284630,0.00146489,-0.00909452
-2.55484630,0.00109867,-0.01287881
-2.54684630,0.00036622,-0.00860622
-2.53884630,0.00982696,-0.01098666
-2.53084630,0.00085452,-0.01037629
-2.52284630,-0.00231941,-0.00775170
-2.51484630,0.00616474,-0.01263466
-2.50684630,0.00000000,-0.00756859
-2.49884630,0.00085452,-0.01391644
-2.49084630,0.00286874,-0.00695822
-2.48284630,0.00036622,-0.01037629
-2.47484631,0.00738548,-0.01098666
-2.46684631,0.00238044,-0.00988800
-2.45884631,-0.00091556,-0.01098666
-2.45084631,0.00073244,-0.00946074
-2.44284631,0.00323496,-0.01049837
-2.43484631,0.00225837,-0.01049837
-2.42684631,0.00189215,-0.01153600
-2.41884631,-0.00018311,-0.00988800
-2.41084631,0.00201422,-0.01251259
-2.40284631,0.00238044,-0.01110874
-2.39484631,0.00427259,-0.00683615
-2.38684631,0.00158696,-0.01379437
-2.37884631,0.00238044,-0.00610370
-2.37084631,0.00012207,-0.00671407
-2.36284631,-0.00152593,-0.00921659
-2.35484631,0.00738548,-0.00885037
-2.34684631,0.00262459,-0.01300089
-2.33884631,-0.00280770,-0.00848415
-2.33084631,0.00134281,-0.01001007
-2.32284631,-0.00067141,-0.00909452
-2.31484631,-0.00018311,-0.01300089
-2.30684631,0.00579852,-0.01123081
-2.29884631,0.00537126,-0.00671407
-2.29084631,-0.00018311,-0.00964385
-2.28284631,0.00347911,-0.01013215
-2.27484631,-0.00384533,-0.00598163
-2.26684631,-0.00140385,-0.00567644
-2.25884631,0.00689718,-0.01049837
-2.25084631,-0.00207526,-0.00622578
-2.24284631,0.00335704,-0.00555437
-2.23484631,-0.00152593,-0.00872829
-2.22684631,0.00012207,-0.01110874
-2.21884631,0.00286874,-0.00634785
-2.21084631,0.00024415,-0.01556444
-2.20284631,-0.00445570,-0.01025422
-2.19484631,0.00238044,-0.01001007
-2.18684631,0.00085452,-0.00872829
-2.17884631,0.00085452,-0.00775170
-2.17084631,-0.00054933,-0.00824000
-2.16284631,0.00085452,-0.00531022
-2.15484631,-0.00396741,-0.00824000
-2.14684631,0.00000000,-0.00848415
-2.13884631,0.00592059,-0.00909452
-2.13084631,0.00463881,-0.00469985
-2.12284632,0.00122074,-0.01135289
-2.11484632,-0.00341807,-0.01178014
-2.10684632,-0.00494400,-0.00909452
-2.09884632,0.00653096,-0.00860622
-2.09084632,0.00061037,-0.01355022
-2.08284632,0.00537126,-0.00506607
-2.07484632,0.00024415,-0.01013215
-2.06684632,0.00238044,-0.01190222
-2.05884632,0.00000000,-0.01110874
-2.05084632,0.00524918,-0.00091556
-2.04284632,-0.00494400,-0.00720237
-2.03484632,-0.00091556,-0.00720237
-2.02684632,-0.00103763,-0.00659200
-2.01884632,0.00274667,-0.01074252
-2.01084632,-0.00244148,-0.00988800
-2.00284632,-0.00103763,-0.00610370
-1.99484632,-0.00195318,-0.00872829
-1.98684632,-0.00042726,-0.00799585
-1.97884632,-0.00244148,-0.00921659
-1.97084632,0.00189215,-0.00567644
-1.96284632,-0.00115970,-0.01226844
-1.95484632,-0.00543229,-0.00708029
-1.94684632,-0.00177007,-0.01049837
-1.93884632,0.00451674,-0.00732444
-1.93084632,-0.00079348,-0.00799585
-1.92284632,0.00415052,-0.01324503
-1.91484632,0.00335704,-0.01037629
-1.90684632,-0.00103763,-0.00976592
-1.89884632,0.00378430,-0.01202429
-1.89084632,-0.00042726,-0.01025422
-1.88284632,-0.00128178,-0.00610370
-1.87484632,0.00299081,-0.00756859
-1.86684632,0.00299081,-0.00482192
-1.85884632,-0.00054933,-0.01165807
-1.85084632,-0.00067141,-0.00976592
-1.84284632,0.00201422,-0.00732444
-1.83484632,0.00213630,-0.00708029
-1.82684632,0.00250252,-0.00836207
-1.81884632,0.00323496,-0.01013215
-1.81084632,0.00360118,-0.00897244
-1.80284632,0.00378430,-0.01287881
-1.79484632,0.00402844,-0.01123081
-1.78684632,-0.00164800,-0.01501511
-1.77884632,0.00390637,-0.00848415
-1.77084633,-0.00152593,-0.01062044
-1.76284633,-0.00244148,-0.01287881
-1.75484633,0.00250252,-0.00933866
-1.74684633,-0.00280770,-0.01013215
-1.73884633,-0.00292978,-0.00622578
-1.73084633,0.00134281,-0.01110874
-1.72284633,0.00201422,-0.00933866
-1.71484633,0.00109867,-0.01428266
-1.70684633,0.00213630,-0.01263466
-1.69884633,0.00158696,-0.01263466
-1.69084633,-0.00366222,-0.01251259
-1.68284633,-0.00103763,-0.00378430
-1.67484633,0.00756859,-0.01062044
-1.66684633,0.00213630,-0.00824000
-1.65884633,0.00689718,-0.00646992
-1.65084633,0.00213630,-0.00946074
-1.64284633,0.00274667,-0.00567644
-1.63484633,0.00524918,-0.01098666
-1.62684633,0.00000000,-0.01226844
-1.61884633,0.00250252,-0.01367229
-1.61084633,-0.00115970,-0.01214637
-1.60284633,-0.00164800,-0.00976592
-1.59484633,-0.00042726,-0.01049837
-1.58684633,0.00036622,-0.00848415
-1.57884633,0.00323496,-0.01367229
-1.57084633,-0.00018311,-0.01501511
-1.56284633,-0.00067141,-0.00811792
-1.55484633,-0.00030519,-0.00720237
-1.54684633,0.00842311,-0.00744652
-1.53884633,0.00451674,-0.00860622
-1.53084633,-0.00256355,-0.01037629
-1.52284633,-0.00231941,-0.00494400
-1.51484633,0.00085452,-0.00585955
-1.50684633,-0.00555437,-0.00976592
-1.49884633,0.00000000,-0.01110874
-1.49084633,-0.00494400,-0.00732444
-1.48284633,0.00402844,-0.00598163
-1.47484633,-0.00079348,-0.00720237
-1.46684633,-0.00115970,-0.01074252
-1.45884633,0.00122074,-0.01153600
-1.45084633,0.00512711,-0.00897244
-1.44284633,-0.00634785,-0.00775170
-1.43484633,0.00500504,-0.00683615
-1.42684633,0.00726341,-0.00799585
-1.41884634,0.00201422,-0.01037629
-1.41084634,0.00225837,-0.00787378
-1.40284634,0.00134281,-0.01263466
-1.39484634,-0.00280770,-0.00860622
-1.38684634,0.00122074,-0.00756859
-1.37884634,0.00061037,-0.00787378
-1.37084634,-0.00067141,-0.01226844
-1.36284634,0.00549333,-0.00909452
-1.35484634,-0.00018311,-0.01153600
-1.34684634,0.00903348,-0.01037629
-1.33884634,-0.00018311,-0.01391644
-1.33084634,-0.00518815,-0.01098666
-1.32284634,0.00262459,-0.01001007
-1.31484634,0.00097659,-0.01239051
-1.30684634,0.00238044,-0.01287881
-1.29884634,-0.00091556,-0.01525925
-1.29084634,-0.00256355,-0.00848415
-1.28284634,0.00299081,-0.01226844
-1.27484634,-0.00396741,-0.01416059
-1.26684634,0.00134281,-0.00659200
-1.25884634,0.00402844,-0.01391644
-1.25084634,-0.00140385,-0.00457778
-1.24284634,-0.00494400,-0.00775170
-1.23484634,0.00109867,-0.00933866
-1.22684634,-0.00018311,-0.00872829
-1.21884634,-0.00079348,-0.00634785
-1.21084634,-0.00531022,-0.00811792
-1.20284634,0.00097659,-0.00811792
-1.19484634,0.00213630,-0.00811792
-1.18684634,0.00616474,-0.00860622
-1.17884634,-0.00018311,-0.01403851
-1.17084634,-0.00128178,-0.00860622
-1.16284634,-0.00244148,-0.00921659
-1.15484634,-0.00396741,-0.01074252
-1.14684634,0.00360118,-0.00824000
-1.13884634,0.00158696,-0.00543229
-1.13084634,0.00225837,-0.00659200
-1.12284634,0.00000000,-0.00671407
-1.11484634,-0.00103763,-0.00872829
-1.10684634,0.00012207,-0.00964385
-1.09884634,-0.00219733,-0.01312296
-1.09084634,0.00323496,-0.00732444
-1.08284634,-0.00128178,-0.01312296
-1.07484634,-0.00164800,-0.00646992
-1.06684635,0.00146489,-0.00921659
-1.05884635,0.00238044,-0.01178014
-1.05084635,-0.00018311,-0.01379437
-1.04284635,-0.00091556,-0.01074252
-1.03484635,0.00000000,-0.01251259
-1.02684635,0.00097659,-0.01135289
-1.01884635,0.00427259,-0.01001007
-1.01084635,0.00201422,-0.00885037
-1.00284635,0.00146489,-0.00946074
-0.99484635,0.00012207,-0.01300089
-0.98684635,0.00238044,-0.01403851
-0.97884635,0.00360118,-0.00824000
-0.97084635,0.00299081,-0.00744652
-0.96284635,-0.00091556,-0.01190222
-0.95484635,0.00201422,-0.00885037
-0.94684635,0.00360118,-0.00946074
-0.93884635,0.00122074,-0.00799585
-0.93084635,0.00146489,-0.00964385
-0.92284635,0.00427259,-0.00543229
-0.91484635,0.00061037,-0.01013215
-0.90684635,0.00323496,-0.01251259
-0.89884635,-0.00317392,-0.01062044
-0.89084635,0.00012207,-0.00268563
-0.88284635,-0.00177007,-0.01391644
-0.87484635,0.00170904,-0.01001007
-0.86684635,-0.00244148,-0.00598163
-0.85884635,0.00225837,-0.00457778
-0.85084635,-0.00506607,-0.00646992
-0.84284635,-0.00207526,-0.01123081
-0.83484635,0.00756859,-0.00897244
-0.82684635,-0.00164800,-0.01355022
-0.81884635,-0.00018311,-0.01312296
-0.81084635,0.00048830,-0.01342814
-0.80284635,-0.00195318,-0.01342814
-0.79484635,0.00476089,-0.00775170
-0.78684635,0.00299081,-0.00897244
-0.77884635,0.00476089,-0.00860622
-0.77084635,0.00225837,-0.00921659
-0.76284635,0.00262459,-0.00976592
-0.75484635,-0.00091556,-0.01226844
-0.74684635,-0.00030519,-0.01001007
-0.73884635,-0.00164800,-0.01135289
-0.73084635,0.00274667,-0.00824000
-0.72284635,0.00250252,-0.00720237
-0.71484635,0.00451674,-0.00708029
-0.70684636,0.00225837,-0.00921659
-0.69884636,0.00012207,-0.00897244
-0.69084636,-0.00152593,-0.00988800
-0.68284636,0.00347911,-0.01428266
-0.67484636,-0.00280770,-0.00946074
-0.66684636,0.00274667,-0.00775170
-0.65884636,0.00158696,-0.00720237
-0.65084636,0.00415052,-0.00836207
-0.64284636,-0.00695822,-0.00909452
-0.63484636,0.00286874,-0.00683615
-0.62684636,0.00738548,-0.00506607
-0.61884636,0.00488296,-0.01062044
-0.61084636,-0.00042726,-0.00659200
-0.60284636,-0.00518815,-0.00756859
-0.59484636,-0.00067141,-0.01165807
-0.58684636,-0.00207526,-0.01037629
-0.57884636,0.00061037,-0.00598163
-0.57084636,0.00262459,-0.00885037
-0.56284636,-0.00787378,-0.01300089
-0.55484636,0.00463881,-0.00567644
-0.54684636,-0.00396741,-0.00433363
-0.53884636,-0.00219733,-0.00622578
-0.53084636,-0.00128178,-0.00506607
-0.52284636,0.00476089,-0.00744652
-0.51484636,-0.00091556,-0.00354015
-0.50684636,0.00274667,-0.00836207
-0.49884636,0.00488296,-0.00567644
-0.49084636,0.00274667,-0.01226844
-0.48284636,0.00439467,-0.00659200
-0.47484636,0.00512711,-0.01379437
-0.46684636,-0.00018311,-0.01037629
-0.45884636,0.00415052,-0.01239051
-0.45084636,0.00488296,-0.00933866
-0.44284636,0.00085452,-0.01001007
-0.43484636,-0.00079348,-0.00518815
-0.42684636,0.00299081,-0.01214637
-0.41884636,-0.00054933,-0.00848415
-0.41084636,-0.00018311,-0.01086459
-0.40284636,0.00170904,-0.00732444
-0.39484636,0.00335704,-0.01263466
-0.38684636,-0.00067141,-0.00610370
-0.37884636,0.00109867,-0.00824000
-0.37084636,0.00592059,-0.01135289
-0.36284636,0.00000000,-0.00946074
-0.35484637,0.00567644,-0.00988800
-0.34684637,0.00512711,-0.00787378
-0.33884637,0.00109867,-0.01403851
-0.33084637,0.00097659,-0.01379437
-0.32284637,0.00213630,-0.00787378
-0.31484637,-0.00469985,-0.01251259
-0.30684637,0.00109867,-0.00610370
-0.29884637,-0.00219733,-0.00799585
-0.29084637,0.00640889,-0.01062044
-0.28284637,0.00146489,-0.00872829
-0.27484637,0.00036622,-0.00872829
-0.26684637,0.00262459,-0.01403851
-0.25884637,0.00109867,-0.01037629
-0.25084637,0.00201422,-0.00860622
-0.24284637,-0.00433363,-0.00964385
-0.23484637,-0.00079348,-0.01074252
-0.22684637,-0.00030519,-0.01123081
-0.21884637,-0.00421155,-0.01062044
-0.21084637,0.00439467,-0.00848415
-0.20284637,0.00073244,-0.00964385
-0.19484637,0.00213630,-0.01165807
-0.18684637,0.00158696,-0.01391644
-0.17884637,-0.00231941,-0.01062044
-0.17084637,-0.00030519,-0.00976592
-0.16284637,-0.00018311,-0.00494400
-0.15484637,0.00250252,-0.01165807
-0.14684637,0.00347911,-0.00671407
-0.13884637,-0.00598163,-0.00744652
-0.13084637,0.00097659,-0.00720237
-0.12284637,-0.00231941,-0.00964385
-0.11484637,0.00097659,-0.00885037
-0.10684637,-0.00292978,-0.00824000
-0.09884637,0.00537126,-0.00469985
-0.09084637,0.00085452,-0.01135289
-0.08284637,0.00335704,-0.01074252
-0.07484637,0.00225837,-0.01312296
-0.06684637,0.00360118,-0.00756859
-0.05884637,0.00567644,-0.00671407
-0.05084637,0.00201422,-0.01062044
-0.04284637,-0.00067141,-0.01013215
-0.03484637,-0.00671407,-0.00622578
-0.02684637,-0.00177007,-0.01452681
-0.01884637,0.05713065,-0.00543229
-0.01084637,0.02807703,-0.00555437
-0.00284638,0.01763970,-0.00408948
0.00515362,-0.38325143,-0.04388562
0.01315362,-0.32563248,-0.00610370
0.02115362,-0.29810479,0.02758873
0.02915362,-0.37470627,-0.01995911
0.03715362,-0.41230506,-0.02649007
0.04515362,-0.44166386,-0.04956206
0.05315362,-0.41468552,0.01184118
0.06115362,-0.43159276,0.00085452
0.06915362,-0.48518327,-0.02941984
0.07715362,-0.45051423,-0.02941984
0.08515362,-0.44508195,0.01788385
0.09315362,-0.44947660,-0.00811792
0.10115362,-0.45289469,-0.01971496
0.10915362,-0.45265055,-0.03473006
0.11715362,-0.42793053,-0.00378430
0.12515362,-0.44392225,0.00488296
0.13315362,-0.45240638,-0.01464888
0.14115362,-0.44758445,-0.01690725
0.14915362,-0.44923246,-0.01135289
0.15715362,-0.46729940,0.00024415
0.16515362,-0.47596666,-0.00708029
0.17315362,-0.47785881,-0.02209540
0.18115362,-0.47901851,-0.00964385
0.18915362,-0.48976105,-0.00128178
0.19715362,-0.49464399,-0.00976592
0.20515362,-0.48896757,-0.02349925
0.21315362,-0.50135809,-0.01892148
0.22115362,-0.49629200,-0.00799585
0.22915362,-0.50514239,-0.01037629
0.23715362,-0.50453198,-0.02471999
0.24515362,-0.50624102,-0.01782281
0.25315362,-0.51258886,-0.00189215
0.26115362,-0.51307720,-0.00421155
0.26915362,-0.51057464,-0.01867733
0.27715362,-0.51545763,-0.01678518
0.28515362,-0.51698357,-0.00268563
0.29315362,-0.52821434,-0.00268563
0.30115362,-0.53138828,-0.01806696
0.30915362,-0.53303629,-0.01702933
0.31715362,-0.52381968,-0.00659200
0.32515362,-0.54805142,-0.00988800
0.33315362,-0.53389078,-0.00421155
0.34115362,-0.53730887,-0.01593066
0.34915361,-0.53895688,-0.01605274
0.35715361,-0.54408401,0.00665304
0.36515361,-0.47144994,-0.00457778
0.37315361,-0.42829677,-0.01715140
0.38115361,-0.41962951,-0.00292978
0.38915361,-0.43989378,-0.01355022
0.39715361,-0.45619068,-0.01165807
0.40515361,-0.46223333,-0.00469985
0.41315361,-0.46906948,-0.01403851
0.42115361,-0.44447157,-0.01001007
0.42915361,-0.39436018,-0.00988800
0.43715361,-0.35132909,-0.01641896
0.44515361,-0.32728049,-0.00836207
0.45315361,-0.32575458,-0.00946074
0.46115361,-0.34113589,-0.01251259
0.46915361,-0.35639516,-0.00219733
0.47715361,-0.36207160,-0.00292978
0.48515361,-0.35956907,-0.00860622
0.49315361,-0.33838922,-0.01062044
0.50115361,-0.31781974,-0.01428266
0.50915361,-0.30732140,-0.00848415
0.51715361,-0.30793175,-0.00860622
0.52515361,-0.30683309,-0.00897244
0.53315361,-0.31690419,-0.01049837
0.54115361,-0.31550035,-0.00720237
0.54915361,-0.31098360,-0.00555437
0.55715361,-0.30054629,-0.01202429
0.56515361,-0.29157385,-0.01178014
0.57315361,-0.28070924,-0.01135289
0.58115361,-0.27478865,-0.00494400
0.58915361,-0.28186896,-0.00988800
0.59715361,-0.28223518,-0.01464888
0.60515361,-0.28473771,-0.01001007
0.61315361,-0.29016998,-0.00799585
0.62115361,-0.27491075,-0.01251259
0.62915361,-0.27039400,-0.00921659
0.63715361,-0.26117739,-0.00634785
0.64515361,-0.25470749,-0.00683615
0.65315361,-0.25220495,-0.01416059
0.66115361,-0.25397503,-0.00787378
0.66915361,-0.25702688,-0.01367229
0.67715361,-0.25727102,-0.00732444
0.68515361,-0.25537890,-0.00909452
0.69315361,-0.25324258,-0.01086459
0.70115360,-0.25257120,-0.01501511
0.70915360,-0.24689475,-0.00897244
0.71715360,-0.24842067,-0.01037629
0.72515360,-0.24536881,-0.01153600
0.73315360,-0.24689475,-0.01123081
0.74115360,-0.24201179,-0.01001007
0.74915360,-0.24213386,-0.00836207
0.75715360,-0.24011964,-0.00634785
0.76515360,-0.23859371,-0.00732444
0.77315360,-0.23908201,-0.00799585
0.78115360,-0.24158452,-0.01086459
0.78915360,-0.23920408,-0.01214637
0.79715360,-0.23932615,-0.01287881
0.80515360,-0.23969238,-0.01123081
0.81315360,-0.24024171,-0.01770074
0.82115360,-0.23920408,-0.03405866
0.82915360,-0.23706779,-0.05590991
0.83715360,-0.23706779,-0.07837153
0.84515360,-0.23517564,-0.11139256
0.85315360,-0.22785120,-0.14795373
0.86115360,-0.22986542,-0.19043550
0.86915360,-0.23468734,-0.23090304
0.87715360,-0.23444319,-0.26624349
0.88515360,-0.22724082,-0.30951872
0.89315360,-0.23047578,-0.34467605
0.90115360,-0.22986542,-0.37519455
0.90915360,-0.22711875,-0.40711692
0.91715360,-0.22229682,-0.44367808
0.92515360,-0.23291726,-0.47718742
0.93315360,-0.22443312,-0.51466417
0.94115360,-0.22156438,-0.54933316
0.94915360,-0.22443312,-0.58516192
0.95715360,-0.22089297,-0.59651476
0.96515360,-0.21942808,-0.58693194
0.97315360,-0.22180852,-0.56599629
0.98115360,-0.22266304,-0.50898772
0.98915360,-0.22266304,-0.43256935
0.99715360,-0.21662039,-0.33234656
1.00515360,-0.21802422,-0.21796319
1.01315360,-0.22309031,-0.10583819
1.02115360,-0.21576586,0.01348918
1.02915360,-0.21021149,0.12366100
1.03715360,-0.21485031,0.23627430
1.04515360,-0.21082187,0.33112583
1.05315360,-0.21173742,0.42976165
1.06115359,-0.20691550,0.53425705
1.06915359,-0.20728171,0.64046144
1.07715359,-0.20777002,0.75923949
1.08515359,-0.20386365,0.86342967
1.09315359,-0.20880765,0.98281807
1.10115359,-0.20313120,1.07272565
1.10915359,-0.20209357,1.13620412
1.11715359,-0.19910276,1.15054786
1.12515359,-0.20490128,1.12808621
1.13315359,-0.19922483,1.04855490
1.14115359,-0.19794305,0.94412059
1.14915359,-0.19806513,0.80172122
1.15715359,-0.19592883,0.65041047
1.16515359,-0.19391461,0.48646504
1.17315359,-0.18964201,0.33704641
1.18115359,-0.19354838,0.19556260
1.18915359,-0.19141209,0.05926695
1.19715359,-0.18927580,-0.07025361
1.20515359,-0.19037446,-0.20239875
1.21315359,-0.19025239,-0.33973205
1.22115359,-0.18561357,-0.48487806
1.22915359,-0.18964201,-0.64204842
1.23715359,-0.18079165,-0.80623800
1.24515359,-0.18671224,-0.94558549
1.25315359,-0.18787195,-1.05679500
1.26115359,-0.18561357,-1.12680435
1.26915359,-0.18848231,-1.14505446
1.27715359,-0.19049653,-1.12436295
1.28515359,-0.18860438,-1.05490279
1.29315359,-0.18420972,-0.94985807
1.30115359,-0.18884854,-0.82955414
1.30915359,-0.18585773,-0.69460130
1.31715359,-0.18396558,-0.56941438
1.32515359,-0.18127994,-0.45490891
1.33315359,-0.18372142,-0.34418774
1.34115359,-0.17926572,-0.24341562
1.34915359,-0.18420972,-0.15137181
1.35715359,-0.18243966,-0.05499435
1.36515359,-0.17688528,0.05053865
1.37315359,-0.17664114,0.16919461
1.38115359,-0.17639698,0.28937650
1.38915359,-0.18408765,0.38575396
1.39715359,-0.17792290,0.46998504
1.40515359,-0.17474899,0.51734978
1.41315358,-0.17664114,0.53791922
1.42115358,-0.17792290,0.51423687
1.42915358,-0.17108676,0.46882534
1.43715358,-0.17499313,0.39680165
1.44515358,-0.17664114,0.30677205
1.45315358,-0.16943876,0.22241890
1.46115358,-0.17108676,0.13391522
1.46915358,-0.17212439,0.06176946
1.47715358,-0.16632588,-0.00219733
1.48515358,-0.16968292,-0.06079287
1.49315358,-0.17212439,-0.10962249
1.50115358,-0.16528824,-0.15826899
1.50915358,-0.16779077,-0.22553179
1.51715358,-0.16589862,-0.26306954
1.52515358,-0.16077150,-0.31098360
1.53315358,-0.16681418,-0.35071871
1.54115358,-0.16479996,-0.36371958
1.54915358,-0.15643787,-0.35932493
1.55715358,-0.16254158,-0.33570361
1.56515358,-0.16162603,-0.28351694
1.57315358,-0.16199225,-0.22247994
1.58115358,-0.16125980,-0.15234840
1.58915358,-0.16388440,-0.08239998
1.59715358,-0.16302988,-0.01782281
1.60515358,-0.15808588,0.04651021
1.61315358,-0.15833002,0.10022278
1.62115358,-0.15845209,0.13727225
1.62915358,-0.15131077,0.17590868
1.63715358,-0.15900144,0.20288706
1.64515358,-0.14813684,0.24005860
1.65315358,-0.15039521,0.26111636
1.66115358,-0.15466781,0.28321177
1.66915358,-0.15393536,0.29718924
1.67715358,-0.15253150,0.29389325
1.68515358,-0.15631580,0.28443250
1.69315358,-0.15039521,0.24396497
1.70115358,-0.15570544,0.19794305
1.70915358,-0.15039521,0.14447463
1.71715358,-0.14777063,0.07788324
1.72515358,-0.15076144,0.01269570
1.73315358,-0.15533921,-0.05401776
1.74115358,-0.14923552,-0.11236915
1.74915358,-0.15466781,-0.17316203
1.75715358,-0.14764854,-0.21375164
1.76515357,-0.14355907,-0.25238806
1.77315357,-0.14911343,-0.29413739
1.78115357,-0.14459670,-0.33533737
1.78915357,-0.14587848,-0.37067783
1.79715357,-0.14520706,-0.40760520
1.80515357,-0.14020203,-0.44544816
1.81315357,-0.14636678,-0.47505111
1.82115357,-0.14410840,-0.48731956
1.82915357,-0.14233834,-0.50257879
1.83715357,-0.14661092,-0.49501023
1.84515357,-0.14508499,-0.48225349
1.85315357,-0.14069033,-0.46650594
1.86115357,-0.13776055,-0.45008698
1.86915357,-0.14319284,-0.42072818
1.87715357,-0.13995789,-0.40028077
1.88515357,-0.14246041,-0.37519455
1.89315357,-0.13867611,-0.35615101
1.90115357,-0.13806574,-0.33863339
1.90915357,-0.13965270,-0.31263161
1.91715357,-0.13617359,-0.28669089
1.92515357,-0.14081240,-0.26471755
1.93315357,-0.13666189,-0.23535874
1.94115357,-0.13916440,-0.20807520
1.94915357,-0.14020203,-0.17041536
1.95715357,-0.13776055,-0.13965270
1.96515357,-0.13440351,-0.11969359
1.97315357,-0.13666189,-0.09625538
1.98115357,-0.13428144,-0.07495346
1.98915357,-0.12872708,-0.05261391
1.99715357,-0.13312174,-0.03344829
2.00515357,-0.12695700,-0.02966399
2.01315357,-0.12897122,-0.00378430
2.02115357,-0.13031404,0.01562548
2.02915357,-0.12695700,0.02533036
2.03715357,-0.12604144,0.04547258
2.04515357,-0.12842189,0.05206458
2.05315357,-0.12909329,0.06451613
2.06115357,-0.12695700,0.06830043
2.06915357,-0.12604144,0.06274606
2.07715357,-0.12683493,0.06152532
2.08515357,-0.12768945,0.05029450
2.09315357,-0.12628560,0.04449598
2.10115357,-0.12579730,0.03857540
2.10915357,-0.12048708,0.03350932
2.11715356,-0.12640767,0.02166814
2.12515356,-0.12756737,0.01019318
2.13315356,-0.12402722,-0.00067141
2.14115356,-0.12402722,-0.00482192
2.14915356,-0.12945952,-0.02752770
2.15715356,-0.12213507,-0.04553362
2.16515356,-0.11737419,-0.05511643
2.17315356,-0.12292856,-0.06811731
2.18115356,-0.12378307,-0.09247109
2.18915356,-0.11774041,-0.09942930
2.19715356,-0.11963256,-0.12274545
2.20515356,-0.12164678,-0.12805566
2.21315356,-0.11725211,-0.14593951
2.22115356,-0.11548204,-0.15271463
2.22915356,-0.11493271,-0.15375225
2.23715356,-0.11597034,-0.16815698
2.24515356,-0.11090426,-0.17151402
2.25315356,-0.10736412,-0.17706840
2.26115356,-0.10534990,-0.17163610
2.26915356,-0.10260323,-0.17798394
2.27715356,-0.10272530,-0.18073061
2.28515356,-0.10547197,-0.17859432
2.29315356,-0.09833064,-0.17255165
2.30115356,-0.09955138,-0.16974396
2.30915356,-0.09588916,-0.16797388
2.31715356,-0.09479049,-0.16205329
2.32515356,-0.09350871,-0.14960173
2.33315356,-0.09149449,-0.14215522
2.34115356,-0.09601123,-0.13220619
2.34915356,-0.09076205,-0.10724204
2.35715356,-0.09833064,-0.09509568
2.36515356,-0.09479049,-0.07025361
2.37315356,-0.09613331,-0.05334635
2.38115356,-0.08972442,-0.03521836
2.38915356,-0.09302042,-0.01452681
2.39715356,-0.09350871,0.00415052
2.40515356,-0.09247109,0.02240059
2.41315356,-0.09234901,0.03881954
2.42115356,-0.10022278,0.04626606
2.42915356,-0.09717093,0.06567583
2.43715356,-0.09289834,0.08355968
2.44515356,-0.09955138,0.09869686
2.45315356,-0.09045686,0.12176885
2.46115356,-0.09942930,0.13440351
2.46915355,-0.10193183,0.14209418
2.47715355,-0.09540086,0.14703818
2.48515355,-0.10144353,0.16077150
2.49315355,-0.09704886,0.16492203
2.50115355,-0.09656057,0.16278572
2.50915355,-0.09729300,0.15582751
2.51715355,-0.09137242,0.14514603
2.52515355,-0.09033479,0.13513596
2.53315355,-0.09222694,0.12720114
2.54115355,-0.08490250,0.11420026
2.54915355,-0.08453627,0.10730308
2.55715355,-0.08099613,0.09857479
2.56515355,-0.07708976,0.08282723
2.57315355,-0.08178961,0.06994842
2.58115355,-0.08026368,0.05090487
2.58915355,-0.07934812,0.03845332
2.59715355,-0.07556383,0.01898251
2.60515355,-0.07470931,0.01208533
2.61315355,-0.06964324,0.00097659
2.62115355,-0.06817835,-0.01239051
2.62915355,-0.07220680,-0.02160710
2.63715355,-0.07318339,-0.02209540
2.64515355,-0.06976531,-0.02410962
2.65315355,-0.06891079,-0.01641896
2.66115355,-0.06512650,-0.01733451
2.66915355,-0.07177953,-0.00756859
2.67715355,-0.07281716,-0.00219733
2.68515355,-0.06524857,0.00323496
2.69315355,-0.07019258,0.01007111
2.70115355,-0.06439406,0.02307199
2.70915355,-0.06830043,0.03424177
2.71715355,-0.07293924,0.04840235
2.72515355,-0.07196265,0.06378368
2.73315355,-0.06653035,0.08648945
2.74115355,-0.07043672,0.10315256
2.74915355,-0.06610309,0.12012085
2.75715355,-0.06830043,0.13202307
2.76515355,-0.06689657,0.14801477
2.77315355,-0.06701864,0.15747550
2.78115355,-0.07080294,0.17035432
2.78915355,-0.06573687,0.18384349
2.79715355,-0.06408887,0.18872645
2.80515355,-0.06262398,0.19318217
2.81315355,-0.06408887,0.21106601
2.82115355,-0.06286813,0.22138126
2.82915354,-0.05841243,0.22516556
2.83715354,-0.06030457,0.23401593
2.84515354,-0.05590991,0.23682363
2.85315354,-0.05920591,0.23920408
2.86115354,-0.05212561,0.24243903
2.86915354,-0.05871761,0.23578601
2.87715354,-0.05188147,0.24475844
2.88515354,-0.05627613,0.25080112
2.89315354,-0.05767998,0.24787134
2.90115354,-0.05957213,0.25507370
2.90915354,-0.05664235,0.25898007
2.91715354,-0.05377361,0.26239815
2.92515354,-0.05780206,0.26514482
2.93315354,-0.05615406,0.27210304
2.94115354,-0.05853450,0.27198094
2.94915354,-0.05542161,0.27375102
2.95715354,-0.05542161,0.27906126
2.96515354,-0.05084383,0.27106541
2.97315354,-0.06537065,0.27326274
2.98115354,-0.05981628,0.27362895
2.98915354,-0.06146428,0.27552110
2.99715354,-0.05993835,0.27387309
3.00515354,-0.05273598,0.26593828
3.01315354,-0.05694754,0.27021089
3.02115354,-0.05493332,0.26667073
3.02915354,-0.05529954,0.26166570
3.03715354,-0.05603198,0.25092319
3.04515354,-0.06714072,0.24475844
3.05315354,-0.05719168,0.23871578
3.06115354,-0.05627613,0.23010956
3.06915354,-0.05285806,0.21436201
3.07715354,-0.05578784,0.20477919
3.08515354,-0.05438399,0.19086276
3.09315354,-0.05804621,0.18091372
3.10115354,-0.05438399,0.17462692
3.10915354,-0.05719168,0.16064943
3.11715354,-0.05212561,0.15332499
3.12515354,-0.04736473,0.14294870
3.13315354,-0.05389569,0.13391522
3.14115354,-0.05328532,0.11999878
3.14915354,-0.05413984,0.10907315
3.15715354,-0.05273598,0.10541093
3.16515354,-0.05151524,0.10162663
3.17315354,-0.04974517,0.09088412
3.18115353,-0.04870754,0.08990753
3.18915353,-0.04950102,0.09582812
3.19715353,-0.05261391,0.09796441
3.20515353,-0.04644917,0.10327464
3.21315353,-0.04571673,0.11041597
3.22115353,-0.04290903,0.11737419
3.22915353,-0.04358043,0.12610248
3.23715353,-0.04620502,0.13202307
3.24515353,-0.04266488,0.14282662
3.25315353,-0.04052858,0.14905240
3.26115353,-0.04150517,0.16742454
3.26915353,-0.04040651,0.17096469
3.27715353,-0.03888058,0.17627491
3.28515353,-0.04382458,0.19000824
3.29315353,-0.03698843,0.19641712
3.30115353,-0.03979614,0.20252083
3.30915353,-0.03772088,0.20221564
3.31715353,-0.04846339,0.20252083
3.32515353,-0.04596087,0.20844142
3.33315353,-0.03509629,0.20386365
3.34115353,-0.03839228,0.18762779
3.34915353,-0.03772088,0.18408765
3.35715353,-0.04217658,0.16669209
3.36515353,-0.04138310,0.15430158
3.37315353,-0.04168829,0.13513596
3.38115353,-0.03888058,0.12433241
3.38915353,-0.03759880,0.10705893
3.39715353,-0.03979614,0.08600116
3.40515353,-0.03509629,0.07538072
3.41315353,-0.03888058,0.05908383
3.42115353,-0.04113895,0.04193243
3.42915353,-0.03827021,0.03265481
3.43715353,-0.03735466,0.02832118
3.44515353,-0.03814813,0.01507614
3.45315353,-0.03802606,0.01336711
3.46115353,-0.03698843,0.01409955
3.46915353,-0.03735466,0.01940977
3.47715353,-0.03991821,0.03222755
3.48515353,-0.03802606,0.04223762
3.49315353,-0.03802606,0.05749687
3.50115353,-0.03674429,0.08233894
3.50915353,-0.03570665,0.10376293
3.51715353,-0.02844325,0.12683493
3.52515353,-0.03332621,0.14685507
3.53315352,-0.02966399,0.18347728
3.54115352,-0.03320414,0.20233771
3.54915352,-0.03247169,0.22833949
3.55715352,-0.03393658,0.25043488
3.56515352,-0.03234962,0.27375102
3.57315352,-0.03650014,0.28559220
3.58115352,-0.03485214,0.29969177
3.58915352,-0.03234962,0.30878627
3.59715352,-0.03082369,0.30927458
3.60515352,-0.03259377,0.30603960
3.61315352,-0.03143407,0.29920346
3.62115352,-0.02941984,0.29041412
3.62915352,-0.03106784,0.27246925
3.63715352,-0.02539140,0.24286629
3.64515352,-0.03003021,0.22052675
3.65315352,-0.02929777,0.18506424
3.66115352,-0.03106784,0.14886929
3.66915352,-0.02826014,0.11462753
3.67715352,-0.03094577,0.07245094
3.68515352,-0.02703940,0.02807703
3.69315352,-0.03015229,-0.00720237
3.70115352,-0.02728355,-0.04956206
3.70915352,-0.03393658,-0.08819849
3.71715352,-0.02856532,-0.11957152
3.72515352,-0.02905362,-0.14429152
3.73315352,-0.02478103,-0.17621388
3.74115352,-0.02880947,-0.19434187
3.74915352,-0.02600177,-0.21124913
3.75715352,-0.02502518,-0.21820734
3.76515352,-0.03045747,-0.22827846
3.77315352,-0.03180028,-0.22956023
3.78115352,-0.02667318,-0.22296824
3.78915352,-0.02880947,-0.22009949
3.79715352,-0.02917570,-0.20215461
3.80515352,-0.02826014,-0.19067964
3.81315352,-0.02679525,-0.17554247
3.82115352,-0.03118992,-0.15326396
3.82915352,-0.03033540,-0.13458663
3.83715352,-0.03106784,-0.11401715
3.84515352,-0.02514725,-0.09753716
3.85315352,-0.03003021,-0.07995850
3.86115352,-0.02777184,-0.07129124
3.86915352,-0.02777184,-0.05829035
3.87715352,-0.02826014,-0.04406873
3.88515351,-0.03625599,-0.03534044
3.89315351,-0.03393658,-0.03241066
3.90115351,-0.03247169,-0.03961302
3.90915351,-0.02826014,-0.03381451
3.91715351,-0.02752770,-0.04541154
3.92515351,-0.03045747,-0.05523850
3.93315351,-0.03106784,-0.06598102
3.94115351,-0.03625599,-0.08618427
3.94915351,-0.02917570,-0.10180975
3.95715351,-0.02691733,-0.12775049
3.96515351,-0.02636799,-0.13989684
3.97315351,-0.03003021,-0.16547136
3.98115351,-0.03167821,-0.17340617
3.98915351,-0.02990814,-0.19336528
3.99715351,-0.03015229,-0.20593891
4.00515351,-0.02905362,-0.22058779
4.01315351,-0.02551347,-0.23078097
4.02115351,-0.02246162,-0.24732199
4.02915351,-0.02624592,-0.24628437
4.03715351,-0.02740562,-0.25830865
4.04515351,-0.02728355,-0.25171667
4.05315351,-0.02954192,-0.25775933
4.06115351,-0.02941984,-0.24958037
4.06915351,-0.03393658,-0.24756615
4.07715351,-0.03131199,-0.24280526
4.08515351,-0.02764977,-0.24011964
4.09315351,-0.02502518,-0.22540972
4.10115351,-0.02435377,-0.21985534
4.10915351,-0.02587970,-0.22070986
4.11715351,-0.02868740,-0.20618305
4.12515351,-0.02313303,-0.20380260
4.13315351,-0.02362133,-0.19965209
4.14115351,-0.02490310,-0.19928586
4.14915351,-0.02868740,-0.19171728
4.15715351,-0.02539140,-0.19269387
4.16515351,-0.02325510,-0.19489120
4.17315351,-0.02740562,-0.19849238
4.18115351,-0.02258370,-0.20038453
4.18915351,-0.01995911,-0.20239875
4.19715351,-0.02172918,-0.21906187
4.20515351,-0.02221747,-0.22876674
4.21315351,-0.02136296,-0.24036378
4.22115351,-0.02551347,-0.25513473
4.22915351,-0.02258370,-0.27112645
4.23715350,-0.02246162,-0.29016998
4.24515350,-0.02313303,-0.30750450
4.25315350,-0.01806696,-0.32447278
4.26115350,-0.01983703,-0.33521530
4.26915350,-0.02410962,-0.35084078
4.27715350,-0.02056948,-0.37153232
4.28515350,-0.02313303,-0.39161351
4.29315350,-0.02325510,-0.40357676
4.30115350,-0.01770074,-0.42463455
4.30915350,-0.02172918,-0.43787956
4.31715350,-0.01745659,-0.45374921
4.32515350,-0.02655110,-0.46015808
4.33315350,-0.02044740,-0.46937469
4.34115350,-0.02160710,-0.48286384
4.34915350,-0.01879940,-0.49476609
4.35715350,-0.01654103,-0.49623096
4.36515350,-0.02160710,-0.49110386
4.37315350,-0.02172918,-0.49171424
4.38115350,-0.01757866,-0.49610889
4.38915350,-0.01995911,-0.49714652
4.39715350,-0.01995911,-0.49464399
4.40515350,-0.01867733,-0.48176518
4.41315350,-0.01806696,-0.47242653
4.42115350,-0.01770074,-0.46192816
4.42915350,-0.01898251,-0.45869321
4.43715350,-0.02233955,-0.43812373
4.44515350,-0.02111881,-0.42780846
4.45315350,-0.01342814,-0.41047394
4.46115350,-0.02111881,-0.39551988
4.46915350,-0.02056948,-0.37897885
4.47715350,-0.01910459,-0.36109501
4.48515350,-0.01818903,-0.34784997
4.49315350,-0.01867733,-0.33094272
4.50115350,-0.01709037,-0.31000701
4.50915350,-0.01654103,-0.29474777
4.51715350,-0.01629688,-0.28150272
4.52515350,-0.01275674,-0.26740319
4.53315350,-0.01794488,-0.24945830
4.54115350,-0.01477096,-0.23859371
4.54915350,-0.01770074,-0.22522660
4.55715350,-0.01617481,-0.21704763
4.56515350,-0.01202429,-0.20270394
4.57315350,-0.01666311,-0.19824824
4.58115350,-0.01153600,-0.18390454
4.58915350,-0.01287881,-0.17658010
4.59715349,-0.01391644,-0.17456588
4.60515349,-0.01568651,-0.16638692
4.61315349,-0.01275674,-0.15765862
4.62115349,-0.01226844,-0.15552232
4.62915349,-0.01654103,-0.15314189
4.63715349,-0.01110874,-0.14331493
4.64515349,-0.01141392,-0.14667195
4.65315349,-0.00897244,-0.13965270
4.66115349,-0.01477096,-0.14441359
4.66915349,-0.01342814,-0.13306069
4.67715349,-0.01416059,-0.12891018
4.68515349,-0.01098666,-0.12250130
4.69315349,-0.01312296,-0.12439345
4.70115349,-0.00787378,-0.11847285
4.70915349,-0.00988800,-0.11590930
4.71715349,-0.00646992,-0.11590930
4.72515349,-0.01416059,-0.10345775
4.73315349,-0.01074252,-0.10522782
4.74115349,-0.00775170,-0.09686575
4.74915349,-0.00909452,-0.09649953
4.75715349,-0.00659200,-0.09485152
4.76515349,-0.00659200,-0.09143345
4.77315349,-0.00341807,-0.08502457
4.78115349,-0.00268563,-0.08337657
4.78915349,-0.00659200,-0.07544176
4.79715349,-0.00469985,-0.07342754
4.80515349,-0.00317392,-0.06268502
4.81315349,-0.00195318,-0.06244087
4.82115349,-0.00341807,-0.05743583
4.82915349,-0.00292978,-0.04998932
4.83715349,-0.00787378,-0.04376354
4.84515349,-0.00622578,-0.03460799
4.85315349,-0.00231941,-0.02471999
4.86115349,0.00146489,-0.01556444
4.86915349,-0.00457778,-0.00268563
4.87715349,-0.00054933,-0.00231941
4.88515349,-0.00897244,0.01245155
4.89315349,-0.00585955,0.02899258
4.90115349,0.00189215,0.04663228
4.90915349,-0.00219733,0.06237983
4.91715349,-0.00305185,0.07220680
4.92515349,-0.00079348,0.09253212
4.93315349,-0.00506607,0.11432233
4.94115349,-0.00445570,0.12634663
4.94915348,-0.00708029,0.14282662
4.95715348,-0.00054933,0.15533921
4.96515348,-0.00646992,0.17047639
4.97315348,-0.00091556,0.18335521
4.98115348,0.00036622,0.19391461
4.98915348,-0.00268563,0.20801416
4.99715348,-0.00128178,0.22125919
5.00515348,-0.00708029,0.22632527
5.01315348,0.00250252,0.23340556
5.02115348,-0.00128178,0.23694570
5.02915348,-0.00329600,0.24219489
5.03715348,-0.00384533,0.24335459
5.04515348,-0.00042726,0.24927518
5.05315348,-0.00341807,0.24701682
5.06115348,-0.00207526,0.24097416
5.06915348,0.00238044,0.24243903
5.07715348,0.00592059,0.24243903
5.08515348,0.00201422,0.23505355
5.09315348,0.00146489,0.23566394
5.10115348,-0.00054933,0.22882779
5.10915348,0.00238044,0.22736290
5.11715348,0.00250252,0.22669148
5.12515348,0.00024415,0.22302927
5.13315348,0.00225837,0.22479934
5.14115348,0.00311289,0.21924497
5.14915348,0.00274667,0.22003846
5.15715348,0.00201422,0.22028260
5.16515348,0.00756859,0.22608112
5.17315348,0.00415052,0.22077090
5.18115348,0.00402844,0.22559282
5.18915348,0.00878933,0.22870570
5.19715348,0.00738548,0.23603015
5.20515348,0.00500504,0.24372081
5.21315348,0.01031526,0.23364970
5.22115348,0.00085452,0.24396497
5.22915348,0.00769066,0.25055698
5.23715348,0.01007111,0.25000763
5.24515348,0.00866726,0.25733209
5.25315348,0.00170904,0.26038393
5.26115348,0.00677511,0.26526690
5.26915348,0.00262459,0.26947844
5.27715348,0.00628681,0.26856288
5.28515348,0.00524918,0.27271339
5.29315348,0.00549333,0.26715904
5.30115347,0.00537126,0.27033296
5.30915347,0.00781274,0.27387309
5.31715347,0.00604266,0.27484968
5.32515347,0.01007111,0.27326274
5.33315347,0.00878933,0.27460554
5.34115347,0.01147496,0.27283546
5.34915347,0.00488296,0.27600941
5.35715347,0.00390637,0.27826777
5.36515347,0.01031526,0.27649769
5.37315347,0.00769066,0.28107548
5.38115347,0.01068148,0.28461561
5.38915347,0.00427259,0.28662986
5.39715347,0.01116977,0.29175696
5.40515347,0.01232948,0.29432049
5.41315347,0.00891140,0.29694510
5.42115347,0.01171911,0.30310982
5.42915347,0.00793481,0.30982390
5.43715347,0.01104770,0.32062745
5.44515347,0.01104770,0.31861323
5.45315347,0.00970489,0.32911161
5.46115347,0.01135289,0.33210242
5.46915347,0.00903348,0.33997619
5.47715347,0.01232948,0.34546953
5.48515347,0.00512711,0.34662923
5.49315347,0.01293985,0.35810420
5.50115347,0.00866726,0.35963011
5.50915347,0.00891140,0.35926390
5.51715347,0.00927763,0.35798213
5.52515347,0.00903348,0.35694450
5.53315347,0.00689718,0.34900966
5.54115347,0.00854518,0.35419783
5.54915347,0.00842311,0.34876552
5.55715347,0.01220740,0.34376049
5.56515347,0.00878933,0.33466598
5.57315347,0.00994903,0.32972199
5.58115347,0.00958281,0.32618183
5.58915347,0.01776177,0.31836909
5.59715347,0.01245155,0.30060732
5.60515347,0.00756859,0.29541916
5.61315347,0.01068148,0.28620258
5.62115347,0.01397748,0.27362895
5.62915347,0.00970489,0.26947844
5.63715347,0.00524918,0.25836971
5.64515347,0.01147496,0.25055698
5.65315346,0.00927763,0.24787134
5.66115346,0.01916562,0.24085207
5.66915346,0.02282785,0.23175757
5.67715346,0.00958281,0.23285623
5.68515346,0.01574755,0.22345653
5.69315346,0.01092563,0.22193059
5.70115346,0.01196326,0.21967223
5.70915346,0.01220740,0.21698660
5.71715346,0.01525925,0.22064883
5.72515346,0.01727348,0.21851254
5.73315346,0.01574755,0.22254097
5.74115346,0.01446577,0.22382274
5.74915346,0.01348918,0.22101505
5.75715346,0.01116977,0.22028260
5.76515346,0.01849422,0.22229682
5.77315346,0.02063051,0.22217475
5.78115346,0.01324503,0.22052675
5.78915346,0.01196326,0.22217475
5.79715346,0.01434370,0.21509445
5.80515346,0.01373333,0.21747489
5.81315346,0.01324503,0.21735282
5.82115346,0.01635792,0.21399578
5.82915346,0.01104770,0.21387371
5.83715346,0.01873836,0.20062868
5.84515346,0.01574755,0.19898069
5.85315346,0.00524918,0.20276497
5.86115346,0.01348918,0.19318217
5.86915346,0.01281777,0.18884854
5.87715346,0.01147496,0.17981505
5.88515346,0.01574755,0.18445387
5.89315346,0.01385540,0.16980499
5.90115346,0.01458785,0.16339611
5.90915346,0.01525925,0.16553240
5.91715346,0.01422163,0.16455580
5.92515346,0.01599170,0.16125980
5.93315346,0.01574755,0.15887935
5.94115346,0.01550340,0.16052736
5.94915346,0.01928770,0.15820795
5.95715346,0.01483200,0.15192114
5.96515346,0.01043733,0.14874722
5.97315346,0.01269570,0.15027314
5.98115346,0.01068148,0.15155491
5.98915346,0.01525925,0.15485092
5.99715346,0.01623585,0.15442365
6.00515345,0.01434370,0.16077150
6.01315345,0.01397748,0.16199225
6.02115345,0.01257363,0.16412854
6.02915345,0.01446577,0.16754662
6.03715345,0.01715140,0.16766869
6.04515345,0.01245155,0.16339611
6.05315345,0.02002014,0.16077150
6.06115345,0.01550340,0.15472884
6.06915345,0.00842311,0.15833002
6.07715345,0.02050844,0.15472884
6.08515345,0.01257363,0.14728233
6.09315345,0.01825007,0.14917448
6.10115345,0.01434370,0.14148381
6.10915345,0.01385540,0.13177893
6.11715345,0.01306192,0.12012085
6.12515345,0.01159703,0.11395612
6.13315345,0.01550340,0.10602130
6.14115345,0.01104770,0.09338664
6.14915345,0.01135289,0.07800531
6.15715345,0.01599170,0.06628621
6.16515345,0.01611377,0.05896176
6.17315345,0.02270577,0.04547258
6.18115345,0.01812799,0.03411970
6.18915345,0.01672414,0.02569658
6.19715345,0.01196326,0.01031526
6.20515345,0.00866726,-0.00622578
6.21315345,0.01940977,-0.00964385
6.22115345,0.01751762,-0.02032533
6.22915345,0.01525925,-0.03259377
6.23715345,0.01495407,-0.03863643
6.24515345,0.01599170,-0.05200354
6.25315345,0.01348918,-0.06146428
6.26115345,0.00878933,-0.06622516
6.26915345,0.01812799,-0.06872769
6.27715345,0.01220740,-0.07672353
6.28515345,0.01458785,-0.07794427
6.29315345,0.01055940,-0.08575701
6.30115345,0.02117985,-0.09332560
6.30915345,0.01245155,-0.09674367
6.31715345,0.01788385,-0.09900205
6.32515345,0.01977599,-0.11212500
6.33315345,0.01470992,-0.11682485
6.34115345,0.01135289,-0.12097538
6.34915345,0.01574755,-0.12408826
6.35715345,0.01257363,-0.13080233
6.36515344,0.01422163,-0.13531907
6.37315344,0.01727348,-0.14502396
6.38115344,0.01245155,-0.14642781
6.38915344,0.01336711,-0.15680410
6.39715344,0.01184118,-0.16736351
6.40515344,0.01208533,-0.17139195
6.41315344,0.01306192,-0.18555254
6.42115344,0.01470992,-0.19067964
6.42915344,0.01104770,-0.19550157
6.43715344,0.01739555,-0.20569475
6.44515344,0.01220740,-0.21362957
6.45315344,0.01104770,-0.22553179
6.46115344,0.01434370,-0.22730187
6.46915344,0.01861629,-0.23596911
6.47715344,0.01336711,-0.24933623
6.48515344,0.01336711,-0.25061801
6.49315344,0.01281777,-0.25714895
6.50115344,0.01702933,-0.26923430
6.50915344,0.01336711,-0.27130955
6.51715344,0.00982696,-0.28125858
6.52515344,0.01825007,-0.28931546
6.53315344,0.01812799,-0.29761651
6.54115344,0.01361126,-0.29688406
6.54915344,0.01849422,-0.30646688
6.55715344,0.01763970,-0.30518508
6.56515344,0.01751762,-0.31543931
6.57315344,0.01715140,-0.31604970
6.58115344,0.01715140,-0.32087162
6.58915344,0.01525925,-0.32636493
6.59715344,0.01495407,-0.32740256
6.60515344,0.01306192,-0.32905057
6.61315344,0.01483200,-0.32398450
6.62115344,0.01672414,-0.33710745
6.62915344,0.01727348,-0.33936584
6.63715344,0.01324503,-0.33344522
6.64515344,0.01788385,-0.33912167
6.65315344,0.01623585,-0.34302804
6.66115344,0.01611377,-0.33783990
6.66915344,0.01550340,-0.34351635
6.67715344,0.02014222,-0.34351635
6.68515344,0.02270577,-0.34302804
6.69315344,0.01989807,-0.34125796
6.70115344,0.01776177,-0.34040347
6.70915344,0.02154607,-0.33759576
6.71715343,0.01873836,-0.34705648
6.72515343,0.01715140,-0.34266183
6.73315343,0.01562548,-0.33863339
6.74115343,0.01800592,-0.34327221
6.74915343,0.00927763,-0.33912167
6.75715343,0.02179022,-0.34217352
6.76515343,0.02429273,-0.34742272
6.77315343,0.01940977,-0.35151219
6.78115343,0.01525925,-0.35108495
6.78915343,0.01525925,-0.34797204
6.79715343,0.01788385,-0.35554063
6.80515343,0.01788385,-0.35462508
6.81315343,0.01702933,-0.35816523
6.82115343,0.01727348,-0.35792106
6.82915343,0.01495407,-0.35615101
6.83715343,0.02038636,-0.36512345
6.84515343,0.01873836,-0.36066774
6.85315343,0.01324503,-0.36823633
6.86115343,0.00994903,-0.36280406
6.86915343,0.01574755,-0.36500138
6.87715343,0.02294992,-0.36658832
6.88515343,0.01306192,-0.36097294
6.89315343,0.01409955,-0.36432996
6.90115343,0.01434370,-0.35889769
6.90915343,0.01470992,-0.36359751
6.91715343,0.02166814,-0.35212258
6.92515343,0.01599170,-0.35285500
6.93315343,0.02179022,-0.34516433
6.94115343,0.01727348,-0.33698538
6.94915343,0.01550340,-0.33368939
6.95715343,0.02166814,-0.32752463
6.96515343,0.02014222,-0.32123783
6.97315343,0.01904355,-0.31556138
6.98115343,0.01800592,-0.31153294
6.98915343,0.01043733,-0.29914242
6.99715343,0.02063051,-0.29773858
7.00515343,0.01977599,-0.28638569
7.01315343,0.01727348,-0.27857295
7.02115343,0.01574755,-0.27167577
7.02915343,0.01739555,-0.26599932
7.03715343,0.02496414,-0.26172674
7.04515343,0.01648000,-0.24994659
7.05315343,0.01635792,-0.24390393
7.06115343,0.01904355,-0.24469741
7.06915342,0.01599170,-0.23133031
7.07715342,0.01525925,-0.22589801
7.08515342,0.01470992,-0.21784112
7.09315342,0.01684622,-0.20935698
7.10115342,0.02081362,-0.20093387
7.10915342,0.02002014,-0.20258187
7.11715342,0.01953185,-0.19385357
7.12515342,0.01495407,-0.18689536
7.13315342,0.02093570,-0.17932676
7.14115342,0.01702933,-0.17041536
7.14915342,0.01953185,-0.16888943
7.15715342,0.01916562,-0.15857418
7.16515342,0.01953185,-0.15149388
7.17315342,0.02014222,-0.14667195
7.18115342,0.02331614,-0.13623463
7.18915342,0.01751762,-0.13019197
7.19715342,0.01873836,-0.12463759
7.20515342,0.01257363,-0.11816767
7.21315342,0.01672414,-0.10773034
7.22115342,0.02166814,-0.10443434
7.22915342,0.01684622,-0.09900205
7.23715342,0.02294992,-0.08752708
7.24515342,0.02026429,-0.08008057
7.25315342,0.01892148,-0.07495346
7.26115342,0.01739555,-0.07885983
7.26915342,0.02105777,-0.06646931
7.27715342,0.02471999,-0.06207465
7.28515342,0.01550340,-0.05676443
7.29315342,0.02429273,-0.04858547
7.30115342,0.01672414,-0.04919584
7.30915342,0.01513718,-0.04217658
7.31715342,0.01861629,-0.03204443
7.32515342,0.02130192,-0.02539140
7.33315342,0.02508621,-0.03295999
7.34115342,0.02294992,-0.02032533
7.34915342,0.01739555,-0.01605274
7.35715342,0.01837214,-0.01263466
7.36515342,0.02343822,-0.00671407
7.37315342,0.01715140,-0.00305185
7.38115342,0.02166814,0.00628681
7.38915342,0.01751762,0.00628681
7.39715342,0.02038636,0.01208533
7.40515342,0.02105777,0.02911466
7.41315342,0.02343822,0.02960295
7.42115341,0.02117985,0.03503525
7.42915341,0.01977599,0.04358043
7.43715341,0.01977599,0.04712058
7.44515341,0.01293985,0.05938902
7.45315341,0.01953185,0.06518754
7.46115341,0.01965392,0.06805628
7.46915341,0.02270577,0.07184057
7.47715341,0.02368236,0.08471938
7.48515341,0.01660207,0.08758812
7.49315341,0.02179022,0.09051790
7.50115341,0.02117985,0.09668264
7.50915341,0.02417066,0.09997864
7.51715341,0.02026429,0.11053804
7.52515341,0.02331614,0.11108737
7.53315341,0.02722251,0.10864589
7.54115341,0.02710044,0.12457655
7.54915341,0.02191229,0.12353893
7.55715341,0.02459792,0.13025300
7.56515341,0.02618488,0.12897122
7.57315341,0.02356029,0.12622455
7.58115341,0.02307199,0.13440351
7.58915341,0.02227851,0.13312174
7.59715341,0.02063051,0.12933744
7.60515341,0.02002014,0.13666189
7.61315341,0.03027436,0.14136174
7.62115341,0.02282785,0.13629566
7.62915341,0.02545244,0.13617359
7.63715341,0.02105777,0.14185002
7.64515341,0.02002014,0.13605152
7.65315341,0.02710044,0.13971373
7.66115341,0.02581866,0.14575639
7.66915341,0.02807703,0.14752647
7.67715341,0.02630696,0.15118870
7.68515341,0.02282785,0.15076144
7.69315341,0.02807703,0.15521714
7.70115341,0.02441481,0.15253150
7.70915341,0.02282785,0.15497299
7.71715341,0.02661214,0.15863521
7.72515341,0.02746666,0.16302988
7.73315341,0.02441481,0.15833002
7.74115341,0.02746666,0.16101566
7.74915341,0.02191229,0.16681418
7.75715341,0.02520829,0.17169714
7.76515341,0.02484207,0.16364025
7.77315340,0.02417066,0.16669209
7.78115340,0.02795495,0.17615284
7.78915340,0.02392651,0.17334513
7.79715340,0.02819910,0.17938779
7.80515340,0.02710044,0.17108676
7.81315340,0.02795495,0.17603076
7.82115340,0.02471999,0.17511521
7.82915340,0.02368236,0.18457595
7.83715340,0.02429273,0.18182927
7.84515340,0.02581866,0.19141209
7.85315340,0.02508621,0.18897061
7.86115340,0.02630696,0.18659016
7.86915340,0.02685629,0.19653919
7.87715340,0.02960295,0.19415876
7.88515340,0.02606281,0.20325327
7.89315340,0.02569658,0.19708854
7.90115340,0.02899258,0.20136112
7.90915340,0.02508621,0.20160528
7.91715340,0.02606281,0.21131016
7.92515340,0.02960295,0.21283609
7.93315340,0.02417066,0.21790215
7.94115340,0.02838221,0.21759698
7.94915340,0.02899258,0.21936704
7.95715340,0.02734458,0.22669148
7.96515340,0.03149510,0.22418897
7.97315340,0.02960295,0.22736290
7.98115340,0.02984710,0.22681355
7.98915340,0.02996918,0.22858363
7.99715340,0.02746666,0.23236793
8.00515340,0.03051851,0.23603015
8.01315340,0.02746666,0.23413801
8.02115340,0.02850429,0.23627430
8.02915340,0.03039644,0.22998749
8.03715340,0.02557451,0.23426008
8.04515340,0.02594073,0.22785120
8.05315340,0.02948088,0.22382274
8.06115340,0.02441481,0.22357860
8.06915340,0.02887051,0.22516556
8.07715340,0.02429273,0.21900082
8.08515340,0.02984710,0.21924497
8.09315340,0.03039644,0.21826838
8.10115340,0.02459792,0.21295816
8.10915340,0.02874844,0.20917386
8.11715340,0.02996918,0.20313120
8.12515340,0.02838221,0.19898069
8.13315339,0.03051851,0.19653919
8.14115339,0.02484207,0.19568469
8.14915339,0.02862636,0.19049653
8.15715339,0.03149510,0.19214454
8.16515339,0.02758873,0.18597980
8.17315339,0.02972503,0.17688528
8.18115339,0.02618488,0.18066958
8.18915339,0.03228858,0.18384349
8.19715339,0.02661214,0.17548142
8.20515339,0.02484207,0.17334513
8.21315339,0.02899258,0.17023225
8.22115339,0.02441481,0.16858424
8.22915339,0.02484207,0.16492203
8.23715339,0.02948088,0.16187018
8.24515339,0.03491317,0.16443373
8.25315339,0.02850429,0.15570544
8.26115339,0.02960295,0.15961181
8.26915339,0.02417066,0.15405744
8.27715339,0.03265481,0.15143284
8.28515339,0.02948088,0.14661092
8.29315339,0.02899258,0.15063936
8.30115339,0.03027436,0.14447463
8.30915339,0.03173925,0.14978485
8.31715339,0.03186132,0.14148381
8.32515339,0.03228858,0.13971373
8.33315339,0.03076266,0.13275552
8.34115339,0.03112888,0.13190100
8.34915339,0.02697836,0.13525803
8.35715339,0.02911466,0.12897122
8.36515339,0.02862636,0.12695700
8.37315339,0.02459792,0.12610248
8.38115339,0.02899258,0.13098544
8.38915339,0.03039644,0.12329478
8.39715339,0.02734458,0.11572619
8.40515339,0.02783288,0.12341686
8.41315339,0.02520829,0.11432233
8.42115339,0.02923673,0.12054811
8.42915339,0.03027436,0.11676382
8.43715339,0.03027436,0.11108737
8.44515339,0.02746666,0.10943937
8.45315339,0.01940977,0.11004975
8.46115339,0.02734458,0.10162663
8.46915339,0.02960295,0.10400708
8.47715339,0.02606281,0.10284737
8.48515338,0.02545244,0.09680471
8.49315338,0.03149510,0.09656057
8.50115338,0.02935881,0.09808649
8.50915338,0.02911466,0.08612324
8.51715338,0.03039644,0.08557390
8.52515338,0.02960295,0.08392590
8.53315338,0.02496414,0.08130131
8.54115338,0.02771081,0.07623523
8.54915338,0.02520829,0.06842250
8.55715338,0.02270577,0.06237983
8.56515338,0.02606281,0.05761895
8.57315338,0.02850429,0.04876858
8.58115338,0.02887051,0.04614399
8.58915338,0.02984710,0.03656118
8.59715338,0.02862636,0.03588977
8.60515338,0.02356029,0.02618488
8.61315338,0.02783288,0.01623585
8.62115338,0.02722251,0.01397748
8.62915338,0.02935881,0.00488296
8.63715338,0.02545244,0.00262459
8.64515338,0.02508621,-0.00329600
8.65315338,0.02649007,-0.01025422
8.66115338,0.02783288,-0.02423170
8.66915338,0.02392651,-0.03595080
8.67715338,0.02984710,-0.03320414
8.68515338,0.02685629,-0.04138310
8.69315338,0.02996918,-0.04718161
8.70115338,0.02649007,-0.05578784
8.70915338,0.02734458,-0.06311227
8.71715338,0.02807703,-0.06891079
8.72515338,0.02496414,-0.07153539
8.73315338,0.03027436,-0.07483138
8.74115338,0.02038636,-0.08148442
8.74915338,0.02441481,-0.09295938
8.75715338,0.02722251,-0.09375286
8.76515338,0.02746666,-0.09875789
8.77315338,0.02319407,-0.10534990
8.78115338,0.02850429,-0.11291848
8.78915338,0.02368236,-0.12158574
8.79715338,0.02533036,-0.11639760
8.80515338,0.02166814,-0.12866604
8.81315338,0.02972503,-0.13196203
8.82115338,0.02520829,-0.13953063
8.82915338,0.02819910,-0.14075136
8.83715337,0.02630696,-0.14667195
8.84515337,0.02807703,-0.14667195
8.85315337,0.02459792,-0.15680410
8.86115337,0.02569658,-0.16016114
8.86915337,0.02429273,-0.16608173
8.87715337,0.02508621,-0.16711935
8.88515337,0.02496414,-0.16559343
8.89315337,0.02734458,-0.17542039
8.90115337,0.02661214,-0.17682424
8.90915337,0.02887051,-0.17920469
8.91715337,0.02722251,-0.18353832
8.92515337,0.02368236,-0.18994720
8.93315337,0.02520829,-0.18781091
8.94115337,0.02710044,-0.19470809
8.94915337,0.02819910,-0.19421980
8.95715337,0.02630696,-0.19660024
8.96515337,0.03216651,-0.19989623
8.97315337,0.03173925,-0.20496231
8.98115337,0.03039644,-0.20520645
8.98915337,0.02581866,-0.20770897
8.99715337,0.02130192,-0.20935698
9.00515337,0.02862636,-0.21594897
9.01315337,0.02496414,-0.21729179
9.02115337,0.02972503,-0.22009949
9.02915337,0.01989807,-0.22186956
9.03715337,0.02807703,-0.21832941
9.04515337,0.03375347,-0.22095400
9.05315337,0.02887051,-0.22498246
9.06115337,0.02081362,-0.22791223
9.06915337,0.02459792,-0.22943816
9.07715337,0.02819910,-0.22888882
9.08515337,0.02618488,-0.23749503
9.09315337,0.02697836,-0.23444319
9.10115337,0.02722251,-0.23877682
9.10915337,0.02685629,-0.23584704
9.11715337,0.02734458,-0.24250008
9.12515337,0.02630696,-0.23560289
9.13315337,0.03350932,-0.23975341
9.14115337,0.02471999,-0.23914304
9.14915337,0.02630696,-0.23645741
9.15715337,0.02960295,-0.24048585
9.16515337,0.02417066,-0.23712882
9.17315337,0.02722251,-0.23987548
9.18115337,0.02948088,-0.23859371
9.18915336,0.02935881,-0.23700674
9.19715336,0.02746666,-0.23847163
9.20515336,0.02887051,-0.23407696
9.21315336,0.02722251,-0.22956023
9.22115336,0.02874844,-0.22827846
9.22915336,0.02722251,-0.22931609
9.23715336,0.02459792,-0.22540972
9.24515336,0.03173925,-0.22119816
9.25315336,0.02697836,-0.22449416
9.26115336,0.03277688,-0.21820734
9.26915336,0.03027436,-0.21655935
9.27715336,0.02661214,-0.20862453
9.28515336,0.02746666,-0.21015045
9.29315336,0.02960295,-0.20899075
9.30115336,0.02697836,-0.20496231
9.30915336,0.02722251,-0.20368053
9.31715336,0.03112888,-0.19678335
9.32515336,0.02807703,-0.19775994
9.33315336,0.02618488,-0.19525743
9.34115336,0.03442488,-0.19135106
9.34915336,0.02392651,-0.19067964
9.35715336,0.02960295,-0.18732262
9.36515336,0.02429273,-0.19080172
9.37315336,0.02697836,-0.18500321
9.38115336,0.02838221,-0.18121891
9.38915336,0.02240059,-0.17432173
9.39715336,0.02441481,-0.17267373
9.40515336,0.02807703,-0.17517625
9.41315336,0.02771081,-0.17481002
9.42115336,0.02618488,-0.17242958
9.42915336,0.02319407,-0.16797388
9.43715336,0.03186132,-0.16925566
9.44515336,0.02581866,-0.16406751
9.45315336,0.02154607,-0.16217536
9.46115336,0.02215644,-0.15967284
9.46915336,0.02484207,-0.16449477
9.47715336,0.02215644,-0.15906247
9.48515336,0.02343822,-0.15057832
9.49315336,0.02673421,-0.15210426
9.50115336,0.02392651,-0.14935759
9.50915336,0.02948088,-0.14893033
9.51715336,0.02343822,-0.14368114
9.52515336,0.02685629,-0.13873714
9.53315336,0.02984710,-0.13470870
9.54115335,0.02282785,-0.13116856
9.54915335,0.02307199,-0.13055818
9.55715335,0.02331614,-0.12427137
9.56515335,0.02935881,-0.12195197
9.57315335,0.02581866,-0.11780144
9.58115335,0.02368236,-0.10950041
9.58915335,0.02105777,-0.11151464
9.59715335,0.02874844,-0.10559404
9.60515335,0.01989807,-0.09826960
9.61315335,0.02356029,-0.10077212
9.62115335,0.02685629,-0.08929716
9.62915335,0.02307199,-0.08966338
9.63715335,0.02606281,-0.08526871
9.64515335,0.02618488,-0.07922605
9.65315335,0.02093570,-0.08026368
9.66115335,0.02343822,-0.06927702
9.66915335,0.02594073,-0.06524857
9.67715335,0.02319407,-0.06482132
9.68515335,0.02417066,-0.05450606
9.69315335,0.02899258,-0.05426191
9.70115335,0.02630696,-0.04730369
9.70915335,0.02606281,-0.04455702
9.71715335,0.02722251,-0.03863643
9.72515335,0.02899258,-0.03607288
9.73315335,0.02331614,-0.03180028
9.74115335,0.02630696,-0.02752770
9.74915335,0.02673421,-0.02679525
9.75715335,0.02520829,-0.02148503
9.76515335,0.02685629,-0.01062044
9.77315335,0.02014222,-0.00988800
9.78115335,0.02594073,-0.00610370
9.78915335,0.02166814,-0.00292978
9.79715335,0.02911466,-0.00244148
9.80515335,0.02508621,0.00415052
9.81315335,0.02508621,0.01068148
9.82115335,0.02569658,0.01361126
9.82915335,0.02282785,0.02063051
9.83715335,0.02771081,0.02050844
9.84515335,0.02496414,0.02533036
9.85315335,0.02545244,0.03222755
9.86115335,0.03027436,0.03253273
9.86915335,0.02496414,0.02984710
9.87715335,0.02392651,0.04071169
9.88515335,0.02557451,0.04156621
9.89315335,0.02581866,0.04852443
9.90115334,0.02081362,0.05291910
9.90915334,0.02697836,0.05169836
9.91715334,0.02441481,0.06164739
9.92515334,0.02252266,0.06781213
9.93315334,0.02050844,0.06793420
9.94115334,0.02319407,0.06994842
9.94915334,0.02356029,0.07562487
9.95715334,0.02795495,0.07678457
9.96515334,0.02252266,0.08484146
9.97315334,0.02887051,0.08545183
9.98115334,0.02319407,0.09192175
9.98915334,0.02673421,0.09277627
9.99715334,0.02838221,0.09759820
10.00515334,0.02795495,0.09906308
10.01315334,0.02331614,0.10675374
10.02115334,0.02179022,0.10675374
10.02915334,0.02154607,0.10730308
10.03715334,0.02594073,0.10895108
10.04515334,0.02581866,0.11511582
10.05315334,0.02063051,0.11951049
10.06115334,0.02984710,0.12720114
10.06915334,0.02722251,0.12579730
10.07715334,0.03064058,0.12958159
10.08515334,0.02685629,0.13739432
10.09315334,0.02014222,0.13214515
10.10115334,0.02307199,0.14093448
10.10915334,0.02404859,0.14764854
10.11715334,0.02673421,0.14954069
10.12515334,0.02685629,0.14648885
10.13315334,0.02581866,0.14471877
10.14115334,0.02331614,0.15265359
10.14915334,0.02429273,0.14941862
10.15715334,0.02545244,0.15710929
10.16515334,0.02697836,0.15948974
10.17315334,0.02496414,0.16541032
10.18115334,0.02685629,0.16657002
10.18915334,0.02063051,0.16443373
10.19715334,0.02618488,0.16718039
10.20515334,0.02270577,0.16980499
10.21315334,0.02227851,0.16980499
10.22115334,0.02179022,0.17310098
10.22915334,0.02343822,0.17261270
10.23715334,0.02240059,0.17914365
10.24515334,0.02441481,0.17462692
10.25315333,0.02270577,0.18005921
10.26115333,0.02569658,0.17548142
10.26915333,0.02093570,0.17816706
10.27715333,0.01989807,0.17981505
10.28515333,0.02606281,0.18042544
10.29315333,0.02050844,0.18243966
10.30115333,0.01904355,0.18268380
10.30915333,0.02783288,0.18597980
10.31715333,0.02191229,0.19025239
10.32515333,0.01989807,0.19251075
10.33315333,0.02050844,0.18762779
10.34115333,0.02179022,0.19617298
10.34915333,0.02508621,0.19086276
10.35715333,0.01635792,0.18988617
10.36515333,0.02661214,0.18457595
10.37315333,0.01953185,0.19049653
10.38115333,0.02203436,0.19367047
10.38915333,0.02618488,0.18726158
10.39715333,0.02294992,0.18811609
10.40515333,0.02191229,0.19049653
10.41315333,0.02063051,0.18860438
10.42115333,0.03289896,0.18683432
10.42915333,0.02282785,0.19013031
10.43715333,0.01763970,0.19037446
10.44515333,0.01483200,0.18860438
10.45315333,0.02581866,0.18695639
10.46115333,0.02392651,0.18469802
10.46915333,0.02392651,0.18115787
10.47715333,0.01635792,0.18103580
10.48515333,0.01611377,0.17780083
10.49315333,0.02380444,0.18042544
10.50115333,0.02166814,0.17523728
10.50915333,0.01928770,0.17438276
10.51715333,0.02081362,0.17249061
10.52515333,0.01940977,0.16718039
10.53315333,0.02203436,0.16187018
10.54115333,0.02240059,0.16290781
10.54915333,0.01861629,0.16504410
10.55715333,0.02166814,0.16040528
10.56515333,0.02215644,0.15833002
10.57315333,0.01965392,0.15039521
10.58115333,0.01812799,0.14838099
10.58915333,0.02002014,0.14362010
10.59715333,0.02471999,0.14563432
10.60515332,0.02050844,0.13892025
10.61315332,0.01916562,0.13757744
10.62115332,0.02038636,0.13879818
10.62915332,0.02081362,0.13226722
10.63715332,0.01873836,0.12646870
10.64515332,0.02252266,0.12707907
10.65315332,0.01892148,0.11774041
10.66115332,0.01825007,0.11963256
10.66915332,0.02294992,0.11865596
10.67715332,0.02081362,0.11194189
10.68515332,0.01861629,0.11029390
10.69315332,0.02142399,0.10650960
10.70115332,0.01837214,0.09906308
10.70915332,0.01293985,0.09894101
10.71715332,0.02142399,0.09527878
10.72515332,0.01660207,0.09039582
10.73315332,0.02331614,0.08600116
10.74115332,0.01611377,0.08447523
10.74915332,0.01849422,0.07904294
10.75715332,0.01184118,0.07373272
10.76515332,0.01763970,0.06732383
10.77315332,0.02050844,0.07055879
10.78115332,0.01281777,0.06341746
10.78915332,0.01635792,0.06451613
10.79715332,0.01837214,0.06164739
10.80515332,0.01892148,0.05670339
10.81315332,0.02459792,0.05139317
10.82115332,0.01648000,0.04815821
10.82915332,0.01800592,0.03729362
10.83715332,0.01892148,0.04791406
10.84515332,0.01684622,0.03717154
10.85315332,0.02002014,0.03137303
10.86115332,0.01348918,0.03338725
10.86915332,0.01849422,0.02227851
10.87715332,0.01470992,0.01861629
10.88515332,0.02050844,0.01727348
10.89315332,0.01727348,0.01586962
10.90115332,0.01550340,0.01336711
10.90915332,0.01763970,0.01043733
10.91715332,0.01385540,0.01007111
10.92515332,0.01550340,0.00488296
10.93315332,0.01293985,0.00549333
10.94115332,0.01483200,-0.00115970
10.94915332,0.01977599,-0.00317392
10.95715331,0.01635792,-0.00598163
10.96515331,0.01434370,-0.00872829
10.97315331,0.01702933,-0.01153600
10.98115331,0.01800592,-0.01501511
10.98915331,0.01470992,-0.01324503
10.99715331,0.01989807,-0.01690725
11.00515331,0.01739555,-0.02636799
11.01315331,0.01812799,-0.02539140
11.02115331,0.01409955,-0.02539140
11.02915331,0.01660207,-0.02777184
11.03715331,0.01611377,-0.03521836
11.04515331,0.01727348,-0.03924681
11.05315331,0.01483200,-0.04278695
11.06115331,0.02038636,-0.04242073
11.06915331,0.01373333,-0.04657125
11.07715331,0.02154607,-0.04608295
11.08515331,0.01763970,-0.05047762
11.09315331,0.01043733,-0.05450606
11.10115331,0.01269570,-0.05389569
11.10915331,0.01019318,-0.06347850
11.11715331,0.01800592,-0.06445509
11.12515331,0.01751762,-0.06091494
11.13315331,0.01837214,-0.07556383
11.14115331,0.01715140,-0.07367168
11.14915331,0.01623585,-0.08062990
11.15715331,0.01513718,-0.08111820
11.16515331,0.01727348,-0.08386487
11.17315331,0.01458785,-0.08618427
11.18115331,0.01281777,-0.09283730
11.18915331,0.02038636,-0.09485152
11.19715331,0.01470992,-0.09436323
11.20515331,0.01940977,-0.09344768
11.21315331,0.01446577,-0.10229804
11.22115331,0.01306192,-0.10492264
11.22915331,0.01483200,-0.10290842
11.23715331,0.01373333,-0.10345775
11.24515331,0.01257363,-0.10773034
11.25315331,0.01220740,-0.11151464
11.26115331,0.01538133,-0.11792352
11.26915331,0.01434370,-0.11804560
11.27715331,0.01306192,-0.11755730
11.28515331,0.01080355,-0.11743522
11.29315331,0.00903348,-0.11871700
11.30115331,0.01019318,-0.12714010
11.30915330,0.01031526,-0.12927641
11.31715330,0.01751762,-0.13672292
11.32515330,0.01336711,-0.13183996
11.33315330,0.00946074,-0.13409834
11.34115330,0.01702933,-0.14215522
11.34915330,0.01586962,-0.14178899
11.35715330,0.01135289,-0.14465773
11.36515330,0.01525925,-0.14709921
11.37315330,0.01184118,-0.14935759
11.38115330,0.01293985,-0.14880826
11.38915330,0.01458785,-0.14416943
11.39715330,0.01269570,-0.15271463
11.40515330,0.01483200,-0.15930662
11.41315330,0.00927763,-0.15338603
11.42115330,0.01446577,-0.16016114
11.42915330,0.01892148,-0.16028321
11.43715330,0.01220740,-0.15765862
11.44515330,0.01574755,-0.15857418
11.45315330,0.01684622,-0.16217536
11.46115330,0.01483200,-0.16321298
11.46915330,0.00769066,-0.16486099
11.47715330,0.01513718,-0.16687521
11.48515330,0.01208533,-0.16864528
11.49315330,0.01245155,-0.16699728
11.50115330,0.01776177,-0.16687521
11.50915330,0.01483200,-0.16797388
11.51715330,0.01684622,-0.17017120
11.52515330,0.01019318,-0.16901150
11.53315330,0.01422163,-0.16736351
11.54115330,0.00915555,-0.16321298
11.54915330,0.01385540,-0.17139195
11.55715330,0.01373333,-0.17419966
11.56515330,0.01116977,-0.17267373
11.57315330,0.01397748,-0.17505416
11.58115330,0.01892148,-0.16949980
11.58915330,0.01306192,-0.16949980
11.59715330,0.01159703,-0.17230751
11.60515330,0.01245155,-0.17481002
11.61315330,0.01495407,-0.16608173
11.62115330,0.01385540,-0.17419966
11.62915330,0.01116977,-0.17419966
11.63715330,0.01257363,-0.17554247
11.64515330,0.00830103,-0.17743461
11.65315330,0.01257363,-0.17230751
11.66115330,0.01092563,-0.17542039
11.66915329,0.00781274,-0.17395550
11.67715329,0.01525925,-0.17786187
11.68515329,0.00982696,-0.17365032
11.69315329,0.01196326,-0.17175817
11.70115329,0.01257363,-0.17871639
11.70915329,0.00927763,-0.17658010
11.71715329,0.01068148,-0.18176824
11.72515329,0.00903348,-0.17596972
11.73315329,0.01281777,-0.17871639
11.74115329,0.01055940,-0.17468795
11.74915329,0.01446577,-0.17365032
11.75715329,0.00927763,-0.17279580
11.76515329,0.01245155,-0.17517625
11.77315329,0.01043733,-0.17316203
11.78115329,0.00769066,-0.17139195
11.78915329,0.01458785,-0.17065951
11.79715329,0.01220740,-0.16852321
11.80515329,0.01324503,-0.16785181
11.81315329,0.01648000,-0.17029329
11.82115329,0.01232948,-0.17053743
11.82915329,0.00701926,-0.16028321
11.83715329,0.01080355,-0.16772974
11.84515329,0.01220740,-0.15894040
11.85315329,0.00817896,-0.15967284
11.86115329,0.00549333,-0.16107669
11.86915329,0.00738548,-0.16058840
11.87715329,0.01019318,-0.16168706
11.88515329,0.00946074,-0.15753655
11.89315329,0.01458785,-0.15649891
11.90115329,0.00549333,-0.15411848
11.90915329,0.00201422,-0.15424055
11.91715329,0.01031526,-0.15045625
11.92515329,0.01147496,-0.15057832
11.93315329,0.01434370,-0.15112767
11.94115329,0.01184118,-0.14490189
11.94915329,-0.00195318,-0.14502396
11.95715329,0.01092563,-0.14795373
11.96515329,0.01208533,-0.14557329
11.97315329,0.00738548,-0.14026307
11.98115329,0.01397748,-0.13953063
11.98915329,0.00854518,-0.13574633
11.99715329,0.01184118,-0.13483077
12.00515329,0.00592059,-0.12817773
12.01315329,0.00854518,-0.12298959
12.02115328,0.01257363,-0.12408826
12.02915328,0.01324503,-0.12262337
12.03715328,0.00854518,-0.11755730
12.04515328,0.00805689,-0.11694693
12.05315328,0.00512711,-0.11114841
12.06115328,0.00878933,-0.11139256
12.06915328,0.01068148,-0.10394605
12.07715328,0.00524918,-0.10132145
12.08515328,0.01245155,-0.09765923
12.09315328,0.01293985,-0.09521775
12.10115328,0.01007111,-0.09332560
12.10915328,0.01220740,-0.08252205
12.11715328,0.01245155,-0.07947020
12.12515328,0.01043733,-0.07818842
12.13315328,0.01373333,-0.07593005
12.14115328,0.00769066,-0.06939909
12.14915328,0.00738548,-0.06512650
12.15715328,0.00793481,-0.06067080
12.16515328,0.00781274,-0.05627613
12.17315328,0.00958281,-0.04931791
12.18115328,0.01623585,-0.04718161
12.18915328,0.01184118,-0.04217658
12.19715328,0.00677511,-0.03839228
12.20515328,0.00689718,-0.03118992
12.21315328,0.00817896,-0.02325510
12.22115328,0.00854518,-0.02258370
12.22915328,0.01055940,-0.01806696
12.23715328,0.01043733,-0.01513718
12.24515328,0.01092563,-0.00683615
12.25315328,0.01348918,-0.00482192
12.26115328,0.00537126,0.00073244
12.26915328,0.00982696,0.00701926
12.27715328,0.00360118,0.01147496
12.28515328,0.01269570,0.00939970
12.29315328,0.00903348,0.01599170
12.30115328,0.01171911,0.02392651
12.30915328,0.01147496,0.02899258
12.31715328,0.01373333,0.03704947
12.32515328,0.01043733,0.03692739
12.33315328,0.01147496,0.03955199
12.34115328,0.01281777,0.04748680
12.34915328,0.00488296,0.04223762
12.35715328,0.01348918,0.05291910
12.36515328,0.00842311,0.05432295
12.37315327,0.00769066,0.05694754
12.38115327,0.01019318,0.06506546
12.38915327,0.00793481,0.06720176
12.39715327,0.00854518,0.06946012
12.40515327,0.00903348,0.06884976
12.41315327,0.01293985,0.07525864
12.42115327,0.00616474,0.07654043
12.42915327,0.00628681,0.08270516
12.43715327,0.00653096,0.08801538
12.44515327,0.00982696,0.09112827
12.45315327,0.01220740,0.09063997
12.46115327,0.01562548,0.09808649
12.46915327,0.00994903,0.10126042
12.47715327,0.00653096,0.09973449
12.48515327,0.00994903,0.09820856
12.49315327,0.00439467,0.10272530
12.50115327,0.00714133,0.10589923
12.50915327,0.01257363,0.10638753
12.51715327,0.01043733,0.11066011
12.52515327,0.01159703,0.11346782
12.53315327,0.01361126,0.12042604
12.54115327,0.01007111,0.11877804
12.54915327,0.01208533,0.11597034
12.55715327,0.01184118,0.11914426
12.56515327,0.00994903,0.12329478
12.57315327,0.01373333,0.12256233
12.58115327,0.00805689,0.12683493
12.58915327,0.01220740,0.13147373
12.59715327,0.00830103,0.13086337
12.60515327,0.01135289,0.12720114
12.61315327,0.00714133,0.13379315
12.62115327,0.00463881,0.12695700
12.62915327,0.00274667,0.13580737
12.63715327,0.00463881,0.13037507
12.64515327,0.00769066,0.13440351
12.65315327,0.01068148,0.12671286
12.66115327,0.01324503,0.13843197
12.66915327,0.00903348,0.13202307
12.67715327,0.00854518,0.12884915
12.68515327,0.00793481,0.13226722
12.69315327,0.00427259,0.13202307
12.70115327,0.00781274,0.13818781
12.70915327,0.00769066,0.13629566
12.71715327,0.00756859,0.13818781
12.72515326,0.00628681,0.13324381
12.73315326,0.00854518,0.13476974
12.74115326,0.01080355,0.13299966
12.74915326,0.01446577,0.13879818
12.75715326,0.00701926,0.13769951
12.76515326,0.00592059,0.13336588
12.77315326,0.00781274,0.13135166
12.78115326,0.00805689,0.13476974
12.78915326,0.00793481,0.12909329
12.79715326,0.00854518,0.12848292
12.80515326,0.00817896,0.13098544
12.81315326,0.01483200,0.12958159
12.82115326,0.00842311,0.13061923
12.82915326,0.00640889,0.13049714
12.83715326,0.00915555,0.12341686
12.84515326,0.00793481,0.12988678
12.85315326,0.00689718,0.11926633
12.86115326,0.00756859,0.12366100
12.86915326,0.00866726,0.11798456
12.87715326,0.00817896,0.12201300
12.88515326,0.00640889,0.11786249
12.89315326,0.00640889,0.12152471
12.90115326,0.00854518,0.11737419
12.90915326,0.00640889,0.11273538
12.91715326,0.00390637,0.11786249
12.92515326,0.00463881,0.11297952
12.93315326,0.00592059,0.10663167
12.94115326,0.00878933,0.10754722
12.94915326,0.00512711,0.10437331
12.95715326,0.00830103,0.10187078
12.96515326,0.00299081,0.10528886
12.97315326,0.00958281,0.10126042
12.98115326,0.00958281,0.09454634
12.98915326,0.01055940,0.09418012
12.99715326,0.00653096,0.09668264
13.00515326,0.00946074,0.08850367
13.01315326,0.00714133,0.08673360
13.02115326,0.00726341,0.08233894
13.02915326,0.00878933,0.08392590
13.03715326,0.00866726,0.08069094
13.04515326,0.00842311,0.07477035
13.05315326,0.00866726,0.07690664
13.06115326,0.00726341,0.07336649
13.06915326,0.00738548,0.07312235
13.07715325,0.00592059,0.07135227
13.08515325,0.00903348,0.06897183
13.09315325,0.01068148,0.06665242
13.10115325,0.01586962,0.05883969
13.10915325,0.00994903,0.06060976
13.11715325,0.00756859,0.05529954
13.12515325,0.00781274,0.05194250
13.13315325,0.00689718,0.05572680
13.14115325,0.01446577,0.04925688
13.14915325,0.00927763,0.04925688
13.15715325,0.00781274,0.04235969
13.16515325,0.00488296,0.05194250
13.17315325,0.01068148,0.04937895
13.18115325,0.00579852,0.04345836
13.18915325,0.00549333,0.04107791
13.19715325,0.01043733,0.04156621
13.20515325,0.00665304,0.03845332
13.21315325,0.00335704,0.03338725
13.22115325,0.00512711,0.03717154
13.22915325,0.01196326,0.03161718
13.23715325,0.00891140,0.02722251
13.24515325,0.00616474,0.03210547
13.25315325,0.00628681,0.03137303
13.26115325,0.00640889,0.02520829
13.26915325,0.00439467,0.02685629
13.27715325,0.00915555,0.02404859
13.28515325,0.00891140,0.01953185
13.29315325,0.00476089,0.02117985
13.30115325,0.00903348,0.02307199
13.30915325,0.00854518,0.01861629
13.31715325,0.00817896,0.01776177
13.32515325,0.00463881,0.01660207
13.33315325,0.01483200,0.01965392
13.34115325,0.00701926,0.00970489
13.34915325,0.00756859,0.00830103
13.35715325,0.00567644,0.00579852
13.36515325,0.00524918,0.00817896
13.37315325,0.00463881,0.00701926
13.38115325,0.00714133,0.00463881
13.38915325,0.00665304,0.00561541
13.39715325,0.00476089,0.00158696
13.40515325,0.01409955,0.00390637
13.41315325,0.00714133,0.00238044
13.42115325,0.00781274,0.00451674
13.42915324,0.00793481,0.00024415
13.43715324,0.00866726,-0.00103763
13.44515324,0.00927763,-0.00231941
13.45315324,0.00567644,-0.00744652
13.46115324,0.01092563,-0.00445570
13.46915324,0.00756859,-0.00457778
13.47715324,0.00500504,-0.00598163
13.48515324,0.00500504,-0.00946074
13.49315324,0.01007111,-0.01098666
13.50115324,0.00463881,-0.00732444
13.50915324,0.00805689,-0.01525925
13.51715324,0.00476089,-0.00622578
13.52515324,0.00891140,-0.01605274
13.53315324,0.00866726,-0.01135289
13.54115324,0.00347911,-0.01983703
13.54915324,0.00238044,-0.01489303
13.55715324,0.00262459,-0.02020325
13.56515324,0.00970489,-0.01513718
13.57315324,0.01104770,-0.02111881
13.58115324,0.00891140,-0.01934873
13.58915324,0.00567644,-0.02313303
13.59715324,0.00677511,-0.02728355
13.60515324,0.00213630,-0.02502518
13.61315324,0.00714133,-0.02789392
13.62115324,0.00262459,-0.03015229
13.62915324,0.00347911,-0.02929777
13.63715324,0.00726341,-0.03344829
13.64515324,0.00714133,-0.03308206
13.65315324,0.00549333,-0.03674429
13.66115324,0.00451674,-0.03686636
13.66915324,0.01055940,-0.04492325
13.67715324,0.00476089,-0.03521836
13.68515324,0.00537126,-0.04077273
13.69315324,0.00677511,-0.04596087
13.70115324,0.00439467,-0.04455702
13.70915324,0.00891140,-0.04364147
13.71715324,0.00323496,-0.04596087
13.72515324,0.00323496,-0.04376354
13.73315324,0.00122074,-0.04596087
13.74115324,-0.00042726,-0.05011139
13.74915324,0.00213630,-0.05249184
13.75715324,0.00463881,-0.05413984
13.76515324,0.00360118,-0.05578784
13.77315324,0.00390637,-0.05676443
13.78115324,0.00311289,-0.05664235
13.78915323,0.00427259,-0.05450606
13.79715323,0.00653096,-0.06091494
13.80515323,0.00390637,-0.06457716
13.81315323,0.00402844,-0.06537065
13.82115323,0.00878933,-0.05969420
13.82915323,0.00427259,-0.07092501
13.83715323,0.00537126,-0.07037568
13.84515323,0.00402844,-0.07104709
13.85315323,0.00122074,-0.07092501
13.86115323,0.00653096,-0.07281716
13.86915323,0.00689718,-0.07415998
13.87715323,0.00769066,-0.07898191
13.88515323,0.00677511,-0.07806635
13.89315323,0.00524918,-0.08172857
13.90115323,0.00427259,-0.08148442
13.90915323,0.00347911,-0.08087405
13.91715323,0.00738548,-0.08325449
13.92515323,0.00830103,-0.08526871
13.93315323,0.00299081,-0.08209479
13.94115323,0.00213630,-0.08374279
13.94915323,0.00335704,-0.08764916
13.95715323,0.00842311,-0.09210486
13.96515323,0.00024415,-0.08868679
13.97315323,0.00286874,-0.08893093
13.98115323,0.00866726,-0.09295938
13.98915323,0.00524918,-0.09070101
13.99715323,0.00146489,-0.09057894
14.00515323,0.00524918,-0.09198279
14.01315323,0.00512711,-0.09826960
14.02115323,0.00549333,-0.09497360
14.02915323,0.00714133,-0.09186071
14.03715323,0.00402844,-0.09735405
14.04515323,0.00665304,-0.09485152
14.05315323,0.00500504,-0.09991760
14.06115323,0.00537126,-0.10101627
14.06915323,0.00335704,-0.10052797
14.07715323,0.00567644,-0.10180975
14.08515323,0.00714133,-0.09698782
14.09315323,0.00878933,-0.09564501
14.10115323,0.00604266,-0.10113834
14.10915323,0.00415052,-0.10132145
14.11715323,0.00451674,-0.09674367
14.12515323,0.00036622,-0.10077212
14.13315323,0.00970489,-0.10089419
14.14115322,0.00347911,-0.10266426
14.14915322,0.00567644,-0.09448531
14.15715322,0.00463881,-0.10406812
14.16515322,-0.00079348,-0.09576708
14.17315322,0.00402844,-0.10229804
14.18115322,0.00512711,-0.10773034
14.18915322,0.00274667,-0.10394605
14.19715322,0.00012207,-0.10669271
14.20515322,0.00415052,-0.10254219
14.21315322,-0.00018311,-0.10040589
14.22115322,0.00524918,-0.09875789
14.22915322,0.00189215,-0.10242012
14.23715322,0.00463881,-0.09912412
14.24515322,0.00238044,-0.10156560
14.25315322,0.00146489,-0.10052797
14.26115322,0.00122074,-0.09826960
14.26915322,0.01043733,-0.09887997
14.27715322,0.00640889,-0.10065004
14.28515322,0.00189215,-0.09979553
14.29315322,0.00537126,-0.09863582
14.30115322,0.00134281,-0.09613331
14.30915322,0.00726341,-0.09308145
14.31715322,0.00537126,-0.09375286
14.32515322,0.00927763,-0.09155553
14.33315322,0.00299081,-0.08667257
14.34115322,0.00628681,-0.08777124
14.34915322,0.00628681,-0.08429212
14.35715322,0.00347911,-0.08954131
14.36515322,0.00817896,-0.08716086
14.37315322,0.00927763,-0.08362071
14.38115322,0.00628681,-0.08276620
14.38915322,0.00488296,-0.07934812
14.39715322,0.01397748,-0.08417005
14.40515322,0.00439467,-0.08026368
14.41315322,0.00549333,-0.07190160
14.42115322,0.00238044,-0.08038575
14.42915322,0.00982696,-0.07177953
14.43715322,0.00360118,-0.07214576
14.44515322,0.00689718,-0.06939909
14.45315322,0.00500504,-0.06939909
14.46115322,0.00012207,-0.06585895
14.46915322,0.00427259,-0.06634724
14.47715322,0.00201422,-0.06347850
14.48515322,0.00012207,-0.06219672
14.49315321,0.00415052,-0.05249184
14.50115321,0.00238044,-0.05450606
14.50915321,0.00311289,-0.05615406
14.51715321,-0.00042726,-0.05072176
14.52515321,0.00592059,-0.04620502
14.53315321,0.01055940,-0.04620502
14.54115321,0.00463881,-0.04620502
14.54915321,0.00439467,-0.04596087
14.55715321,0.00097659,-0.03839228
14.56515321,-0.00042726,-0.03674429
14.57315321,0.00238044,-0.03003021
14.58115321,-0.00128178,-0.03155614
14.58915321,0.00000000,-0.02410962
14.59715321,0.00512711,-0.02301096
14.60515321,0.01116977,-0.02032533
14.61315321,0.00109867,-0.02233955
14.62115321,0.00756859,-0.01794488
14.62915321,0.00616474,-0.01641896
14.63715321,0.00488296,-0.01110874
14.64515321,0.00701926,-0.00708029
14.65315321,0.00439467,-0.00091556
14.66115321,0.00488296,0.00073244
14.66915321,0.01068148,-0.00018311
14.67715321,-0.00067141,0.00524918
14.68515321,0.01019318,0.00122074
14.69315321,0.00567644,0.00982696
14.70115321,0.00238044,0.01208533
14.70915321,0.00689718,0.01409955
14.71715321,0.00451674,0.02050844
14.72515321,0.00238044,0.02484207
14.73315321,0.00415052,0.02795495
14.74115321,0.00604266,0.03253273
14.74915321,0.00982696,0.03234962
14.75715321,0.00299081,0.02807703
14.76515321,0.00537126,0.03503525
14.77315321,-0.00091556,0.04083376
14.78115321,-0.00030519,0.03869747
14.78915321,0.00854518,0.04211554
14.79715321,0.00512711,0.04461806
14.80515321,0.00701926,0.04333628
14.81315321,0.00347911,0.04791406
14.82115321,0.00781274,0.05194250
14.82915321,0.00842311,0.05139317
14.83715321,0.00323496,0.05029450
14.84515320,0.00250252,0.05230872
14.85315320,0.00463881,0.05871761
14.86115320,0.00073244,0.06115909
14.86915320,0.00335704,0.05346843
14.87715320,0.00726341,0.06286813
14.88515320,0.00665304,0.05975524
14.89315320,0.00524918,0.05859554
14.90115320,0.00854518,0.06640828
14.90915320,0.00225837,0.06274606
14.91715320,0.00189215,0.06543168
14.92515320,-0.00152593,0.06842250
14.93315320,0.00781274,0.06225776
14.94115320,0.00390637,0.07171850
14.94915320,0.00549333,0.06946012
14.95715320,-0.00042726,0.06402783
14.96515320,0.00061037,0.06579791
14.97315320,0.00604266,0.07171850
14.98115320,0.00427259,0.07464828
14.98915320,0.00537126,0.07397687
14.99715320,0.00488296,0.07220680
15.00515320,0.00701926,0.07135227
15.01315320,0.00579852,0.07123020
15.02115320,0.00616474,0.06817835
15.02915320,0.00158696,0.07055879
15.03715320,0.01171911,0.07287820
15.04515320,0.00451674,0.07263406
15.05315320,0.00402844,0.07409894
15.06115320,0.00500504,0.07312235
15.06915320,0.00347911,0.07055879
15.07715320,0.01092563,0.06817835
15.08515320,0.00012207,0.07171850
15.09315320,0.00451674,0.07007050
15.10115320,0.00262459,0.07171850
15.10915320,0.00170904,0.07312235
15.11715320,0.00714133,0.06921598
15.12515320,0.00189215,0.06884976
15.13315320,0.00653096,0.06982635
15.14115320,0.00274667,0.06884976
15.14915320,0.00628681,0.06707969
15.15715320,0.00500504,0.06781213
15.16515320,0.00250252,0.07171850
15.17315320,0.00512711,0.06695761
15.18115320,0.00665304,0.06378368
15.18915320,0.00500504,0.06817835
15.19715319,0.00524918,0.06439406
15.20515319,0.00299081,0.06366161
15.21315319,-0.00091556,0.06604205
15.22115319,0.00073244,0.06390576
15.22915319,0.00335704,0.06720176
15.23715319,0.00592059,0.06414991
15.24515319,0.00073244,0.06286813
15.25315319,0.00994903,0.05963317
15.26115319,0.00286874,0.05987731
15.26915319,0.00146489,0.06189154
15.27715319,0.00769066,0.05749687
15.28515319,0.00390637,0.05798517
15.29315319,0.00378430,0.05468917
15.30115319,0.00439467,0.05316325
15.30915319,0.00146489,0.05279702
15.31715319,0.00500504,0.05658132
15.32515319,0.00549333,0.05279702
15.33315319,-0.00256355,0.04901273
15.34115319,0.00378430,0.05053865
15.34915319,0.00347911,0.04901273
15.35715319,0.00567644,0.04400769
15.36515319,0.00311289,0.04058962
15.37315319,0.00347911,0.05090487
15.38115319,0.00225837,0.04248177
15.38915319,0.00616474,0.04651021
15.39715319,0.00488296,0.04144414
15.40515319,0.00616474,0.03576769
15.41315319,0.00170904,0.03326517
15.42115319,0.00537126,0.03527940
15.42915319,0.00915555,0.03668325
15.43715319,0.00286874,0.02923673
15.44515319,-0.00091556,0.03454695
15.45315319,0.00677511,0.02874844
15.46115319,0.00390637,0.03314310
15.46915319,0.00311289,0.02819910
15.47715319,0.00036622,0.02331614
15.48515319,0.00476089,0.01849422
15.49315319,0.00036622,0.02392651
15.50115319,0.00579852,0.02038636
15.50915319,-0.00091556,0.02227851
15.51715319,0.00347911,0.01965392
15.52515319,0.00512711,0.01837214
15.53315319,0.00048830,0.01886044
15.54115319,0.00048830,0.01434370
15.54915319,0.00854518,0.01092563
15.55715318,0.00402844,0.01129185
15.56515318,0.00463881,0.00628681
15.57315318,0.00451674,0.01495407
15.58115318,0.00628681,0.00579852
15.58915318,0.00604266,0.00488296
15.59715318,0.00524918,0.00061037
15.60515318,-0.00018311,-0.00128178
15.61315318,-0.00305185,0.00250252
15.62115318,-0.00195318,0.00036622
15.62915318,0.00537126,-0.00244148
15.63715318,0.00250252,-0.00567644
15.64515318,0.00463881,-0.00366222
15.65315318,-0.00018311,-0.00292978
15.66115318,0.00360118,-0.00531022
15.66915318,0.00537126,-0.00280770
15.67715318,0.00402844,-0.00708029
15.68515318,0.00323496,-0.00909452
15.69315318,0.00677511,-0.01226844
15.70115318,0.00488296,-0.01287881
15.70915318,0.00579852,-0.01367229
15.71715318,0.00451674,-0.01654103
15.72515318,0.00262459,-0.01892148
15.73315318,0.00189215,-0.01568651
15.74115318,0.00360118,-0.02301096
15.74915318,0.00311289,-0.01715140
15.75715318,0.00146489,-0.01757866
15.76515318,0.00549333,-0.02966399
15.77315318,-0.00366222,-0.03003021
15.78115318,-0.00067141,-0.03015229
15.78915318,0.00170904,-0.03204443
15.79715318,0.00488296,-0.03241066
15.80515318,-0.00207526,-0.03155614
15.81315318,0.00427259,-0.02880947
15.82115318,0.00000000,-0.03418073
15.82915318,0.00488296,-0.03332621
15.83715318,-0.00079348,-0.03118992
15.84515318,0.00439467,-0.03827021
15.85315318,0.00769066,-0.03900266
15.86115318,0.00311289,-0.04797510
15.86915318,0.00439467,-0.04315317
15.87715318,0.00793481,-0.04199347
15.88515318,0.00537126,-0.03839228
15.89315318,0.00109867,-0.03924681
15.90115318,0.00299081,-0.04766991
15.90915317,0.00109867,-0.04217658
15.91715317,-0.00018311,-0.04907376
15.92515317,0.00927763,-0.03827021
15.93315317,-0.00030519,-0.04821924
15.94115317,-0.00457778,-0.05438399
15.94915317,0.00225837,-0.05212561
15.95715317,0.00781274,-0.04974517
15.96515317,0.00213630,-0.05334635
15.97315317,0.00299081,-0.05175939
15.98115317,0.00134281,-0.05676443
15.98915317,0.00476089,-0.05993835
15.99715317,-0.00177007,-0.05792413
16.00515317,0.00476089,-0.05627613
16.01315317,0.00360118,-0.05212561
16.02115317,0.00170904,-0.05755791
16.02915317,0.00170904,-0.05969420
16.03715317,0.00189215,-0.05713065
16.04515317,0.00756859,-0.06158635
16.05315317,0.00726341,-0.06195258
16.06115317,0.00378430,-0.05725272
16.06915317,0.00085452,-0.06122013
16.07715317,0.00036622,-0.05993835
16.08515317,0.00677511,-0.06762902
16.09315317,0.00122074,-0.06714072
16.10115317,-0.00555437,-0.06787317
16.10915317,0.00378430,-0.06408887
16.11715317,0.00738548,-0.06738487
16.12515317,-0.00128178,-0.06573687
16.13315317,0.00335704,-0.06915494
16.14115317,0.00073244,-0.07025361
16.14915317,0.00073244,-0.07153539
16.15715317,0.00323496,-0.06512650
16.16515317,-0.00115970,-0.06268502
16.17315317,0.00616474,-0.06976531
16.18115317,0.00665304,-0.07379375
16.18915317,0.00451674,-0.07354961
16.19715317,0.00048830,-0.07861568
16.20515317,0.00390637,-0.07025361
16.21315317,0.00250252,-0.07629627
16.22115317,0.00439467,-0.07440413
16.22915317,0.00500504,-0.07483138
16.23715317,-0.00256355,-0.07403790
16.24515317,0.00299081,-0.07770012
16.25315317,0.00579852,-0.07684561
16.26115316,0.00000000,-0.07647938
16.26915316,0.00189215,-0.07629627
16.27715316,0.00146489,-0.07556383
16.28515316,0.00250252,-0.07971434
16.29315316,0.00085452,-0.08185064
16.30115316,0.00579852,-0.08301035
16.30915316,0.00805689,-0.08313242
16.31715316,0.00439467,-0.08313242
16.32515316,0.00512711,-0.07873775
16.33315316,0.00628681,-0.08099613
16.34115316,0.00665304,-0.08526871
16.34915316,0.00122074,-0.08185064
16.35715316,0.00830103,-0.08691671
16.36515316,0.00048830,-0.08301035
16.37315316,-0.00207526,-0.08227790
16.38115316,0.00250252,-0.08239998
16.38915316,0.00036622,-0.08716086
16.39715316,0.00061037,-0.08807642
16.40515316,0.00524918,-0.08807642
16.41315316,0.00488296,-0.08099613
16.42115316,0.00427259,-0.08679464
16.42915316,0.00097659,-0.08752708
16.43715316,0.00286874,-0.08398694
16.44515316,-0.00177007,-0.08893093
16.45315316,0.00024415,-0.08929716
16.46115316,0.00170904,-0.08453627
16.46915316,-0.00177007,-0.08197272
16.47715316,0.00146489,-0.09173864
16.48515316,0.00476089,-0.08752708
16.49315316,-0.00164800,-0.08362071
16.50115316,0.00146489,-0.08740501
16.50915316,0.00213630,-0.08844264
16.51715316,0.00640889,-0.08703879
16.52515316,0.00097659,-0.08618427
16.53315316,0.00323496,-0.08301035
16.54115316,0.00146489,-0.08606219
16.54915316,0.00213630,-0.08429212
16.55715316,0.00097659,-0.08172857
16.56515316,0.00488296,-0.08362071
16.57315316,0.00390637,-0.08478042
16.58115316,0.00311289,-0.07696768
16.58915316,0.00488296,-0.07910398
16.59715316,0.00158696,-0.07617420
16.60515316,0.00036622,-0.07708976
16.61315315,-0.00177007,-0.07483138
16.62115315,0.00311289,-0.07733390
16.62915315,0.00225837,-0.07519761
16.63715315,0.00579852,-0.08062990
16.64515315,0.00463881,-0.07342754
16.65315315,-0.00091556,-0.07379375
16.66115315,0.00378430,-0.07141331
16.66915315,0.00134281,-0.07428205
16.67715315,0.00390637,-0.07129124
16.68515315,-0.00268563,-0.07153539
16.69315315,0.00189215,-0.06646931
16.70115315,0.00653096,-0.06714072
16.70915315,-0.00366222,-0.06701864
16.71715315,0.00048830,-0.06714072
16.72515315,-0.00030519,-0.06311227
16.73315315,-0.00042726,-0.06848353
16.74115315,-0.00042726,-0.06146428
16.74915315,0.00402844,-0.06018250
16.75715315,-0.00256355,-0.05969420
16.76515315,0.00250252,-0.05932798
16.77315315,0.00390637,-0.05664235
16.78115315,0.00097659,-0.05578784
16.78915315,0.00347911,-0.05914487
16.79715315,-0.00115970,-0.05511643
16.80515315,0.00500504,-0.05133213
16.81315315,0.00274667,-0.05108798
16.82115315,0.00158696,-0.04956206
16.82915315,0.00537126,-0.04882962
16.83715315,-0.00115970,-0.04882962
16.84515315,-0.00079348,-0.04480117
16.85315315,-0.00683615,-0.04126102
16.86115315,-0.00067141,-0.03888058
16.86915315,0.00048830,-0.03827021
16.87715315,-0.00042726,-0.04016236
16.88515315,0.00213630,-0.03295999
16.89315315,0.00225837,-0.03521836
16.90115315,0.00604266,-0.03662221
16.90915315,0.00653096,-0.03118992
16.91715315,0.00323496,-0.03192236
16.92515315,0.00109867,-0.03216651
16.93315315,0.00189215,-0.02990814
16.94115315,0.00085452,-0.02661214
16.94915315,-0.00292978,-0.03051851
16.95715315,-0.00354015,-0.02661214
16.96515314,-0.00231941,-0.02258370
16.97315314,-0.00256355,-0.02282785
16.98115314,0.00024415,-0.01489303
16.98915314,0.00299081,-0.01525925
16.99715314,-0.00140385,-0.00744652
17.00515314,0.00378430,-0.01025422
17.01315314,0.00012207,-0.01263466
17.02115314,0.00677511,-0.00610370
17.02915314,0.00109867,-0.01086459
17.03715314,0.00085452,-0.00189215
17.04515314,0.00347911,-0.00598163
17.05315314,-0.00244148,-0.00305185
17.06115314,-0.00244148,0.00122074
17.06915314,0.00134281,0.00000000
17.07715314,-0.00140385,0.00592059
17.08515314,0.00427259,-0.00231941
17.09315314,0.00537126,0.00604266
17.10115314,0.00915555,0.00427259
17.10915314,0.00726341,0.00653096
17.11715314,0.00378430,0.01220740
17.12515314,0.00000000,0.01562548
17.13315314,-0.00384533,0.00781274
17.14115314,0.00170904,0.01788385
17.14915314,0.00061037,0.01147496
17.15715314,-0.00268563,0.01788385
17.16515314,0.00616474,0.01519822
17.17315314,0.00915555,0.02722251
17.18115314,0.00213630,0.02368236
17.18915314,0.00427259,0.02948088
17.19715314,0.00323496,0.02417066
17.20515314,0.00714133,0.03234962
17.21315314,-0.00067141,0.03198340
17.22115314,0.00390637,0.03265481
17.22915314,0.00170904,0.03125095
17.23715314,-0.00256355,0.03173925
17.24515314,0.00524918,0.03564562
17.25315314,0.00036622,0.03930784
17.26115314,0.00415052,0.04119999
17.26915314,0.00500504,0.04223762
17.27715314,0.00463881,0.04144414
17.28515314,0.00158696,0.04046755
17.29315314,0.00360118,0.04437391
17.30115314,-0.00128178,0.04864650
17.30915314,0.00347911,0.04651021
17.31715314,0.00299081,0.04498428
17.32515313,0.00262459,0.04913480
17.33315313,0.00982696,0.04828028
17.34115313,-0.00280770,0.04547258
17.34915313,-0.00091556,0.04925688
17.35715313,0.00451674,0.05359050
17.36515313,0.00500504,0.05517747
17.37315313,0.00225837,0.05493332
17.38115313,0.00097659,0.05169836
17.38915313,0.00323496,0.05304117
17.39715313,0.00500504,0.05609302
17.40515313,0.00427259,0.05682547
17.41315313,0.00012207,0.06036561
17.42115313,-0.00067141,0.05682547
17.42915313,0.00390637,0.05468917
17.43715313,0.00604266,0.05859554
17.44515313,0.00286874,0.06427198
17.45315313,0.00286874,0.05896176
17.46115313,-0.00573748,0.05926695
17.46915313,0.00549333,0.05847346
17.47715313,0.00238044,0.06060976
17.48515313,0.00512711,0.05548265
17.49315313,0.00830103,0.06439406
17.50115313,0.00311289,0.05798517
17.50915313,-0.00152593,0.06213569
17.51715313,0.00335704,0.06317332
17.52515313,-0.00280770,0.06494339
17.53315313,0.00817896,0.06164739
17.54115313,-0.00195318,0.05737480
17.54915313,0.00415052,0.06073184
17.55715313,0.00415052,0.05798517
17.56515313,0.00524918,0.05908383
17.57315313,-0.00305185,0.05529954
17.58115313,-0.00469985,0.05481124
17.58915313,-0.00231941,0.05633717
17.59715313,0.00036622,0.05798517
17.60515313,0.00378430,0.05597094
17.61315313,-0.00317392,0.05194250
17.62115313,0.00048830,0.05194250
17.62915313,0.00476089,0.05053865
17.63715313,0.00158696,0.05694754
17.64515313,0.00274667,0.05420087
17.65315313,-0.00268563,0.05517747
17.66115313,-0.00042726,0.05694754
17.66915313,0.00097659,0.05066073
17.67715312,0.00213630,0.05267495
17.68515312,0.00311289,0.05017243
17.69315312,0.00579852,0.05053865
17.70115312,-0.00219733,0.05090487
17.70915312,-0.00164800,0.05102695
17.71715312,-0.00018311,0.04876858
17.72515312,0.00500504,0.05371258
17.73315312,0.00476089,0.05182043
17.74115312,0.00299081,0.05304117
17.74915312,0.00170904,0.04589984
17.75715312,0.00000000,0.04522843
17.76515312,0.00238044,0.04864650
17.77315312,0.00378430,0.04638813
17.78115312,0.00616474,0.04950102
17.78915312,0.00347911,0.04968413
17.79715312,0.00927763,0.04559465
17.80515312,0.00170904,0.04284799
17.81315312,0.00335704,0.04382458
17.82115312,0.00347911,0.04412977
17.82915312,-0.00164800,0.03955199
17.83715312,-0.00164800,0.04699850
17.84515312,0.00158696,0.04321421
17.85315312,-0.00128178,0.04297006
17.86115312,0.00262459,0.03375347
17.86915312,-0.00091556,0.03588977
17.87715312,0.00451674,0.03857540
17.88515312,0.00311289,0.03717154
17.89315312,0.00653096,0.04144414
17.90115312,0.00451674,0.03564562
17.90915312,0.00549333,0.03302103
17.91715312,0.00085452,0.03277688
17.92515312,-0.00140385,0.03277688
17.93315312,0.00891140,0.03088473
17.94115312,0.00323496,0.03503525
17.94915312,0.00323496,0.03717154
17.95715312,0.00158696,0.02935881
17.96515312,0.00134281,0.03234962
17.97315312,0.00274667,0.02191229
17.98115312,-0.00103763,0.02710044
17.98915312,-0.00067141,0.02441481
17.99715312,0.00024415,0.02557451
18.00515312,0.00213630,0.02758873
18.01315312,0.00439467,0.02545244
18.02115312,0.00390637,0.02331614
18.02915311,0.00335704,0.01977599
18.03715311,0.00415052,0.01574755
18.04515311,0.00109867,0.02203436
18.05315311,0.00958281,0.02075259
18.06115311,-0.00268563,0.01538133
18.06915311,-0.00244148,0.01837214
18.07715311,0.00512711,0.01306192
18.08515311,-0.00079348,0.01434370
18.09315311,0.00579852,0.01446577
18.10115311,0.00402844,0.01635792
18.10915311,0.00640889,0.01043733
18.11715311,0.00793481,0.01104770
18.12515311,0.00122074,0.00561541
18.13315311,0.00238044,0.00842311
18.14115311,-0.00030519,0.00781274
18.14915311,0.00262459,0.01574755
18.15715311,0.00274667,0.00274667
18.16515311,0.00225837,0.00714133
18.17315311,0.00213630,0.00372326
18.18115311,0.00665304,0.00097659
18.18915311,0.00201422,-0.00219733
18.19715311,0.00122074,0.00048830
18.20515311,0.00146489,0.00000000
18.21315311,0.00024415,0.00238044
18.22115311,0.00323496,-0.00164800
18.22915311,0.00488296,0.00109867
18.23715311,0.00225837,-0.00231941
18.24515311,0.00201422,-0.00482192
18.25315311,0.00714133,0.00000000
18.26115311,-0.00280770,-0.00244148
18.26915311,-0.00152593,-0.00531022
18.27715311,0.00073244,-0.00268563
18.28515311,0.00000000,-0.00848415
18.29315311,-0.00042726,-0.00720237
18.30115311,-0.00079348,-0.00909452
18.30915311,0.00677511,-0.00744652
18.31715311,-0.00354015,-0.01391644
18.32515311,-0.00115970,-0.00921659
18.33315311,0.00451674,-0.01153600
18.34115311,0.00286874,-0.01025422
18.34915311,0.00225837,-0.01452681
18.35715311,0.00616474,-0.01074252
18.36515311,0.00286874,-0.01715140
18.37315311,0.00427259,-0.01489303
18.38115310,0.00476089,-0.01251259
18.38915310,0.00299081,-0.02032533
18.39715310,0.00170904,-0.01641896
18.40515310,0.00488296,-0.01959288
18.41315310,0.00024415,-0.01525925
18.42115310,-0.00256355,-0.01544237
18.42915310,-0.00115970,-0.02246162
18.43715310,-0.00042726,-0.01971496
18.44515310,0.00061037,-0.02301096
18.45315310,0.00311289,-0.01892148
18.46115310,0.00250252,-0.02160710
18.46915310,0.00146489,-0.02374340
18.47715310,-0.00103763,-0.02069155
18.48515310,-0.00115970,-0.02172918
18.49315310,0.00463881,-0.01995911
18.50115310,0.00189215,-0.02649007
18.50915310,0.00427259,-0.03320414
18.51715310,-0.00408948,-0.02612384
18.52515310,0.00262459,-0.02880947
18.53315310,0.00262459,-0.02838221
18.54115310,0.00170904,-0.03216651
18.54915310,0.00311289,-0.02691733
18.55715310,0.00012207,-0.02954192
18.56515310,-0.00244148,-0.03118992
18.57315310,0.00097659,-0.03027436
18.58115310,0.00189215,-0.03405866
18.58915310,0.00170904,-0.02716147
18.59715310,0.00488296,-0.03784295
18.60515310,0.00170904,-0.03204443
18.61315310,0.00463881,-0.03106784
18.62115310,0.00500504,-0.03271584
18.62915310,-0.00256355,-0.03619495
18.63715310,0.00213630,-0.03228858
18.64515310,-0.00067141,-0.02966399
18.65315310,0.00347911,-0.03637806
18.66115310,0.00335704,-0.03662221
18.66915310,0.00073244,-0.04016236
18.67715310,0.00250252,-0.03118992
18.68515310,0.00012207,-0.03509629
18.69315310,0.00012207,-0.03595080
18.70115310,0.00311289,-0.03796503
18.70915310,-0.00103763,-0.03723258
18.71715310,0.00299081,-0.03985717
18.72515310,-0.00268563,-0.03735466
18.73315309,0.00213630,-0.03582873
18.74115309,0.00427259,-0.03473006
18.74915309,0.00378430,-0.03723258
18.75715309,0.00036622,-0.04016236
18.76515309,-0.00030519,-0.03839228
18.77315309,0.00250252,-0.03650014
18.78115309,0.00500504,-0.03308206
18.78915309,-0.00054933,-0.03747673
18.79715309,-0.00054933,-0.03936888
18.80515309,0.00061037,-0.04364147
18.81315309,0.00463881,-0.04077273
18.82115309,0.00097659,-0.04199347
18.82915309,0.00390637,-0.04242073
18.83715309,-0.00091556,-0.03900266
18.84515309,0.00579852,-0.04553362
18.85315309,0.00274667,-0.04162725
18.86115309,0.00048830,-0.04406873
18.86915309,0.00201422,-0.03997925
18.87715309,0.00158696,-0.04351939
18.88515309,-0.00207526,-0.05047762
18.89315309,0.00097659,-0.03973510
18.90115309,0.00146489,-0.04339732
18.90915309,0.00000000,-0.04577776
18.91715309,0.00109867,-0.04596087
18.92515309,0.00286874,-0.04730369
18.93315309,0.00146489,-0.04290903
18.94115309,0.00048830,-0.04077273
18.94915309,0.00579852,-0.04303110
18.95715309,-0.00054933,-0.04339732
18.96515309,0.00402844,-0.04931791
18.97315309,-0.00177007,-0.04553362
18.98115309,0.00402844,-0.04956206
18.98915309,0.00036622,-0.04229865
18.99715309,0.00109867,-0.03851436
19.00515309,0.00250252,-0.03827021
19.01315309,-0.00354015,-0.04229865
19.02115309,0.00579852,-0.03936888
19.02915309,-0.00030519,-0.04565569
19.03715309,0.00012207,-0.04150517
19.04515309,-0.00152593,-0.04504532
19.05315309,0.00451674,-0.03759880
19.06115309,0.00036622,-0.03997925
19.06915309,0.00073244,-0.03973510
19.07715309,0.00463881,-0.04089480
19.08515309,0.00274667,-0.04553362
19.09315308,-0.00341807,-0.03534044
19.10115308,0.00335704,-0.03747673
19.10915308,0.00323496,-0.03595080
19.11715308,-0.00408948,-0.04620502
19.12515308,0.00000000,-0.03735466
19.13315308,-0.00067141,-0.03534044
19.14115308,0.00415052,-0.04254280
19.14915308,-0.00219733,-0.03924681
19.15715308,0.00158696,-0.03808710
19.16515308,-0.00079348,-0.03924681
19.17315308,0.00073244,-0.03259377
19.18115308,0.00311289,-0.03167821
19.18915308,0.00335704,-0.03912473
19.19715308,0.00402844,-0.02801599
19.20515308,-0.00354015,-0.03381451
19.21315308,0.00238044,-0.03405866
19.22115308,0.00036622,-0.02978607
19.22915308,-0.00091556,-0.03295999
19.23715308,-0.00177007,-0.02789392
19.24515308,0.00061037,-0.03180028
19.25315308,0.00274667,-0.03271584
19.26115308,-0.00231941,-0.02954192
19.26915308,0.00476089,-0.03003021
19.27715308,0.00122074,-0.03521836
19.28515308,-0.00445570,-0.03003021
19.29315308,-0.00054933,-0.03534044
19.30115308,-0.00054933,-0.02649007
19.30915308,0.00476089,-0.03344829
19.31715308,0.00012207,-0.02649007
19.32515308,0.00567644,-0.02612384
19.33315308,0.00238044,-0.03070162
19.34115308,0.00451674,-0.02600177
19.34915308,0.00134281,-0.02270577
19.35715308,-0.00115970,-0.02826014
19.36515308,0.00335704,-0.02716147
19.37315308,-0.00305185,-0.02221747
19.38115308,0.00158696,-0.02575762
19.38915308,0.00097659,-0.02502518
19.39715308,0.00201422,-0.02148503
19.40515308,0.00488296,-0.01544237
19.41315308,-0.00219733,-0.02081362
19.42115308,0.00250252,-0.02490310
19.42915308,-0.00140385,-0.02124088
19.43715308,-0.00067141,-0.01995911
19.44515307,-0.00115970,-0.02069155
19.45315307,0.00134281,-0.02221747
19.46115307,0.00537126,-0.01477096
19.46915307,0.00439467,-0.01983703
19.47715307,-0.00152593,-0.02270577
19.48515307,-0.00042726,-0.01617481
19.49315307,-0.00164800,-0.01239051
19.50115307,0.00158696,-0.01678518
19.50915307,-0.00164800,-0.01355022
19.51715307,0.00286874,-0.01782281
19.52515307,-0.00091556,-0.01971496
19.53315307,0.00250252,-0.01544237
19.54115307,0.00250252,-0.01641896
19.54915307,0.00500504,-0.00811792
19.55715307,0.00189215,-0.01959288
19.56515307,-0.00207526,-0.01239051
19.57315307,0.00189215,-0.00824000
19.58115307,0.00323496,-0.01062044
19.58915307,0.00726341,-0.01355022
19.59715307,0.00311289,-0.01690725
19.60515307,0.00085452,-0.01355022
19.61315307,0.00512711,-0.01379437
19.62115307,0.00170904,-0.00720237
19.62915307,0.00311289,-0.01098666
19.63715307,0.00415052,-0.00933866
19.64515307,0.00347911,-0.00860622
19.65315307,0.00122074,-0.00720237
19.66115307,0.00170904,-0.00408948
19.66915307,0.00036622,-0.00897244
19.67715307,0.00402844,-0.00482192
19.68515307,-0.00042726,-0.00433363
19.69315307,0.00134281,-0.00518815
19.70115307,0.00073244,-0.01110874
19.70915307,0.00036622,-0.00634785
19.71715307,0.00299081,-0.01025422
19.72515307,0.00311289,-0.00860622
19.73315307,0.00024415,-0.00366222
19.74115307,0.00048830,-0.00824000
19.74915307,-0.00164800,-0.00732444
19.75715307,-0.00207526,-0.00799585
19.76515307,0.00311289,-0.00305185
19.77315307,0.00036622,-0.00445570
19.78115307,0.00109867,-0.00811792
19.78915307,-0.00018311,-0.00341807
19.79715306,-0.00457778,-0.00317392
19.80515306,0.00189215,-0.00378430
19.81315306,-0.00115970,-0.00244148
19.82115306,0.00274667,-0.00164800
19.82915306,0.00085452,0.00036622
19.83715306,0.00109867,0.00012207
19.84515306,0.00036622,-0.00555437
19.85315306,0.00549333,-0.00042726
19.86115306,0.00500504,-0.00054933
19.86915306,-0.00195318,0.00201422
19.87715306,-0.00128178,0.00146489
19.88515306,0.00085452,-0.00115970
19.89315306,0.00286874,0.00415052
19.90115306,0.00250252,-0.00042726
19.90915306,0.00567644,0.00036622
19.91715306,0.00085452,0.00512711
19.92515306,-0.00115970,-0.00305185
19.93315306,-0.00396741,-0.00091556
19.94115306,0.00225837,0.00579852
19.94915306,0.00323496,0.01092563
19.95715306,0.00189215,0.00524918
19.96515306,0.00415052,0.00122074
19.97315306,0.00097659,0.00402844
19.98115306,-0.00329600,0.00537126
19.98915306,0.00592059,0.00213630
19.99715306,0.00427259,0.00335704
20.00515306,-0.00030519,-0.00164800
20.01315306,0.00073244,-0.00067141
20.02115306,-0.00091556,0.00561541
20.02915306,0.00299081,0.00640889
20.03715306,0.00146489,0.00677511
20.04515306,0.00036622,0.00335704
20.05315306,-0.00042726,0.00726341
20.06115306,0.00323496,0.00982696
20.06915306,0.00061037,0.00372326
20.07715306,0.00402844,0.01019318
20.08515306,0.00262459,0.00793481
20.09315306,0.00122074,0.00213630
20.10115306,0.00085452,0.01129185
20.10915306,-0.00231941,0.00360118
20.11715306,0.00012207,0.00665304
20.12515306,0.00073244,0.00201422
20.13315306,0.00402844,0.01104770
20.14115306,0.00286874,0.00891140
20.14915305,-0.00244148,0.00323496
20.15715305,-0.00268563,0.00689718
20.16515305,0.00012207,0.00689718
20.17315305,0.00061037,0.00689718
20.18115305,0.00311289,0.00628681
20.18915305,-0.00042726,0.00854518
20.19715305,0.00085452,0.01245155
20.20515305,0.00500504,0.01318400
20.21315305,0.00347911,0.00769066
20.22115305,0.00274667,0.00592059
20.22915305,0.00061037,0.00158696
20.23715305,0.00146489,0.00335704
20.24515305,0.00061037,0.00970489
20.25315305,0.00189215,0.00958281
20.26115305,-0.00268563,0.00903348
20.26915305,0.00201422,0.00402844
20.27715305,0.00488296,0.00891140
20.28515305,0.00567644,0.00866726
20.29315305,0.00500504,0.00451674
20.30115305,-0.00408948,-0.00231941
20.30915305,0.00250252,0.00439467
20.31715305,-0.00646992,0.00561541
20.32515305,-0.00256355,0.00689718
20.33315305,0.00024415,0.00781274
20.34115305,0.00402844,0.00561541
20.34915305,0.00238044,0.00225837
20.35715305,0.00262459,0.00183111
20.36515305,0.00085452,0.00170904
20.37315305,0.00463881,0.00122074
20.38115305,0.00726341,0.00415052
20.38915305,0.00500504,0.00817896
20.39715305,0.00323496,0.00000000
20.40515305,0.00238044,0.00903348
20.41315305,-0.00103763,0.00372326
20.42115305,0.00097659,0.00830103
20.42915305,0.00286874,0.00701926
20.43715305,-0.00195318,0.00402844
20.44515305,0.00311289,-0.00128178
20.45315305,0.00024415,0.00402844
20.46115305,-0.00152593,0.00225837
20.46915305,-0.00042726,-0.00042726
20.47715305,0.00036622,0.00061037
20.48515305,-0.00103763,0.00183111
20.49315305,0.00073244,0.00677511
20.50115304,0.00085452,-0.00610370
20.50915304,0.00225837,0.00000000
20.51715304,0.00402844,-0.00634785
20.52515304,0.00756859,0.00347911
20.53315304,0.00262459,0.00213630
20.54115304,-0.00408948,-0.00054933
20.54915304,0.00085452,0.00061037
20.55715304,-0.00152593,-0.00646992
20.56515304,-0.00115970,-0.00634785
20.57315304,0.00048830,-0.00152593
20.58115304,0.00000000,-0.00518815
20.58915304,0.00061037,-0.00622578
20.59715304,0.00415052,-0.00634785
20.60515304,-0.00219733,-0.00775170
20.61315304,0.00323496,-0.00695822
20.62115304,-0.00598163,-0.00531022
20.62915304,0.00109867,-0.00799585
20.63715304,0.00073244,-0.00567644
20.64515304,0.00201422,-0.01300089
20.65315304,0.00036622,-0.00872829
20.66115304,0.00488296,-0.01086459
20.66915304,0.00262459,-0.00408948
20.67715304,0.00378430,-0.00988800
20.68515304,0.00463881,-0.01086459
20.69315304,-0.00152593,-0.01110874
20.70115304,0.00012207,-0.01324503
20.70915304,0.00109867,-0.01239051
20.71715304,0.00158696,-0.01239051
20.72515304,-0.00115970,-0.01879940
20.73315304,-0.00494400,-0.01770074
20.74115304,0.00512711,-0.01702933
20.74915304,0.00213630,-0.01995911
20.75715304,0.00189215,-0.01568651
20.76515304,0.00439467,-0.01135289
20.77315304,0.00512711,-0.01818903
20.78115304,0.00061037,-0.01654103
20.78915304,0.00146489,-0.02056948
20.79715304,0.00189215,-0.01617481
20.80515304,0.00274667,-0.01995911
20.81315304,0.00549333,-0.02056948
20.82115304,-0.00341807,-0.02160710
20.82915304,0.00238044,-0.01806696
20.83715304,-0.00354015,-0.01715140
20.84515304,0.00134281,-0.01934873
20.85315304,0.00134281,-0.02069155
20.86115303,0.00189215,-0.01690725
20.86915303,-0.00366222,-0.02282785
20.87715303,-0.00573748,-0.01782281
20.88515303,0.00238044,-0.02093570
20.89315303,0.00274667,-0.02160710
20.90115303,-0.00219733,-0.02056948
20.90915303,-0.00195318,-0.02691733
20.91715303,0.00238044,-0.02124088
20.92515303,0.00012207,-0.02209540
20.93315303,-0.00164800,-0.02691733
20.94115303,0.00122074,-0.02282785
20.94915303,-0.00207526,-0.02282785
20.95715303,-0.00207526,-0.02056948
20.96515303,0.00439467,-0.02197333
20.97315303,0.00097659,-0.02514725
20.98115303,0.00225837,-0.02386547
20.98915303,0.00097659,-0.01983703
20.99715303,0.00262459,-0.02740562
21.00515303,0.00488296,-0.02197333
21.01315303,-0.00030519,-0.02600177
21.02115303,0.00549333,-0.03027436
21.02915303,0.00170904,-0.02124088
21.03715303,0.00524918,-0.02679525
21.04515303,0.00347911,-0.02941984
21.05315303,0.00146489,-0.02777184
21.06115303,0.00158696,-0.02661214
21.06915303,0.00012207,-0.02575762
21.07715303,0.00109867,-0.03082369
21.08515303,0.00122074,-0.02398755
21.09315303,0.00238044,-0.02612384
21.10115303,0.00476089,-0.02447584
21.10915303,-0.00140385,-0.02905362
21.11715303,0.00262459,-0.02490310
21.12515303,0.00347911,-0.01995911
21.13315303,0.00122074,-0.02728355
21.14115303,0.00262459,-0.02435377
21.14915303,0.00109867,-0.02649007
21.15715303,-0.00164800,-0.02600177
21.16515303,-0.00256355,-0.02325510
21.17315303,-0.00207526,-0.02563555
21.18115303,-0.00030519,-0.02636799
21.18915303,0.00048830,-0.02539140
21.19715303,-0.00128178,-0.02423170
21.20515303,-0.00042726,-0.02941984
21.21315302,0.00817896,-0.03180028
21.22115302,-0.00140385,-0.02838221
21.22915302,0.00238044,-0.02941984
21.23715302,0.00286874,-0.02826014
21.24515302,-0.00256355,-0.02398755
21.25315302,-0.00054933,-0.02374340
21.26115302,0.00323496,-0.02752770
21.26915302,0.00592059,-0.02716147
21.27715302,0.00097659,-0.02313303
21.28515302,0.00476089,-0.02636799
21.29315302,0.00250252,-0.02502518
21.30115302,-0.00195318,-0.02209540
21.30915302,-0.00054933,-0.02612384
21.31715302,0.00146489,-0.02777184
21.32515302,-0.00103763,-0.02612384
21.33315302,0.00665304,-0.02661214
21.34115302,0.00146489,-0.02349925
21.34915302,0.00048830,-0.02081362
21.35715302,0.00134281,-0.02551347
21.36515302,-0.00054933,-0.02575762
21.37315302,0.00146489,-0.02526933
21.38115302,0.00109867,-0.01831111
21.38915302,-0.00103763,-0.02362133
21.39715302,0.00109867,-0.02270577
21.40515302,-0.00140385,-0.02941984
21.41315302,-0.00195318,-0.02282785
21.42115302,0.00000000,-0.02752770
21.42915302,0.00549333,-0.02258370
21.43715302,0.00274667,-0.02502518
21.44515302,0.00122074,-0.02410962
21.45315302,0.00640889,-0.02362133
21.46115302,0.00311289,-0.01666311
21.46915302,0.00238044,-0.01782281
21.47715302,-0.00445570,-0.01867733
21.48515302,0.00024415,-0.01794488
21.49315302,-0.00219733,-0.02410962
21.50115302,-0.00152593,-0.02471999
21.50915302,0.00311289,-0.02386547
21.51715302,0.00335704,-0.02044740
21.52515302,0.00488296,-0.02600177
21.53315302,-0.00128178,-0.02233955
21.54115302,-0.00030519,-0.02081362
21.54915302,0.00170904,-0.01855525
21.55715302,0.00201422,-0.02081362
21.56515301,-0.00292978,-0.02258370
21.57315301,0.00201422,-0.01904355
21.58115301,0.00360118,-0.01770074
21.58915301,-0.00219733,-0.01190222
21.59715301,0.00476089,-0.01715140
21.60515301,-0.00164800,-0.02386547
21.61315301,-0.00054933,-0.01641896
21.62115301,0.00311289,-0.01770074
21.62915301,0.00604266,-0.02362133
21.63715301,-0.00329600,-0.01556444
21.64515301,-0.00256355,-0.02258370
21.65315301,0.00225837,-0.01641896
21.66115301,0.00360118,-0.01501511
21.66915301,0.00689718,-0.01324503
21.67715301,0.00402844,-0.01995911
21.68515301,-0.00079348,-0.01831111
21.69315301,0.00024415,-0.01690725
21.70115301,-0.00067141,-0.01214637
21.70915301,0.00347911,-0.01690725
21.71715301,-0.00042726,-0.01062044
21.72515301,-0.00030519,-0.01263466
21.73315301,-0.00103763,-0.01300089
21.74115301,0.00567644,-0.01892148
21.74915301,0.00274667,-0.01135289
21.75715301,-0.00103763,-0.01178014
21.76515301,0.00262459,-0.01178014
21.77315301,0.00134281,-0.01501511
21.78115301,0.00439467,-0.01403851
21.78915301,0.00439467,-0.00872829
21.79715301,0.00109867,-0.01202429
21.80515301,0.00085452,-0.01190222
21.81315301,0.00061037,-0.00555437
21.82115301,-0.00231941,-0.00610370
21.82915301,-0.00280770,-0.00329600
21.83715301,-0.00482192,-0.00787378
21.84515301,0.00323496,-0.01135289
21.85315301,0.00390637,-0.00695822
21.86115301,-0.00280770,-0.00610370
21.86915301,0.00012207,-0.01001007
21.87715301,0.00225837,-0.00280770
21.88515301,0.00189215,-0.01379437
21.89315301,0.00262459,-0.00695822
21.90115301,0.00451674,-0.00445570
21.90915301,-0.00195318,-0.00848415
21.91715300,0.00262459,-0.00421155
21.92515300,0.00463881,0.00048830
21.93315300,-0.00103763,-0.00396741
21.94115300,0.00476089,-0.00421155
21.94915300,0.00134281,-0.00433363
21.95715300,-0.00384533,-0.00305185
21.96515300,0.00347911,0.00311289
21.97315300,0.00036622,-0.00408948
21.98115300,-0.00128178,-0.00189215
21.98915300,0.00335704,-0.00231941
21.99715300,0.00085452,-0.00494400
22.00515300,-0.00140385,0.00024415
22.01315300,-0.00317392,-0.00457778
22.02115300,-0.00030519,-0.00164800
22.02915300,-0.00341807,-0.00018311
22.03715300,-0.00067141,-0.00018311
22.04515300,0.00036622,-0.00219733
22.05315300,0.00170904,0.00250252
22.06115300,0.00036622,0.00134281
22.06915300,-0.00317392,-0.00256355
22.07715300,-0.00231941,0.00134281
22.08515300,0.00390637,0.00451674
22.09315300,0.00048830,0.00262459
22.10115300,0.00189215,0.00476089
22.10915300,-0.00219733,0.00793481
22.11715300,-0.00292978,0.00238044
22.12515300,-0.00091556,0.00561541
22.13315300,0.00335704,0.00653096
22.14115300,-0.00018311,0.00616474
22.14915300,-0.00079348,0.00372326
22.15715300,-0.00164800,0.00463881
22.16515300,0.01019318,0.00677511
22.17315300,0.00592059,0.00579852
22.18115300,0.00286874,0.00903348
22.18915300,0.00274667,0.01129185
22.19715300,0.00476089,0.00830103
22.20515300,0.00427259,0.01257363
22.21315300,0.00378430,0.00689718
22.22115300,0.00323496,0.00653096
22.22915300,0.00323496,0.00866726
22.23715300,0.00122074,0.00994903
22.24515300,0.00012207,0.01361126
22.25315300,0.00451674,0.01586962
22.26115300,0.00299081,0.01257363
22.26915299,-0.00140385,0.01861629
22.27715299,-0.00195318,0.01336711
22.28515299,0.00451674,0.01483200
22.29315299,0.00225837,0.01739555
22.30115299,-0.00268563,0.01446577
22.30915299,-0.00030519,0.01068148
22.31715299,-0.00366222,0.01385540
22.32515299,-0.00219733,0.01245155
22.33315299,-0.00177007,0.01220740
22.34115299,0.00122074,0.01788385
22.34915299,-0.00195318,0.01611377
22.35715299,0.00225837,0.01397748
22.36515299,-0.00054933,0.01306192
22.37315299,-0.00042726,0.01928770
22.38115299,-0.00268563,0.01281777
22.38915299,0.00225837,0.01660207
22.39715299,0.00122074,0.01648000
22.40515299,0.00238044,0.01220740
22.41315299,-0.00018311,0.01269570
22.42115299,0.00097659,0.01965392
22.42915299,-0.00067141,0.01397748
22.43715299,0.00439467,0.01886044
22.44515299,0.00122074,0.01397748
22.45315299,-0.00067141,0.00958281
22.46115299,0.00048830,0.01538133
22.46915299,0.00122074,0.01458785
22.47715299,0.00012207,0.01422163
22.48515299,-0.00292978,0.01800592
22.49315299,0.00097659,0.01916562
22.50115299,0.00488296,0.01751762
22.50915299,0.00250252,0.01648000
22.51715299,0.00311289,0.01812799
22.52515299,0.00134281,0.01751762
22.53315299,-0.00140385,0.01586962
22.54115299,0.00347911,0.01507614
22.54915299,0.00225837,0.01147496
22.55715299,0.00390637,0.01599170
22.56515299,0.00134281,0.01483200
22.57315299,-0.00128178,0.01684622
22.58115299,-0.00152593,0.01519822
22.58915299,0.00476089,0.01147496
22.59715299,0.00158696,0.01599170
22.60515299,0.00097659,0.01562548
22.61315299,0.00000000,0.01928770
22.62115299,0.00427259,0.01562548
22.62915298,0.00238044,0.01348918
22.63715298,0.00097659,0.01104770
22.64515298,0.00122074,0.01043733
22.65315298,0.00146489,0.01434370
22.66115298,0.00073244,0.00842311
22.66915298,-0.00329600,0.01092563
22.67715298,0.00097659,0.00854518
22.68515298,-0.00329600,0.00726341
22.69315298,0.00524918,0.00805689
22.70115298,0.00048830,0.00939970
22.70915298,0.00274667,0.00561541
22.71715298,0.00061037,0.00677511
22.72515298,-0.00115970,0.00939970
22.73315298,0.00073244,0.00286874
22.74115298,0.00158696,0.01318400
22.74915298,-0.00482192,0.00726341
22.75715298,0.00500504,0.00854518
22.76515298,0.00048830,0.00604266
22.77315298,-0.00469985,0.00311289
22.78115298,0.00311289,0.00640889
22.78915298,0.00158696,-0.00054933
22.79715298,0.00347911,0.00000000
22.80515298,0.00604266,0.00036622
22.81315298,0.00274667,-0.00079348
22.82115298,0.00097659,0.00109867
22.82915298,0.00677511,0.00653096
22.83715298,0.00390637,-0.00079348
22.84515298,0.00781274,-0.00030519
22.85315298,-0.00317392,0.00274667
22.86115298,0.00488296,-0.00207526
22.86915298,-0.00030519,-0.00482192
22.87715298,0.00299081,0.00262459
22.88515298,-0.00030519,-0.00244148
22.89315298,-0.00280770,0.00323496
22.90115298,-0.00030519,0.00262459
22.90915298,0.00274667,0.00097659
22.91715298,0.00122074,-0.00042726
22.92515298,0.00250252,-0.00305185
22.93315298,-0.00054933,-0.00445570
22.94115298,-0.00152593,-0.00585955
22.94915298,0.00158696,-0.00231941
22.95715298,0.00085452,-0.00408948
22.96515298,-0.00042726,-0.00354015
22.97315298,-0.00042726,0.00238044
22.98115297,0.00311289,-0.00317392
22.98915297,-0.00054933,-0.00585955
22.99715297,0.00793481,-0.00732444
23.00515297,-0.00018311,-0.00341807
23.01315297,-0.00164800,-0.00494400
23.02115297,0.00170904,-0.00567644
23.02915297,0.00073244,-0.00695822
23.03715297,0.00134281,-0.00646992
23.04515297,0.00238044,-0.00872829
23.05315297,-0.00164800,-0.00836207
23.06115297,0.00061037,-0.00683615
23.06915297,0.00036622,-0.00720237
23.07715297,-0.00305185,-0.00585955
23.08515297,-0.00341807,-0.00720237
23.09315297,0.00036622,-0.01153600
23.10115297,0.00000000,-0.00921659
23.10915297,-0.00079348,-0.00811792
23.11715297,0.00347911,-0.00964385
23.12515297,-0.00103763,-0.01275674
23.13315297,-0.00317392,-0.01379437
23.14115297,-0.00329600,-0.01025422
23.14915297,-0.00091556,-0.01062044
23.15715297,0.00286874,-0.01123081
23.16515297,0.00286874,-0.01403851
23.17315297,0.00036622,-0.01324503
23.18115297,0.00781274,-0.01702933
23.18915297,0.00512711,-0.01098666
23.19715297,-0.00042726,-0.00744652
23.20515297,0.00109867,-0.02435377
23.21315297,0.00109867,-0.02160710
23.22115297,-0.00408948,-0.01501511
23.22915297,-0.00256355,-0.00811792
23.23715297,0.00347911,-0.01275674
23.24515297,-0.00256355,-0.02325510
23.25315297,0.00335704,-0.01178014
23.26115297,0.00085452,-0.01165807
23.26915297,0.00500504,-0.02410962
23.27715297,0.00225837,-0.01983703
23.28515297,0.00567644,-0.01037629
23.29315297,0.00048830,-0.00421155
23.30115297,-0.00152593,-0.02325510
23.30915297,0.00451674,-0.01831111
23.31715297,0.00286874,-0.01995911
23.32515297,0.00146489,-0.01098666
23.33315296,0.00170904,-0.02410962
23.34115296,-0.00366222,-0.02093570
23.34915296,0.00085452,-0.01733451
23.35715296,-0.00103763,-0.01702933
23.36515296,0.00238044,-0.02703940
23.37315296,0.00390637,-0.02032533
23.38115296,0.00158696,-0.01190222
23.38915296,0.00488296,-0.01959288
23.39715296,0.00189215,-0.02337718
23.40515296,0.00122074,-0.01879940
23.41315296,-0.00018311,-0.01702933
23.42115296,0.00061037,-0.01568651
23.42915296,0.00170904,-0.01702933
23.43715296,0.00012207,-0.02008118
23.44515296,0.00427259,-0.02282785
23.45315296,-0.00054933,-0.02258370
23.46115296,0.00238044,-0.02136296
23.46915296,0.00134281,-0.02148503
23.47715296,0.00073244,-0.02032533
23.48515296,0.00061037,-0.01922666
23.49315296,0.00189215,-0.02624592
23.50115296,0.00061037,-0.02069155
23.50915296,-0.00079348,-0.02093570
23.51715296,-0.00341807,-0.01605274
23.52515296,0.00109867,-0.02435377
23.53315296,0.00048830,-0.01959288
23.54115296,0.00274667,-0.02471999
23.54915296,0.00677511,-0.02197333
23.55715296,-0.00054933,-0.01843318
23.56515296,0.00415052,-0.02410962
23.57315296,0.00439467,-0.02111881
23.58115296,0.00000000,-0.02020325
23.58915296,-0.00219733,-0.02136296
23.59715296,-0.00128178,-0.01983703
23.60515296,0.00036622,-0.02197333
23.61315296,0.00360118,-0.01922666
23.62115296,-0.00103763,-0.01593066
23.62915296,0.00579852,-0.01867733
23.63715296,0.00360118,-0.02032533
23.64515296,0.00170904,-0.01995911
23.65315296,-0.00329600,-0.02148503
23.66115296,-0.00128178,-0.02813807
23.66915296,0.00415052,-0.02221747
23.67715296,0.00189215,-0.01892148
23.68515295,0.00225837,-0.02349925
23.69315295,0.00378430,-0.02374340
23.70115295,0.00109867,-0.02313303
23.70915295,0.00427259,-0.01879940
23.71715295,-0.00469985,-0.02008118
23.72515295,-0.00030519,-0.02056948
23.73315295,0.00225837,-0.01428266
23.74115295,-0.00103763,-0.02136296
23.74915295,0.00451674,-0.02301096
23.75715295,-0.00164800,-0.02563555
23.76515295,0.00109867,-0.02270577
23.77315295,-0.00164800,-0.02728355
23.78115295,0.00201422,-0.02966399
23.78915295,-0.00030519,-0.02575762
23.79715295,0.00311289,-0.03155614
23.80515295,-0.00091556,-0.02551347
23.81315295,0.00225837,-0.02575762
23.82115295,-0.00140385,-0.02471999
23.82915295,-0.00042726,-0.02679525
23.83715295,0.00390637,-0.03180028
23.84515295,-0.00219733,-0.03192236
23.85315295,0.00500504,-0.02282785
23.86115295,0.00122074,-0.02789392
23.86915295,0.00225837,-0.02850429
23.87715295,0.00463881,-0.03015229
23.88515295,-0.00042726,-0.02563555
23.89315295,-0.00268563,-0.03082369
23.90115295,0.00714133,-0.02490310
23.90915295,0.00097659,-0.02716147
23.91715295,0.00158696,-0.02526933
23.92515295,0.00134281,-0.02246162
23.93315295,0.00451674,-0.02838221
23.94115295,-0.00115970,-0.03027436
23.94915295,0.00170904,-0.02649007
23.95715295,-0.00482192,-0.03051851
23.96515295,-0.00317392,-0.03082369
23.97315295,0.00012207,-0.02813807
23.98115295,0.00415052,-0.02386547
23.98915295,0.00286874,-0.02398755
23.99715295,-0.00268563,-0.03039644
24.00515295,0.00476089,-0.02575762
24.01315295,-0.00128178,-0.02752770
24.02115295,0.00158696,-0.03039644
24.02915295,0.00012207,-0.02801599
24.03715294,0.00524918,-0.02777184
24.04515294,-0.00140385,-0.03369243
24.05315294,0.00390637,-0.03295999
24.06115294,-0.00256355,-0.02789392
24.06915294,0.00311289,-0.02423170
24.07715294,0.00146489,-0.02337718
24.08515294,-0.00152593,-0.02587970
24.09315294,-0.00177007,-0.02862636
24.10115294,0.00262459,-0.02716147
24.10915294,0.00061037,-0.02789392
24.11715294,0.00213630,-0.02777184
24.12515294,-0.00292978,-0.01995911
24.13315294,0.00122074,-0.02471999
24.14115294,0.00347911,-0.02752770
24.14915294,-0.00164800,-0.02233955
24.15715294,0.00201422,-0.02954192
24.16515294,-0.00585955,-0.02282785
24.17315294,-0.00018311,-0.02185125
24.18115294,0.00415052,-0.02398755
24.18915294,0.00170904,-0.02313303
24.19715294,0.00024415,-0.02551347
24.20515294,-0.00555437,-0.02826014
24.21315294,0.00311289,-0.02514725
24.22115294,0.00299081,-0.02691733
24.22915294,-0.00054933,-0.02636799
24.23715294,-0.00079348,-0.02801599
24.24515294,0.00427259,-0.01983703
24.25315294,0.00122074,-0.02838221
24.26115294,0.00360118,-0.01959288
24.26915294,0.00097659,-0.02258370
24.27715294,0.00360118,-0.02471999
24.28515294,0.00488296,-0.01843318
24.29315294,0.00451674,-0.02148503
24.30115294,0.00048830,-0.02490310
24.30915294,0.00146489,-0.02160710
24.31715294,0.00311289,-0.01867733
24.32515294,-0.00207526,-0.02124088
24.33315294,0.00085452,-0.01892148
24.34115294,0.00024415,-0.02233955
24.34915294,0.00323496,-0.02136296
24.35715294,0.00109867,-0.02386547
24.36515294,-0.00067141,-0.01403851
24.37315294,0.00048830,-0.01745659
24.38115294,0.00579852,-0.01580859
24.38915294,-0.00610370,-0.01702933
24.39715293,-0.00030519,-0.01983703
24.40515293,-0.00115970,-0.01617481
24.41315293,0.00109867,-0.01782281
24.42115293,0.00000000,-0.01263466
24.42915293,-0.00103763,-0.02111881
24.43715293,0.00036622,-0.01568651
24.44515293,0.00286874,-0.01855525
24.45315293,-0.00042726,-0.02160710
24.46115293,0.00189215,-0.01501511
24.46915293,0.00402844,-0.01416059
24.47715293,0.00146489,-0.01086459
24.48515293,0.00134281,-0.01678518
24.49315293,0.00097659,-0.01251259
24.50115293,-0.00341807,-0.01843318
24.50915293,0.00250252,-0.01666311
24.51715293,0.00158696,-0.01782281
24.52515293,0.00024415,-0.01214637
24.53315293,0.00250252,-0.01477096
24.54115293,-0.00195318,-0.01690725
24.54915293,-0.00268563,-0.01001007
24.55715293,-0.00152593,-0.01501511
24.56515293,0.00378430,-0.01367229
24.57315293,0.00640889,-0.01355022
24.58115293,-0.00219733,-0.00659200
24.58915293,0.00201422,-0.01654103
24.59715293,0.00238044,-0.01251259
24.60515293,0.00286874,-0.00946074
24.61315293,0.00213630,-0.01123081
24.62115293,-0.00018311,-0.01202429
24.62915293,0.00311289,-0.01001007
24.63715293,-0.00408948,-0.00585955
24.64515293,0.00402844,-0.01178014
24.65315293,-0.00054933,-0.00860622
24.66115293,-0.00103763,-0.00280770
24.66915293,0.00402844,-0.01001007
24.67715293,-0.00103763,-0.01025422
24.68515293,0.00000000,-0.00720237
24.69315293,0.00225837,-0.00646992
24.70115293,0.00158696,-0.00543229
24.70915293,-0.00030519,-0.00872829
24.71715293,-0.00195318,-0.00018311
24.72515293,-0.00494400,-0.00860622
24.73315293,0.00274667,-0.00531022
24.74115293,0.00891140,0.00085452
24.74915292,-0.00573748,-0.00408948
24.75715292,0.00567644,-0.00585955
24.76515292,-0.00219733,-0.00140385
24.77315292,0.00024415,-0.00531022
24.78115292,-0.00366222,-0.00341807
24.78915292,0.00225837,-0.00103763
24.79715292,0.00524918,-0.00646992
24.80515292,-0.00128178,-0.00317392
24.81315292,-0.00207526,-0.00054933
24.82115292,-0.00244148,-0.00341807
24.82915292,0.00225837,-0.00128178
24.83715292,-0.00042726,-0.00164800
24.84515292,-0.00207526,0.00097659
24.85315292,0.00122074,0.00036622
24.86115292,-0.00659200,0.00549333
24.86915292,0.00213630,-0.00317392
24.87715292,-0.00067141,-0.00115970
24.88515292,-0.00732444,-0.00421155
24.89315292,0.00238044,0.00347911
24.90115292,0.00109867,0.00415052
24.90915292,-0.00384533,0.00415052
24.91715292,-0.00177007,-0.00115970
24.92515292,0.00360118,0.00524918
24.93315292,0.00274667,-0.00067141
24.94115292,0.00378430,0.00213630
24.94915292,0.00323496,-0.00115970
24.95715292,-0.00457778,-0.00598163
24.96515292,-0.00195318,-0.00042726
24.97315292,0.00579852,0.00286874
24.98115292,-0.00317392,0.00665304
24.98915292,0.00189215,-0.00079348
24.99715292,-0.00177007,0.00274667
25.00515292,-0.00115970,-0.00433363
25.01315292,0.00109867,0.00213630
25.02115292,0.00512711,0.00854518
25.02915292,0.00073244,0.00537126
25.03715292,0.00335704,-0.00292978
25.04515292,0.00347911,0.00311289
25.05315292,-0.00140385,0.00451674
25.06115292,-0.00079348,-0.00469985
25.06915292,0.00134281,0.00024415
25.07715292,0.00402844,0.00427259
25.08515292,0.00146489,0.00238044
25.09315292,-0.00152593,0.00665304
25.10115291,-0.00079348,0.00274667
25.10915291,0.00189215,-0.00164800
25.11715291,-0.00177007,0.00122074
25.12515291,0.00158696,-0.00152593
25.13315291,-0.00054933,-0.00231941
25.14115291,-0.00042726,0.00170904
25.14915291,0.00036622,0.00750755
25.15715291,0.00347911,0.00036622
25.16515291,-0.00030519,-0.00469985
25.17315291,-0.00177007,0.00628681
25.18115291,-0.00341807,0.00653096
25.18915291,0.00097659,-0.00128178
25.19715291,0.00262459,0.00347911
25.20515291,0.00158696,0.00170904
25.21315291,0.00061037,0.00427259
25.22115291,0.00866726,-0.00128178
25.22915291,0.00323496,0.00024415
25.23715291,-0.00067141,0.00299081
25.24515291,-0.00244148,0.00714133
25.25315291,0.00189215,-0.00030519
25.26115291,-0.00366222,0.00524918
25.26915291,0.00189215,0.00024415
25.27715291,0.00878933,0.00689718
25.28515291,0.00225837,0.00463881
25.29315291,-0.00354015,0.00238044
25.30115291,0.00036622,0.00286874
25.30915291,0.00024415,0.00213630
25.31715291,0.00299081,0.00000000
25.32515291,0.00134281,-0.00280770
25.33315291,-0.00469985,-0.00128178
25.34115291,0.00097659,0.00616474
25.34915291,-0.00115970,0.00360118
25.35715291,0.00189215,0.00653096
25.36515291,0.00225837,0.00012207
25.37315291,0.00036622,-0.00054933
25.38115291,0.00878933,0.00579852
25.38915291,0.00097659,0.00012207
25.39715291,0.00085452,0.00000000
25.40515291,0.00073244,0.00476089
25.41315291,-0.00128178,0.00238044
25.42115291,0.00061037,0.00347911
25.42915291,0.00134281,-0.00067141
25.43715291,0.00109867,0.00335704
25.44515291,0.00201422,-0.00140385
25.45315290,0.00451674,0.00183111
25.46115290,0.00415052,0.00085452
25.46915290,0.00714133,0.00024415
25.47715290,-0.00054933,0.00201422
25.48515290,0.00592059,0.00262459
25.49315290,-0.00103763,0.00299081
25.50115290,0.00378430,-0.00433363
25.50915290,-0.00091556,0.00122074
25.51715290,0.00213630,0.00274667
25.52515290,0.00360118,-0.00042726
25.53315290,0.00262459,0.00262459
25.54115290,0.00158696,0.00109867
25.54915290,0.00335704,0.00390637
25.55715290,0.00347911,0.00024415
25.56515290,0.00616474,-0.00140385
25.57315290,0.00073244,-0.00128178
25.58115290,0.00537126,0.00097659
25.58915290,0.00012207,0.00665304
25.59715290,-0.00256355,0.00085452
25.60515290,-0.00018311,-0.00018311
25.61315290,0.00225837,0.00097659
25.62115290,0.00213630,0.00085452
25.62915290,0.00073244,0.00109867
25.63715290,-0.00030519,0.00274667
25.64515290,0.00463881,0.00286874
25.65315290,0.00097659,-0.00164800
25.66115290,-0.00079348,-0.00457778
25.66915290,0.00097659,0.00311289
25.67715290,-0.00177007,0.00183111
25.68515290,0.00012207,-0.00128178
25.69315290,0.00427259,0.00134281
25.70115290,-0.00518815,-0.00207526
25.70915290,0.00262459,-0.00091556
25.71715290,0.00201422,-0.00103763
25.72515290,0.00073244,-0.00421155
25.73315290,0.00061037,0.00170904
25.74115290,0.00012207,0.00250252
25.74915290,0.00109867,-0.00164800
25.75715290,0.00134281,-0.00177007
25.76515290,-0.00610370,-0.00207526
25.77315290,0.00274667,-0.00189215
25.78115290,-0.00354015,0.00146489
25.78915290,-0.00067141,0.00183111
25.79715290,-0.00103763,-0.00506607
25.80515289,-0.00103763,-0.00622578
25.81315289,0.00323496,-0.00585955
25.82115289,0.00146489,-0.00268563
25.82915289,0.00378430,0.00390637
25.83715289,-0.00634785,-0.00482192
25.84515289,0.00122074,0.00323496
25.85315289,0.00402844,-0.00268563
25.86115289,0.00262459,0.00201422
25.86915289,0.00201422,-0.00341807
25.87715289,0.00012207,-0.00848415
25.88515289,0.00000000,-0.00042726
25.89315289,0.00640889,-0.00396741
25.90115289,0.00134281,-0.00317392
25.90915289,-0.00305185,-0.00292978
25.91715289,0.00213630,-0.00292978
25.92515289,-0.00341807,-0.00054933
25.93315289,0.00201422,-0.00408948
25.94115289,-0.00054933,-0.00421155
25.94915289,0.00378430,0.00024415
25.95715289,0.00299081,-0.00042726
25.96515289,0.00012207,-0.00079348
25.97315289,0.00335704,-0.00695822
25.98115289,0.00677511,-0.00408948
25.98915289,0.00024415,-0.00244148
25.99715289,0.00097659,-0.00317392
26.00515289,0.00000000,-0.00659200
26.01315289,0.00073244,-0.00531022
26.02115289,-0.00231941,-0.00378430
26.02915289,-0.00219733,-0.00836207
26.03715289,-0.00207526,-0.00531022
26.04515289,-0.00610370,-0.00610370
26.05315289,0.00073244,-0.00756859
26.06115289,-0.00128178,-0.01086459
26.06915289,0.00299081,-0.00506607
26.07715289,0.00146489,-0.00885037
26.08515289,-0.00256355,-0.00268563
26.09315289,0.00756859,0.00012207
26.10115289,0.00616474,-0.00598163
26.10915289,0.00024415,-0.00708029
26.11715289,0.00170904,-0.00885037
26.12515289,-0.00115970,-0.00567644
26.13315289,0.00604266,-0.00659200
26.14115289,0.00262459,0.00109867
26.14915289,0.00085452,-0.00885037
26.15715289,0.00073244,-0.00244148
26.16515288,0.00427259,-0.00354015
26.17315288,-0.00115970,-0.00964385
26.18115288,0.00158696,-0.00811792
26.18915288,-0.00445570,-0.00811792
26.19715288,0.00122074,-0.01001007
26.20515288,-0.00219733,-0.01416059
26.21315288,0.00170904,-0.00305185
26.22115288,0.00286874,-0.01001007
26.22915288,0.00189215,-0.00836207
26.23715288,-0.00054933,-0.00988800
26.24515288,0.00262459,-0.00848415
26.25315288,-0.00366222,-0.00860622
26.26115288,0.00085452,-0.00909452
26.26915288,0.00323496,-0.00836207
26.27715288,0.00616474,-0.00585955
26.28515288,-0.00018311,-0.00585955
26.29315288,-0.00152593,-0.00909452
26.30115288,0.00567644,-0.01202429
26.30915288,-0.00543229,-0.00872829
26.31715288,0.00012207,-0.01251259
26.32515288,0.00048830,-0.01403851
26.33315288,-0.00103763,-0.00988800
26.34115288,-0.00018311,-0.00946074
26.34915288,-0.00067141,-0.00598163
26.35715288,0.00238044,-0.01513718
26.36515288,-0.00219733,-0.00695822
26.37315288,-0.00115970,-0.00494400
26.38115288,0.00427259,-0.00946074
26.38915288,0.00512711,-0.00909452
26.39715288,0.00048830,-0.00787378
26.40515288,0.00488296,-0.00585955
26.41315288,0.00347911,-0.00494400
26.42115288,0.00439467,-0.00732444
26.42915288,0.00854518,-0.00848415
26.43715288,0.00488296,-0.00695822
26.44515288,0.00122074,-0.00598163
26.45315288,-0.00103763,-0.01226844
26.46115288,-0.00054933,-0.01001007
26.46915288,0.00134281,-0.01391644
26.47715288,0.00170904,-0.01037629
26.48515288,0.00250252,-0.00695822
26.49315288,0.00012207,-0.00787378
26.50115288,-0.00115970,-0.00872829
26.50915288,-0.00128178,-0.00744652
26.51715287,0.00689718,-0.01013215
26.52515287,0.00189215,-0.00433363
26.53315287,0.00665304,-0.00976592
26.54115287,0.00347911,-0.00646992
26.54915287,0.00323496,-0.01110874
26.55715287,-0.00231941,-0.00695822
26.56515287,0.00347911,-0.00933866
26.57315287,0.00024415,-0.01001007
26.58115287,-0.00231941,-0.01287881
26.58915287,0.00134281,-0.00433363
26.59715287,0.00073244,-0.00775170
26.60515287,-0.00030519,-0.00775170
26.61315287,0.00109867,-0.00909452
26.62115287,0.00439467,-0.00909452
26.62915287,0.00286874,-0.00695822
26.63715287,0.00488296,-0.00469985
26.64515287,0.00665304,-0.00732444
26.65315287,-0.00292978,-0.00622578
26.66115287,0.00488296,-0.00659200
26.66915287,-0.00128178,-0.00469985
26.67715287,0.00488296,-0.00433363
26.68515287,-0.00079348,-0.00585955
26.69315287,-0.00518815,-0.00964385
26.70115287,0.00274667,-0.00909452
26.70915287,0.00122074,-0.00433363
26.71715287,-0.00622578,-0.00366222
26.72515287,0.00549333,-0.00885037
26.73315287,0.00225837,0.00024415
26.74115287,0.00048830,-0.01355022
26.74915287,0.00238044,-0.00622578
26.75715287,-0.00103763,-0.00128178
26.76515287,-0.00195318,-0.00433363
26.77315287,0.00567644,-0.00720237
26.78115287,0.00335704,-0.00067141
26.78915287,0.00134281,-0.00329600
26.79715287,-0.00067141,-0.00207526
26.80515287,0.00286874,-0.00708029
26.81315287,-0.00219733,-0.00354015
26.82115287,0.00378430,-0.00659200
26.82915287,0.00213630,-0.00457778
26.83715287,0.00604266,-0.00598163
26.84515287,0.00134281,-0.00207526
26.85315287,-0.00067141,-0.00207526
26.86115287,-0.00030519,-0.00189215
26.86915286,0.00122074,0.00146489
26.87715286,0.00134281,0.00000000
26.88515286,0.00024415,0.00402844
26.89315286,0.00653096,-0.00305185
26.90115286,0.00378430,-0.00280770
26.90915286,-0.00067141,-0.00634785
26.91715286,0.00604266,-0.00079348
26.92515286,0.00805689,0.00451674
26.93315286,0.00024415,0.00640889
26.94115286,-0.00195318,0.00073244
26.94915286,0.00335704,-0.00115970
26.95715286,0.00012207,-0.00329600
26.96515286,0.00286874,0.00238044
26.97315286,0.00250252,0.00134281
26.98115286,0.00262459,-0.00518815
26.98915286,0.00238044,-0.00244148
26.99715286,-0.00177007,-0.00207526
27.00515286,0.00299081,-0.00396741
27.01315286,0.00201422,-0.00567644
27.02115286,0.00170904,-0.00152593
27.02915286,-0.00518815,-0.00646992
27.03715286,0.00250252,-0.00775170
27.04515286,-0.00128178,-0.00518815
27.05315286,-0.00042726,-0.00366222
27.06115286,0.00451674,-0.00518815
27.06915286,-0.00177007,-0.00018311
27.07715286,0.00488296,0.00000000
27.08515286,0.00122074,-0.00378430
27.09315286,0.00238044,-0.00103763
27.10115286,-0.00305185,-0.00610370
27.10915286,0.00250252,0.00109867
27.11715286,0.00604266,-0.00189215
27.12515286,0.00274667,-0.00219733
27.13315286,-0.00018311,0.00085452
27.14115286,0.00073244,-0.00872829
27.14915286,0.00036622,-0.00585955
27.15715286,0.00146489,-0.00445570
27.16515286,0.00061037,-0.00091556
27.17315286,0.00299081,-0.00018311
27.18115286,-0.00018311,0.00048830
27.18915286,0.00769066,-0.00128178
27.19715286,0.00158696,0.00213630
27.20515286,-0.00482192,-0.00555437
27.21315286,0.00415052,-0.00280770
27.22115285,-0.00195318,-0.00115970
27.22915285,-0.00079348,-0.00280770
27.23715285,-0.00366222,-0.00494400
27.24515285,-0.00195318,-0.00317392
27.25315285,-0.00054933,0.00335704
27.26115285,0.00073244,-0.00445570
27.26915285,0.00146489,-0.00305185
27.27715285,-0.00042726,-0.00756859
27.28515285,0.00158696,0.00085452
27.29315285,0.00274667,0.00183111
27.30115285,-0.00079348,-0.00219733
27.30915285,0.00488296,0.00024415
27.31715285,0.00085452,-0.00396741
27.32515285,0.00097659,0.00158696
27.33315285,0.00311289,-0.00421155
27.34115285,0.00592059,0.00213630
27.34915285,0.00262459,-0.00408948
27.35715285,-0.00256355,-0.00720237
27.36515285,0.00653096,-0.00256355
27.37315285,0.00415052,-0.00494400
27.38115285,0.00286874,-0.00622578
27.38915285,-0.00256355,-0.00280770
27.39715285,-0.00079348,-0.00140385
27.40515285,-0.00042726,-0.00268563
27.41315285,-0.00067141,-0.00292978
27.42115285,0.00061037,-0.00305185
27.42915285,0.00122074,-0.00744652
27.43715285,0.00567644,-0.00433363
27.44515285,0.00427259,-0.00115970
27.45315285,0.00036622,-0.00421155
27.46115285,0.00158696,-0.00836207
27.46915285,0.00262459,-0.00567644
27.47715285,0.00274667,-0.00610370
27.48515285,0.00189215,-0.00469985
27.49315285,-0.00268563,-0.00671407
27.50115285,0.00726341,-0.01037629
27.50915285,0.00274667,-0.00329600
27.51715285,0.00000000,-0.00683615
27.52515285,0.00567644,-0.00744652
27.53315285,0.00451674,-0.00421155
27.54115285,0.00061037,-0.00622578
27.54915285,-0.00292978,-0.00054933
27.55715285,0.00274667,-0.00164800
27.56515285,0.00061037,-0.00756859
27.57315284,0.00250252,-0.00720237
27.58115284,0.00488296,-0.01123081
27.58915284,-0.00054933,-0.00756859
27.59715284,0.00427259,-0.00964385
27.60515284,0.00048830,-0.00567644
27.61315284,0.00567644,-0.01049837
27.62115284,0.00347911,-0.00848415
27.62915284,0.00109867,-0.00646992
27.63715284,-0.00195318,-0.00720237
27.64515284,-0.00091556,-0.00921659
27.65315284,-0.00115970,-0.00775170
27.66115284,0.00335704,-0.00622578
27.66915284,0.00097659,-0.01135289
27.67715284,0.00677511,-0.00836207
27.68515284,0.00274667,-0.00732444
27.69315284,-0.00152593,-0.01062044
27.70115284,0.00201422,-0.01416059
27.70915284,0.00158696,-0.01568651
27.71715284,0.00714133,-0.01239051
27.72515284,-0.00140385,-0.01214637
27.73315284,0.00347911,-0.00622578
27.74115284,0.00579852,-0.01428266
27.74915284,0.00158696,-0.01403851
27.75715284,0.00097659,-0.01251259
27.76515284,0.00878933,-0.00964385
27.77315284,0.00439467,-0.01654103
27.78115284,0.00085452,-0.01263466
27.78915284,0.00390637,-0.00921659
27.79715284,-0.00384533,-0.00555437
27.80515284,0.00451674,-0.01062044
27.81315284,-0.00091556,-0.01428266
27.82115284,0.00122074,-0.01049837
27.82915284,0.00250252,-0.01501511
27.83715284,0.00036622,-0.01342814
27.84515284,0.00262459,-0.01605274
27.85315284,0.00451674,-0.01367229
27.86115284,0.00250252,-0.00824000
27.86915284,-0.00091556,-0.01525925
27.87715284,-0.00280770,-0.01403851
27.88515284,0.00653096,-0.01300089
27.89315284,0.00402844,-0.01165807
27.90115284,-0.00018311,-0.00976592
27.90915284,-0.00042726,-0.01525925
27.91715284,0.00048830,-0.01086459
27.92515284,0.00000000,-0.01135289
27.93315283,0.00512711,-0.01556444
27.94115283,0.00189215,-0.00976592
27.94915283,0.00158696,-0.01477096
27.95715283,0.00048830,-0.01379437
27.96515283,0.00158696,-0.01110874
27.97315283,0.00146489,-0.01617481
27.98115283,0.00335704,-0.01544237
27.98915283,-0.00067141,-0.00976592
27.99715283,-0.00128178,-0.01379437
28.00515283,0.00109867,-0.00787378
28.01315283,-0.00244148,-0.00897244
28.02115283,-0.00103763,-0.01300089
28.02915283,0.00262459,-0.01525925
28.03715283,-0.00030519,-0.00909452
28.04515283,0.00378430,-0.00720237
28.05315283,-0.00018311,-0.00860622
28.06115283,0.00299081,-0.01001007
28.06915283,0.00122074,-0.01391644
28.07715283,0.00378430,-0.01715140
28.08515283,-0.00091556,-0.00933866
28.09315283,0.00360118,-0.01312296
28.10115283,-0.00030519,-0.00860622
28.10915283,0.00073244,-0.01214637
28.11715283,0.00299081,-0.00860622
28.12515283,-0.00054933,-0.01165807
28.13315283,-0.00091556,-0.01025422
28.14115283,0.00262459,-0.01202429
28.14915283,0.00274667,-0.01342814
28.15715283,-0.00244148,-0.01062044
28.16515283,-0.00115970,-0.01153600
28.17315283,0.00170904,-0.01110874
28.18115283,0.00390637,-0.00720237
28.18915283,0.00262459,-0.00897244
28.19715283,0.00488296,-0.01355022
28.20515283,-0.00018311,-0.01379437
28.21315283,0.00592059,-0.00885037
28.22115283,-0.00231941,-0.00506607
28.22915283,-0.00030519,-0.00933866
28.23715283,-0.00305185,-0.00799585
28.24515283,0.01007111,-0.00976592
28.25315283,0.00323496,-0.00756859
28.26115283,0.00628681,-0.01074252
28.26915283,0.00109867,-0.00518815
28.27715283,-0.00018311,-0.00128178
28.28515282,0.00000000,-0.01501511
28.29315282,0.00012207,-0.00860622
28.30115282,0.00036622,-0.01214637
28.30915282,0.00451674,-0.00885037
28.31715282,-0.00042726,-0.00708029
28.32515282,0.00012207,-0.01098666
28.33315282,0.00073244,-0.00494400
28.34115282,0.00189215,-0.00555437
28.34915282,-0.00152593,-0.00775170
28.35715282,-0.00054933,-0.00646992
28.36515282,0.00439467,-0.01123081
28.37315282,-0.00079348,-0.01062044
28.38115282,0.00549333,-0.00543229
28.38915282,-0.00067141,-0.00341807
28.39715282,0.00335704,-0.01178014
28.40515282,-0.00494400,-0.00457778
28.41315282,-0.00280770,-0.00469985
28.42115282,0.00201422,-0.01123081
28.42915282,-0.00231941,-0.00030519
28.43715282,0.00579852,-0.00317392
28.44515282,0.00299081,-0.00585955
28.45315282,0.00311289,-0.00433363
28.46115282,-0.00128178,-0.00598163
28.46915282,-0.00469985,-0.00543229
28.47715282,0.00701926,-0.00366222
28.48515282,-0.00067141,-0.01568651
28.49315282,0.00097659,-0.01013215
28.50115282,0.00250252,-0.00555437
28.50915282,0.00109867,-0.00445570
28.51715282,-0.00317392,-0.00824000
28.52515282,-0.00518815,-0.00799585
28.53315282,0.00427259,-0.00671407
28.54115282,-0.00103763,-0.01178014
28.54915282,-0.00256355,-0.00860622
28.55715282,-0.00128178,-0.00598163
28.56515282,0.00146489,-0.01074252
28.57315282,-0.00128178,-0.00567644
28.58115282,0.00036622,-0.00054933
28.58915282,0.00524918,-0.00366222
28.59715282,-0.00128178,-0.00732444
28.60515282,-0.00128178,-0.01440474
28.61315282,-0.00067141,-0.00152593
28.62115282,0.00299081,-0.00067141
28.62915282,0.00463881,-0.00720237
28.63715281,0.00146489,-0.00836207
28.64515281,-0.00585955,-0.00408948
28.65315281,-0.00067141,-0.00079348
28.66115281,0.00415052,-0.01403851
28.66915281,0.00311289,-0.00909452
28.67715281,-0.00329600,0.00146489
28.68515281,-0.00219733,-0.00231941
28.69315281,0.00604266,-0.00683615
28.70115281,0.00085452,-0.00988800
28.70915281,0.00335704,0.00183111
28.71715281,-0.00140385,-0.00231941
28.72515281,0.00299081,-0.01391644
28.73315281,-0.00177007,-0.01025422
28.74115281,-0.00268563,-0.00506607
28.74915281,0.00274667,-0.00341807
28.75715281,-0.00115970,-0.01086459
28.76515281,0.00311289,-0.01110874
28.77315281,-0.00231941,-0.00708029
28.78115281,-0.00030519,-0.01025422
28.78915281,0.00250252,-0.00775170
28.79715281,-0.00268563,-0.00756859
28.80515281,0.00158696,-0.00341807
28.81315281,0.00122074,-0.00231941
28.82115281,0.00048830,-0.00531022
28.82915281,0.00274667,-0.00964385
28.83715281,0.00415052,-0.00610370
28.84515281,0.00238044,-0.00720237
28.85315281,0.00097659,-0.01178014
28.86115281,0.00189215,-0.00457778
28.86915281,0.00024415,-0.00671407
28.87715281,0.00311289,-0.00744652
28.88515281,-0.00128178,-0.00622578
28.89315281,0.00463881,-0.01251259
28.90115281,0.00061037,-0.01178014
28.90915281,-0.00152593,-0.01202429
28.91715281,-0.00067141,-0.00433363
28.92515281,0.00323496,-0.01074252
28.93315281,0.00323496,-0.00531022
28.94115281,0.00579852,-0.01178014
28.94915281,-0.00067141,-0.01153600
28.95715281,-0.00305185,-0.01312296
28.96515281,0.00299081,-0.01037629
28.97315281,-0.00268563,-0.01489303
28.98115281,0.00347911,-0.00860622
28.98915280,-0.00164800,-0.00811792
28.99715280,0.00653096,-0.01403851
29.00515280,0.00109867,-0.01074252
29.01315280,0.00012207,-0.01605274
29.02115280,0.00170904,-0.01879940
29.02915280,0.00000000,-0.00756859
29.03715280,0.00134281,-0.00946074
29.04515280,-0.00018311,-0.00885037
29.05315280,0.00189215,-0.01440474
29.06115280,0.00360118,-0.01165807
29.06915280,0.00402844,-0.01062044
29.07715280,-0.00207526,-0.01770074
29.08515280,0.00451674,-0.01367229
29.09315280,-0.00103763,-0.00976592
29.10115280,0.00250252,-0.01165807
29.10915280,-0.00231941,-0.01049837
29.11715280,-0.00506607,-0.01403851
29.12515280,0.00189215,-0.01745659
29.13315280,0.00378430,-0.01324503
29.14115280,0.00085452,-0.01525925
29.14915280,0.00286874,-0.01342814
29.15715280,0.00085452,-0.01593066
29.16515280,0.00653096,-0.01715140
29.17315280,0.00012207,-0.01403851
29.18115280,-0.00103763,-0.01654103
29.18915280,-0.00115970,-0.01367229
29.19715280,0.00189215,-0.01513718
29.20515280,-0.00256355,-0.01391644
29.21315280,0.00073244,-0.01666311
29.22115280,-0.00079348,-0.01580859
29.22915280,-0.00317392,-0.01477096
29.23715280,-0.00115970,-0.01355022
29.24515280,0.00476089,-0.01324503
29.25315280,-0.00506607,-0.01818903
29.26115280,0.00146489,-0.01428266
29.26915280,0.00061037,-0.01757866
29.27715280,0.00024415,-0.01165807
29.28515280,-0.00115970,-0.01275674
29.29315280,-0.00128178,-0.01605274
29.30115280,0.00134281,-0.00976592
29.30915280,0.00500504,-0.01379437
29.31715280,-0.00091556,-0.00946074
29.32515280,-0.00177007,-0.01025422
29.33315280,-0.00079348,-0.01702933
29.34115279,0.00402844,-0.01324503
29.34915279,-0.00231941,-0.01312296
29.35715279,0.00109867,-0.01641896
29.36515279,0.00012207,-0.01178014
29.37315279,0.00097659,-0.01135289
29.38115279,0.00122074,-0.01312296
29.38915279,0.00439467,-0.00872829
29.39715279,0.00225837,-0.01477096
29.40515279,0.00360118,-0.01324503
29.41315279,0.00122074,-0.01501511
29.42115279,-0.00177007,-0.01287881
29.42915279,-0.00140385,-0.00683615
29.43715279,0.00347911,-0.01355022
29.44515279,-0.00115970,-0.00811792
29.45315279,0.00451674,-0.00921659
29.46115279,0.00048830,-0.01580859
29.46915279,0.00390637,-0.01312296
29.47715279,0.00109867,-0.01312296
29.48515279,0.00250252,-0.00811792
29.49315279,0.00549333,-0.01226844
29.50115279,-0.00042726,-0.01544237
29.50915279,0.00830103,-0.00964385
29.51715279,0.00201422,-0.01745659
29.52515279,0.00189215,-0.01544237
29.53315279,0.00048830,-0.01123081
29.54115279,0.00000000,-0.01403851
29.54915279,0.00323496,-0.01251259
29.55715279,0.00213630,-0.01342814
29.56515279,-0.00042726,-0.00506607
29.57315279,0.00024415,-0.01086459
29.58115279,-0.00042726,-0.01214637
29.58915279,0.00476089,-0.01428266
29.59715279,0.00311289,-0.01275674
29.60515279,-0.00622578,-0.01342814
29.61315279,0.00201422,-0.01178014
29.62115279,0.00347911,-0.01202429
29.62915279,0.00146489,-0.01544237
29.63715279,-0.00177007,-0.00775170
29.64515279,-0.00103763,-0.01464888
29.65315279,0.00073244,-0.00872829
29.66115279,-0.00042726,-0.00824000
29.66915279,-0.00244148,-0.01062044
29.67715279,0.00335704,-0.01110874
29.68515279,0.00616474,-0.00836207
29.69315279,-0.00067141,-0.01239051
29.70115278,0.00299081,-0.01239051
29.70915278,-0.00268563,-0.01001007
29.71715278,0.00097659,-0.01135289
29.72515278,0.00024415,-0.01226844
29.73315278,-0.00207526,-0.01013215
29.74115278,0.00109867,-0.00646992
29.74915278,0.00335704,-0.01263466
29.75715278,0.00335704,-0.00775170
29.76515278,-0.00280770,-0.00885037
29.77315278,-0.00079348,-0.01287881
29.78115278,0.00390637,-0.00720237
29.78915278,0.00061037,-0.01178014
29.79715278,0.00335704,-0.01062044
29.80515278,-0.00115970,-0.00744652
29.81315278,0.00311289,-0.01013215
29.82115278,-0.00115970,-0.00946074
29.82915278,-0.00231941,-0.00506607
29.83715278,-0.00030519,-0.01086459
29.84515278,0.00073244,-0.00567644
29.85315278,-0.00152593,-0.01202429
29.86115278,0.00537126,-0.01263466
29.86915278,-0.00042726,-0.00408948
29.87715278,-0.00268563,-0.01153600
29.88515278,-0.00280770,-0.01049837
29.89315278,-0.00054933,-0.00610370
29.90115278,-0.00030519,-0.01489303
29.90915278,0.00323496,-0.00445570
29.91715278,-0.00433363,-0.00756859
29.92515278,-0.00079348,-0.00848415
29.93315278,0.00189215,-0.00598163
29.94115278,-0.00103763,-0.00787378
29.94915278,0.00158696,-0.00720237
29.95715278,-0.00354015,-0.01062044
29.96515278,0.00262459,-0.00567644
29.97315278,0.00347911,-0.00933866
29.98115278,0.00299081,-0.00872829
29.98915278,0.00524918,-0.00756859
29.99715278,-0.00103763,-0.01049837
30.00515278,0.00567644,-0.00610370
30.01315278,-0.00103763,-0.00421155
30.02115278,-0.00115970,-0.00787378
30.02915278,0.00549333,-0.00824000
30.03715278,0.00311289,-0.01001007
30.04515278,-0.00292978,-0.00732444
30.05315277,-0.00091556,-0.00433363
30.06115277,0.00048830,-0.00897244
30.06915277,0.00579852,-0.00976592
30.07715277,0.00347911,-0.00933866
30.08515277,0.00036622,-0.00555437
30.09315277,0.00012207,-0.00421155
30.10115277,0.00109867,-0.01178014
30.10915277,0.00048830,-0.00408948
30.11715277,0.00579852,-0.00494400
30.12515277,0.00286874,-0.01086459
30.13315277,0.00024415,-0.00683615
30.14115277,0.00238044,-0.00708029
30.14915277,0.00390637,-0.00708029
30.15715277,0.00189215,-0.00457778
30.16515277,0.00097659,-0.01239051
30.17315277,-0.00292978,-0.01025422
30.18115277,-0.00030519,-0.00872829
30.18915277,0.00549333,-0.00610370
30.19715277,-0.00079348,-0.00921659
30.20515277,0.00390637,-0.00610370
30.21315277,-0.00067141,-0.00567644
30.22115277,-0.00164800,-0.00622578
30.22915277,0.00170904,-0.00646992
30.23715277,0.00170904,-0.01178014
30.24515277,0.00781274,-0.00848415
30.25315277,0.00323496,-0.00708029
30.26115277,0.00866726,-0.00744652
30.26915277,0.00061037,-0.00872829
30.27715277,-0.00256355,-0.00836207
30.28515277,-0.00341807,-0.00933866
30.29315277,-0.00433363,-0.00933866
30.30115277,0.00012207,-0.00610370
30.30915277,-0.00079348,-0.00775170
30.31715277,0.00122074,-0.01287881
30.32515277,-0.00030519,-0.00622578
30.33315277,0.00451674,-0.00445570
30.34115277,-0.00384533,-0.00305185
30.34915277,-0.00354015,-0.00555437
30.35715277,0.00012207,-0.00610370
30.36515277,0.00189215,-0.00683615
30.37315277,0.00201422,-0.00518815
30.38115277,-0.00164800,-0.00091556
30.38915277,0.00463881,-0.00946074
30.39715277,-0.00079348,-0.00469985
30.40515276,0.00463881,-0.00659200
30.41315276,0.00286874,-0.00445570
30.42115276,-0.00091556,-0.00457778
30.42915276,0.00012207,-0.00469985
30.43715276,0.00024415,-0.00378430
30.44515276,-0.00128178,-0.00824000
30.45315276,0.00213630,-0.00824000
30.46115276,0.00158696,-0.00848415
30.46915276,0.00689718,-0.00634785
30.47715276,0.00311289,-0.00555437
30.48515276,-0.00128178,-0.00366222
30.49315276,-0.00152593,-0.00659200
30.50115276,0.00451674,-0.00341807
30.50915276,0.00238044,-0.00079348
30.51715276,0.00122074,-0.00378430
30.52515276,0.00225837,-0.00634785
30.53315276,-0.00054933,-0.00518815
30.54115276,0.00189215,-0.00457778
30.54915276,0.00134281,-0.00128178
30.55715276,0.00085452,-0.00268563
30.56515276,0.00274667,-0.00482192
30.57315276,0.00311289,0.00073244
30.58115276,0.00134281,-0.00329600
30.58915276,-0.00091556,-0.00457778
30.59715276,0.00170904,-0.00366222
30.60515276,0.00238044,-0.00445570
30.61315276,0.00134281,-0.00555437
30.62115276,0.00390637,-0.00732444
30.62915276,-0.00366222,-0.00329600
30.63715276,0.00415052,0.00201422
30.64515276,0.00524918,0.00024415
30.65315276,0.00439467,-0.00683615
30.66115276,0.00061037,-0.00683615
30.66915276,0.00036622,-0.00115970
30.67715276,0.00122074,-0.00720237
30.68515276,0.00537126,-0.00177007
30.69315276,0.00378430,0.00463881
30.70115276,-0.00030519,-0.00164800
30.70915276,-0.00421155,0.00201422
30.71715276,0.00024415,-0.00244148
30.72515276,-0.00054933,-0.00292978
30.73315276,0.00048830,0.00134281
30.74115276,-0.00445570,0.00274667
30.74915276,0.00250252,-0.00054933
30.75715275,-0.00164800,0.00000000
30.76515275,0.00073244,0.00524918
30.77315275,0.00323496,0.00134281
30.78115275,0.00311289,-0.00219733
30.78915275,-0.00091556,0.00097659
30.79715275,-0.00305185,0.00427259
30.80515275,0.00262459,0.00109867
30.81315275,0.00567644,0.00085452
30.82115275,-0.00207526,0.00415052
30.82915275,-0.00164800,0.00500504
30.83715275,0.00000000,0.00158696
30.84515275,0.00000000,-0.00469985
30.85315275,0.00476089,0.00201422
30.86115275,0.00323496,0.00170904
30.86915275,0.00451674,0.01055940
30.87715275,0.00262459,0.00500504
30.88515275,0.00012207,0.00463881
30.89315275,-0.00268563,0.00024415
30.90115275,0.00024415,0.00372326
30.90915275,0.00213630,0.00427259
30.91715275,0.00250252,0.00170904
30.92515275,-0.00244148,0.00415052
30.93315275,-0.00079348,0.00500504
30.94115275,0.00463881,0.00640889
30.94915275,-0.00042726,-0.00018311
30.95715275,0.00378430,0.00109867
30.96515275,0.00122074,0.00579852
30.97315275,0.00604266,0.00286874
30.98115275,0.00097659,-0.00531022
30.98915275,-0.00366222,0.00689718
30.99715275,0.00476089,0.00238044
31.00515275,-0.00268563,0.00439467
31.01315275,0.00122074,0.00201422
31.02115275,0.00402844,0.00061037
31.02915275,0.00048830,0.00146489
31.03715275,-0.00054933,0.00311289
31.04515275,-0.00103763,0.00592059
31.05315275,0.00225837,0.00274667
31.06115275,0.00335704,-0.00030519
31.06915275,0.00158696,0.00439467
31.07715275,0.00000000,-0.00079348
31.08515275,-0.00018311,0.00689718
31.09315275,-0.00018311,0.00878933
31.10115275,-0.00079348,0.00463881
31.10915274,0.00073244,0.00561541
31.11715274,-0.00042726,0.00677511
31.12515274,-0.00030519,0.00689718
31.13315274,0.00415052,0.00201422
31.14115274,-0.00091556,-0.00054933
31.14915274,-0.00219733,-0.00054933
31.15715274,0.00225837,0.00085452
31.16515274,0.00225837,0.00073244
31.17315274,0.00262459,0.01171911
31.18115274,0.00378430,0.00225837
31.18915274,0.00189215,0.00250252
31.19715274,-0.00305185,0.00842311
31.20515274,0.00323496,0.00793481
31.21315274,-0.00231941,-0.00042726
31.22115274,0.00024415,0.00640889
31.22915274,0.00238044,-0.00140385
31.23715274,-0.00152593,-0.00408948
31.24515274,0.00238044,0.00085452
31.25315274,0.00378430,0.00024415
31.26115274,-0.00054933,0.00036622
31.26915274,0.00122074,0.00000000
31.27715274,0.00085452,0.00158696
31.28515274,0.00427259,0.00286874
31.29315274,0.00036622,0.00274667
31.30115274,0.00061037,0.00286874
31.30915274,-0.00140385,0.00628681
31.31715274,0.00097659,0.00842311
31.32515274,0.00158696,0.00036622
31.33315274,-0.00396741,0.00323496
31.34115274,0.00299081,0.00048830
31.34915274,0.00262459,0.00000000
31.35715274,-0.00317392,0.00323496
31.36515274,-0.00115970,-0.00268563
31.37315274,-0.00177007,-0.00128178
31.38115274,-0.00317392,-0.00091556
31.38915274,0.00134281,0.00463881
31.39715274,0.00048830,-0.00018311
31.40515274,0.00012207,-0.00042726
31.41315274,0.00201422,0.00390637
31.42115274,0.00567644,-0.00067141
31.42915274,0.00402844,0.00109867
31.43715274,0.00311289,0.00262459
31.44515274,0.00274667,0.00311289
31.45315274,0.00213630,-0.00433363
31.46115274,-0.00292978,-0.00091556
31.46915273,0.00201422,0.00085452
31.47715273,0.00250252,0.00134281
31.48515273,0.00170904,-0.00622578
31.49315273,0.00201422,-0.00354015
31.50115273,-0.00164800,-0.00177007
31.50915273,-0.00079348,-0.00042726
31.51715273,0.00701926,-0.00567644
31.52515273,-0.00067141,0.00238044
31.53315273,0.00097659,-0.00280770
31.54115273,0.00463881,-0.00329600
31.54915273,0.00073244,0.00000000
31.55715273,0.00036622,-0.00543229
31.56515273,-0.00598163,-0.00103763
31.57315273,0.00250252,-0.00445570
31.58115273,0.00549333,-0.00366222
31.58915273,0.00347911,-0.00341807
31.59715273,0.00213630,-0.00408948
31.60515273,0.00201422,-0.00305185
31.61315273,0.00360118,-0.00543229
31.62115273,0.00238044,-0.00091556
31.62915273,-0.00067141,-0.00408948
31.63715273,0.00250252,-0.00567644
31.64515273,0.00097659,-0.00494400
31.65315273,-0.00341807,-0.00824000
31.66115273,0.00073244,-0.00408948
31.66915273,0.00378430,-0.00189215
31.67715273,0.00323496,-0.00531022
31.68515273,0.00299081,-0.00531022
31.69315273,0.00170904,-0.00469985
31.70115273,0.00537126,-0.00408948
31.70915273,-0.00128178,-0.00824000
31.71715273,-0.00103763,-0.00305185
31.72515273,0.00000000,-0.00408948
31.73315273,0.00000000,-0.00555437
31.74115273,0.00073244,-0.00268563
31.74915273,0.00109867,-0.00787378
31.75715273,0.00170904,-0.00732444
31.76515273,0.00134281,0.00073244
31.77315273,0.00122074,-0.00946074
31.78115273,0.00512711,-0.00256355
31.78915273,-0.00177007,-0.01263466
31.79715273,0.00476089,-0.00482192
31.80515273,-0.00140385,-0.00897244
31.81315273,0.00323496,-0.00836207
31.82115272,0.00170904,-0.00964385
31.82915272,0.00488296,-0.00585955
31.83715272,0.00616474,-0.00683615
31.84515272,0.00512711,-0.00518815
31.85315272,-0.00573748,-0.00976592
31.86115272,-0.00067141,-0.01086459
31.86915272,-0.00256355,-0.00933866
31.87715272,0.00616474,-0.01123081
31.88515272,-0.00207526,-0.00585955
31.89315272,0.00073244,-0.01300089
31.90115272,0.00225837,-0.00836207
31.90915272,0.00524918,-0.01178014
31.91715272,0.00170904,-0.01062044
31.92515272,0.00415052,-0.00946074
31.93315272,0.00451674,-0.01123081
31.94115272,0.00122074,-0.01477096
31.94915272,0.00158696,-0.01226844
31.95715272,-0.00091556,-0.00811792
31.96515272,-0.00018311,-0.00909452
31.97315272,0.00653096,-0.01135289
31.98115272,0.00274667,-0.01452681
31.98915272,0.00122074,-0.01745659
31.99715272,0.00109867,-0.01239051
32.00515272,0.00097659,-0.01568651
32.01315272,0.00238044,-0.01391644
32.02115272,0.00286874,-0.01251259
32.02915272,-0.00042726,-0.01178014
32.03715272,0.00549333,-0.01440474
32.04515272,0.00567644,-0.01947081
32.05315272,-0.00280770,-0.01733451
32.06115272,0.00085452,-0.01062044
32.06915272,0.00085452,-0.01342814
32.07715272,0.00390637,-0.01690725
32.08515272,-0.00128178,-0.01263466
32.09315272,0.00451674,-0.01440474
32.10115272,0.00170904,-0.01464888
32.10915272,0.00134281,-0.01367229
32.11715272,0.00146489,-0.01489303
32.12515272,0.00048830,-0.01452681
32.13315272,0.00000000,-0.01263466
32.14115272,0.00225837,-0.02020325
32.14915272,0.00213630,-0.01806696
32.15715272,0.00360118,-0.01971496
32.16515272,0.00085452,-0.01239051
32.17315271,-0.00683615,-0.01428266
32.18115271,-0.00030519,-0.01855525
32.18915271,0.00048830,-0.01605274
32.19715271,0.00299081,-0.01855525
32.20515271,0.00286874,-0.02136296
32.21315271,0.00677511,-0.02233955
32.22115271,0.00170904,-0.02209540
32.22915271,0.00146489,-0.02362133
32.23715271,-0.00128178,-0.02008118
32.24515271,-0.00164800,-0.01855525
32.25315271,0.00427259,-0.02221747
32.26115271,-0.00292978,-0.02349925
32.26915271,0.00201422,-0.02337718
32.27715271,-0.00494400,-0.02056948
32.28515271,0.00653096,-0.02386547
32.29315271,-0.00054933,-0.01892148
32.30115271,0.00262459,-0.02850429
32.30915271,-0.00103763,-0.02587970
32.31715271,0.00061037,-0.02490310
32.32515271,0.00335704,-0.02044740
32.33315271,-0.00115970,-0.02740562
32.34115271,0.00512711,-0.02661214
32.34915271,0.00250252,-0.02600177
32.35715271,0.00000000,-0.02893155
32.36515271,-0.00280770,-0.02337718
32.37315271,-0.00042726,-0.02337718
32.38115271,0.00122074,-0.02136296
32.38915271,0.00146489,-0.02789392
32.39715271,-0.00164800,-0.02398755
32.40515271,-0.00030519,-0.03070162
32.41315271,0.00549333,-0.02008118
32.42115271,0.00537126,-0.03039644
32.42915271,0.00073244,-0.02246162
32.43715271,-0.00317392,-0.02691733
32.44515271,-0.00152593,-0.02862636
32.45315271,0.00000000,-0.02575762
32.46115271,0.00073244,-0.03106784
32.46915271,-0.00244148,-0.02716147
32.47715271,0.00073244,-0.03167821
32.48515271,0.00390637,-0.02490310
32.49315271,0.00286874,-0.02941984
32.50115271,-0.00079348,-0.01879940
32.50915271,0.00347911,-0.02502518
32.51715271,0.00689718,-0.02502518
32.52515270,0.00628681,-0.02514725
32.53315270,0.00323496,-0.03357036
32.54115270,0.00628681,-0.02325510
32.54915270,0.00189215,-0.03015229
32.55715270,-0.00115970,-0.02246162
32.56515270,-0.00152593,-0.02600177
32.57315270,0.00299081,-0.02337718
32.58115270,-0.00091556,-0.02539140
32.58915270,0.00537126,-0.03106784
32.59715270,0.00347911,-0.03192236
32.60515270,0.00335704,-0.02703940
32.61315270,0.00360118,-0.02246162
32.62115270,0.00225837,-0.03082369
32.62915270,0.00299081,-0.02740562
32.63715270,-0.00256355,-0.02691733
32.64515270,0.00567644,-0.02941984
32.65315270,0.00286874,-0.02471999
32.66115270,0.00061037,-0.02563555
32.66915270,0.00274667,-0.02612384
32.67715270,0.00238044,-0.03118992
32.68515270,0.00158696,-0.02661214
32.69315270,0.00476089,-0.02172918
32.70115270,-0.00695822,-0.02862636
32.70915270,-0.00305185,-0.02514725
32.71715270,0.00036622,-0.02514725
32.72515270,0.00048830,-0.02624592
32.73315270,-0.00384533,-0.02636799
32.74115270,0.00476089,-0.01995911
32.74915270,0.00451674,-0.02539140
32.75715270,0.00189215,-0.02728355
32.76515270,-0.00091556,-0.02349925
32.77315270,0.00390637,-0.02362133
32.78115270,-0.00091556,-0.02148503
32.78915270,-0.00207526,-0.02008118
32.79715270,-0.00042726,-0.02423170
32.80515270,0.00213630,-0.02447584
32.81315270,0.00134281,-0.02124088
32.82115270,-0.00268563,-0.02349925
32.82915270,-0.00042726,-0.01782281
32.83715270,0.00109867,-0.02246162
32.84515270,-0.00354015,-0.02044740
32.85315270,-0.00244148,-0.02526933
32.86115270,0.00061037,-0.02349925
32.86915270,-0.00115970,-0.01715140
32.87715269,-0.00256355,-0.02246162
32.88515269,-0.00329600,-0.01794488
32.89315269,0.00122074,-0.02374340
32.90115269,0.00286874,-0.01904355
32.90915269,-0.00396741,-0.01690725
32.91715269,0.00604266,-0.01831111
32.92515269,0.00665304,-0.01904355
32.93315269,0.00653096,-0.02032533
32.94115269,-0.00256355,-0.01855525
32.94915269,-0.00244148,-0.01556444
32.95715269,0.00714133,-0.01275674
32.96515269,-0.00115970,-0.01757866
32.97315269,-0.00280770,-0.02032533
32.98115269,-0.00396741,-0.02056948
32.98915269,0.00537126,-0.01501511
32.99715269,-0.00079348,-0.01367229
33.00515269,0.00476089,-0.01690725
33.01315269,0.00109867,-0.01934873
33.02115269,-0.00067141,-0.01959288
33.02915269,0.00415052,-0.01239051
33.03715269,0.00024415,-0.01287881
33.04515269,-0.00164800,-0.01477096
33.05315269,0.00213630,-0.01513718
33.06115269,0.00537126,-0.01544237
33.06915269,-0.00408948,-0.01086459
33.07715269,0.00189215,-0.01037629
33.08515269,-0.00219733,-0.01153600
33.09315269,-0.00103763,-0.00976592
33.10115269,-0.00054933,-0.01263466
33.10915269,-0.00256355,-0.00848415
33.11715269,-0.00268563,-0.00799585
33.12515269,0.00213630,-0.00720237
33.13315269,-0.00091556,-0.00860622
33.14115269,0.00378430,-0.01013215
33.14915269,-0.00164800,-0.01013215
33.15715269,-0.00384533,-0.01110874
33.16515269,0.00335704,-0.01074252
33.17315269,0.00213630,-0.01300089
33.18115269,0.00073244,-0.00695822
33.18915269,-0.00128178,-0.00329600
33.19715269,-0.00018311,-0.00799585
33.20515269,0.00048830,-0.01214637
33.21315269,0.00134281,-0.00708029
33.22115269,-0.00195318,-0.00396741
33.22915269,0.00225837,-0.01275674
33.23715268,0.00073244,-0.00506607
33.24515268,0.00061037,-0.00848415
33.25315268,-0.00231941,-0.00775170
33.26115268,0.00048830,-0.00683615
33.26915268,-0.00128178,-0.01153600
33.27715268,-0.00408948,-0.00518815
33.28515268,0.00378430,-0.00445570
33.29315268,0.00134281,-0.01074252
33.30115268,0.00134281,-0.00683615
33.30915268,-0.00103763,-0.00683615
33.31715268,-0.00140385,-0.00848415
33.32515268,0.00463881,-0.00244148
33.33315268,0.00225837,-0.00354015
33.34115268,0.00201422,-0.01098666
33.34915268,-0.00292978,-0.00341807
33.35715268,0.00024415,-0.00305185
33.36515268,0.00201422,-0.00054933
33.37315268,-0.00268563,-0.00140385
33.38115268,-0.00140385,-0.00585955
33.38915268,0.00073244,-0.00909452
33.39715268,0.00360118,-0.00646992
33.40515268,-0.00030519,-0.00836207
33.41315268,-0.00164800,-0.00799585
33.42115268,-0.00140385,-0.00567644
33.42915268,0.00109867,-0.00256355
33.43715268,0.00500504,-0.00421155
33.44515268,0.00061037,0.00097659
33.45315268,-0.00042726,-0.00189215
33.46115268,-0.00140385,-0.00042726
33.46915268,0.00262459,0.00109867
33.47715268,0.00024415,-0.00329600
33.48515268,-0.00103763,0.00048830
33.49315268,0.00036622,-0.00433363
33.50115268,0.00146489,-0.00256355
33.50915268,0.00036622,-0.00207526
33.51715268,0.00274667,0.00299081
33.52515268,-0.00054933,0.00061037
33.53315268,0.00122074,-0.00378430
33.54115268,0.00616474,-0.00115970
33.54915268,0.00048830,0.00262459
33.55715268,0.00524918,-0.00164800
33.56515268,0.00036622,-0.00585955
33.57315268,-0.00469985,-0.00378430
33.58115268,-0.00067141,0.00036622
33.58915267,-0.00256355,-0.00494400
33.59715267,0.00549333,-0.00445570
33.60515267,-0.00128178,-0.00921659
33.61315267,-0.00860622,-0.00256355
33.62115267,0.00122074,-0.00317392
33.62915267,0.00238044,-0.00177007
33.63715267,0.00097659,-0.00268563
33.64515267,0.00579852,-0.00128178
33.65315267,0.00793481,0.00781274
33.66115267,0.00347911,0.01306192
33.66915267,0.00524918,-0.00128178
33.67715267,-0.00140385,-0.02081362
33.68515267,-0.00531022,-0.03039644
33.69315267,-0.00384533,-0.00396741
33.70115267,0.00262459,0.01104770
33.70915267,0.00756859,0.00854518
33.71715267,0.00689718,-0.00042726
33.72515267,0.00805689,-0.00354015
33.73315267,0.00158696,-0.01416059
33.74115267,-0.00042726,-0.01605274
33.74915267,-0.00164800,-0.01391644
33.75715267,-0.00543229,0.01318400
33.76515267,-0.00799585,0.01989807
33.77315267,0.00738548,0.00488296
33.78115267,0.00061037,-0.00933866
33.78915267,0.00250252,-0.01324503
33.79715267,0.00097659,-0.01037629
33.80515267,-0.00305185,-0.01342814
33.81315267,-0.00231941,-0.00494400
33.82115267,0.00109867,0.01660207
33.82915267,0.00402844,0.01776177
33.83715267,0.00628681,0.00323496
33.84515267,0.01135289,-0.01110874
33.85315267,0.00299081,-0.01098666
33.86115267,-0.00164800,-0.00775170
33.86915267,-0.00030519,-0.00219733
33.87715267,-0.00244148,0.00360118
33.88515267,-0.00115970,0.01422163
33.89315267,-0.00256355,0.00714133
33.90115267,0.00225837,-0.00408948
33.90915267,-0.00018311,-0.01049837
33.91715267,0.00201422,-0.01355022
33.92515267,0.00213630,-0.00219733
33.93315267,-0.00115970,0.00262459
33.94115266,0.00012207,0.00549333
33.94915266,0.00134281,0.00335704
33.95715266,0.00402844,-0.00152593
33.96515266,0.00677511,-0.00909452
33.97315266,0.00451674,-0.01226844
33.98115266,0.00616474,-0.00433363
33.98915266,0.00097659,0.00097659
33.99715266,-0.00244148,0.00402844
34.00515266,-0.00018311,0.00225837
34.01315266,0.00769066,0.00238044
34.02115266,0.00311289,-0.00708029
34.02915266,0.00616474,-0.00732444
34.03715266,0.00878933,-0.00787378
34.04515266,-0.00103763,-0.00433363
34.05315266,0.00024415,-0.00256355
34.06115266,-0.00164800,0.00311289
34.06915266,0.00323496,-0.00164800
34.07715266,-0.00244148,-0.00030519
34.08515266,-0.00219733,-0.00634785
34.09315266,0.00347911,-0.01098666
34.10115266,-0.00018311,-0.00585955
34.10915266,-0.00317392,0.00048830
34.11715266,0.00347911,0.00225837
34.12515266,-0.00396741,-0.00128178
34.13315266,0.00427259,-0.00079348
34.14115266,0.00537126,-0.00030519
34.14915266,0.00476089,-0.00860622
34.15715266,0.00036622,-0.00824000
34.16515266,-0.00152593,-0.00091556
34.17315266,-0.00042726,0.00158696
34.18115266,-0.00091556,-0.00164800
34.18915266,0.00537126,0.00000000
34.19715266,0.00476089,-0.00634785
34.20515266,-0.00256355,-0.01013215
34.21315266,-0.00457778,-0.00634785
34.22115266,-0.00115970,-0.00659200
34.22915266,0.00360118,-0.00909452
34.23715266,0.00158696,-0.00457778
34.24515266,0.00311289,-0.00494400
34.25315266,-0.00042726,-0.00610370
34.26115266,0.00415052,-0.00396741
34.26915266,0.00286874,-0.01049837
34.27715266,-0.00280770,-0.00683615
34.28515266,0.00024415,-0.00219733
34.29315265,0.00158696,-0.00469985
34.30115265,0.00146489,-0.00720237
34.30915265,0.00225837,-0.00445570
34.31715265,0.00262459,-0.00708029
34.32515265,0.00012207,-0.00811792
34.33315265,-0.00115970,-0.00445570
34.34115265,-0.00030519,-0.00207526
34.34915265,0.00000000,-0.00732444
34.35715265,0.00048830,-0.00732444
34.36515265,-0.00268563,-0.00933866
34.37315265,0.00000000,-0.01037629
34.38115265,0.00512711,-0.00543229
34.38915265,0.00170904,-0.00610370
34.39715265,-0.00067141,-0.01153600
34.40515265,0.00122074,-0.01367229
34.41315265,-0.00018311,-0.00909452
34.42115265,-0.00543229,-0.00219733
34.42915265,0.00158696,-0.00933866
34.43715265,0.00537126,-0.01416059
34.44515265,0.00500504,-0.01379437
34.45315265,0.00146489,-0.00720237
34.46115265,-0.00030519,-0.01251259
34.46915265,0.00097659,-0.00531022
34.47715265,-0.00067141,-0.00775170
34.48515265,0.00170904,-0.00720237
34.49315265,-0.00054933,-0.00634785
34.50115265,-0.00030519,-0.00848415
34.50915265,0.00549333,-0.00909452
34.51715265,0.00122074,-0.00933866
34.52515265,0.00085452,-0.01074252
34.53315265,-0.00268563,-0.01037629
34.54115265,0.00097659,-0.00671407
34.54915265,0.00250252,-0.01342814
34.55715265,0.00158696,-0.00775170
34.56515265,0.00201422,-0.01153600
34.57315265,0.00170904,-0.01214637
34.58115265,0.00073244,-0.01153600
34.58915265,-0.00195318,-0.01037629
34.59715265,0.00061037,-0.01263466
34.60515265,0.00201422,-0.01165807
34.61315265,-0.00354015,-0.01013215
34.62115265,0.00726341,-0.01544237
34.62915265,0.00213630,-0.01153600
34.63715265,-0.00469985,-0.00756859
34.64515264,-0.00128178,-0.01086459
34.65315264,-0.00195318,-0.01666311
34.66115264,0.00451674,-0.01342814
34.66915264,0.00274667,-0.01556444
34.67715264,-0.00292978,-0.01831111
34.68515264,0.00134281,-0.01013215
34.69315264,0.00213630,-0.01922666
34.70115264,-0.00207526,-0.01086459
34.70915264,-0.00054933,-0.01556444
34.71715264,-0.00042726,-0.01501511
34.72515264,0.00225837,-0.01617481
34.73315264,0.00012207,-0.01489303
34.74115264,0.00274667,-0.01733451
34.74915264,0.00048830,-0.02185125
34.75715264,0.00189215,-0.01416059
34.76515264,0.00073244,-0.00872829
34.77315264,0.00378430,-0.01745659
34.78115264,-0.00152593,-0.01165807
34.78915264,0.00476089,-0.01904355
34.79715264,0.00286874,-0.01165807
34.80515264,0.00378430,-0.02197333
34.81315264,0.00073244,-0.01757866
34.82115264,0.00756859,-0.01428266
34.82915264,0.00000000,-0.01300089
34.83715264,-0.00433363,-0.01702933
34.84515264,0.00085452,-0.01715140
34.85315264,0.00000000,-0.01556444
34.86115264,0.00097659,-0.01324503
34.86915264,-0.00195318,-0.01654103
34.87715264,-0.00018311,-0.01818903
34.88515264,0.00012207,-0.01617481
34.89315264,0.00122074,-0.01379437
34.90115264,-0.00317392,-0.01715140
34.90915264,0.00286874,-0.01794488
34.91715264,0.00225837,-0.01556444
34.92515264,0.00189215,-0.01287881
34.93315264,0.00579852,-0.01690725
34.94115264,0.00097659,-0.01416059
34.94915264,0.00085452,-0.01525925
34.95715264,0.00335704,-0.00988800
34.96515264,0.00311289,-0.02111881
34.97315264,0.01208533,-0.01690725
34.98115264,0.00378430,-0.01153600
34.98915264,0.00061037,-0.01312296
34.99715264,0.00488296,-0.01629688
35.00515263,-0.00042726,-0.01525925
35.01315263,0.00061037,-0.01190222
35.02115263,-0.00543229,-0.01568651
35.02915263,0.00360118,-0.01879940
35.03715263,0.00109867,-0.01037629
35.04515263,0.00213630,-0.01525925
35.05315263,-0.00195318,-0.01275674
35.06115263,0.00073244,-0.01580859
35.06915263,-0.00329600,-0.01513718
35.07715263,-0.00079348,-0.00848415
35.08515263,0.00146489,-0.01165807
35.09315263,0.00134281,-0.01355022
35.10115263,0.00012207,-0.01324503
35.10915263,-0.00115970,-0.01452681
35.11715263,0.00390637,-0.00799585
35.12515263,-0.00244148,-0.00964385
35.13315263,0.00250252,-0.01239051
35.14115263,-0.00018311,-0.01593066
35.14915263,0.00286874,-0.00921659
35.15715263,0.00866726,-0.01489303
35.16515263,0.00299081,-0.00988800
35.17315263,0.00158696,-0.00885037
35.18115263,0.00170904,-0.00946074
35.18915263,-0.00103763,-0.01300089
35.19715263,-0.00042726,-0.01342814
35.20515263,0.00061037,-0.01342814
35.21315263,-0.00091556,-0.01037629
35.22115263,0.00311289,-0.01391644
35.22915263,-0.00280770,-0.01355022
35.23715263,-0.00366222,-0.01013215
35.24515263,0.00439467,-0.01062044
35.25315263,0.00286874,-0.01165807
35.26115263,0.00201422,-0.01367229
35.26915263,0.00592059,-0.01757866
35.27715263,0.00146489,-0.00946074
35.28515263,-0.00164800,-0.01013215
35.29315263,0.00134281,-0.00708029
35.30115263,-0.00305185,-0.01074252
35.30915263,0.00012207,-0.01086459
35.31715263,0.00146489,-0.00897244
35.32515263,0.00714133,-0.01355022
35.33315263,0.00097659,-0.00708029
35.34115263,0.00286874,-0.01001007
35.34915263,0.00402844,-0.01074252
35.35715262,0.00512711,-0.01251259
35.36515262,0.00000000,-0.00708029
35.37315262,0.00347911,-0.01226844
35.38115262,0.00250252,-0.00634785
35.38915262,-0.00091556,-0.00646992
35.39715262,-0.00329600,-0.01263466
35.40515262,-0.00067141,-0.01001007
35.41315262,-0.00128178,-0.01226844
35.42115262,0.00073244,-0.00732444
35.42915262,-0.00103763,-0.00824000
35.43715262,0.00323496,-0.01013215
35.44515262,0.00415052,-0.01135289
35.45315262,0.00146489,-0.00317392
35.46115262,-0.00067141,-0.00799585
35.46915262,0.00360118,-0.01086459
35.47715262,-0.00115970,-0.00897244
35.48515262,-0.00042726,-0.00555437
35.49315262,0.00286874,-0.01379437
35.50115262,0.00262459,-0.01452681
35.50915262,0.00427259,-0.00518815
35.51715262,0.00286874,-0.00787378
35.52515262,0.00048830,-0.01391644
35.53315262,0.00146489,-0.00671407
35.54115262,0.00360118,-0.00659200
35.54915262,0.00512711,-0.00457778
35.55715262,-0.00115970,-0.00378430
35.56515262,-0.00268563,-0.00598163
35.57315262,0.00189215,-0.00634785
35.58115262,0.00451674,-0.00744652
35.58915262,-0.00231941,-0.00708029
35.59715262,0.00335704,-0.00378430
35.60515262,0.00000000,-0.00909452
35.61315262,0.00579852,-0.00140385
35.62115262,-0.00042726,-0.00482192
35.62915262,-0.00305185,-0.00054933
35.63715262,-0.00268563,-0.00909452
35.64515262,0.00567644,-0.00897244
35.65315262,0.00360118,-0.00366222
35.66115262,0.00201422,-0.00695822
35.66915262,0.00335704,-0.00280770
35.67715262,0.00061037,-0.00207526
35.68515262,0.00579852,-0.00756859
35.69315262,-0.00140385,-0.00695822
35.70115262,0.00170904,-0.00231941
35.70915261,-0.00140385,0.00085452
35.71715261,-0.00280770,-0.00354015
35.72515261,0.00347911,-0.00457778
35.73315261,0.00769066,0.00109867
35.74115261,0.00073244,-0.00268563
35.74915261,-0.00408948,-0.00531022
35.75715261,0.00012207,-0.00433363
35.76515261,0.00311289,0.00097659
35.77315261,0.00097659,-0.00256355
35.78115261,0.00189215,0.00036622
35.78915261,0.00402844,-0.00152593
35.79715261,0.00189215,-0.00341807
35.80515261,0.00311289,-0.00128178
35.81315261,0.00201422,-0.00585955
35.82115261,0.00463881,-0.00219733
35.82915261,0.00262459,-0.00317392
35.83715261,-0.00366222,-0.00469985
35.84515261,-0.00042726,-0.00280770
35.85315261,0.00262459,0.00122074
35.86115261,0.00299081,-0.00103763
35.86915261,-0.00177007,0.00170904
35.87715261,0.00378430,0.00213630
35.88515261,0.00109867,-0.00659200
35.89315261,-0.00030519,-0.00140385
35.90115261,-0.00079348,-0.00177007
35.90915261,0.00524918,-0.00543229
35.91715261,-0.00018311,0.00390637
35.92515261,0.00170904,0.00415052
35.93315261,0.00451674,-0.00433363
35.94115261,0.00451674,-0.00091556
35.94915261,-0.00329600,0.00134281
35.95715261,0.00036622,0.00036622
35.96515261,-0.00103763,0.00024415
35.97315261,0.00512711,0.00000000
35.98115261,0.00262459,-0.00231941
35.98915261,0.00250252,0.00012207
35.99715261,0.00225837,-0.00585955
36.00515261,0.00036622,0.00061037
36.01315261,0.00360118,-0.00067141
36.02115261,0.00213630,0.00500504
36.02915261,0.00170904,-0.00054933
36.03715261,0.00238044,0.00109867
36.04515261,0.00311289,0.00225837
36.05315261,0.00250252,0.00225837
36.06115260,0.00201422,0.00402844
36.06915260,0.00274667,-0.00207526
36.07715260,0.00653096,-0.00396741
36.08515260,0.00250252,-0.00244148
36.09315260,0.00488296,-0.00018311
36.10115260,-0.00018311,-0.00164800
36.10915260,0.00048830,-0.00128178
36.11715260,0.00427259,0.00500504
36.12515260,0.00500504,0.00036622
36.13315260,-0.00103763,-0.00305185
36.14115260,0.00061037,-0.01013215
36.14915260,-0.00079348,0.00061037
36.15715260,0.00189215,-0.00408948
36.16515260,-0.00140385,-0.00378430
36.17315260,0.00158696,0.00250252
36.18115260,0.00640889,-0.00189215
36.18915260,-0.00030519,-0.00775170
36.19715260,0.00463881,-0.00280770
36.20515260,0.00097659,-0.00140385
36.21315260,0.00677511,0.00360118
36.22115260,0.00109867,-0.00634785
36.22915260,0.00122074,-0.00054933
36.23715260,0.00158696,0.00061037
36.24515260,-0.00231941,-0.00115970
36.25315260,0.00170904,0.00225837
36.26115260,0.00250252,-0.00030519
36.26915260,0.00000000,0.00012207
36.27715260,0.00512711,0.00238044
36.28515260,0.00225837,-0.00244148
36.29315260,-0.00256355,0.00109867
36.30115260,0.00213630,0.00183111
36.30915260,0.00476089,0.00274667
36.31715260,0.00134281,-0.00152593
36.32515260,-0.00030519,-0.00207526
36.33315260,0.00463881,-0.00469985
36.34115260,-0.00305185,-0.00506607
36.34915260,0.00158696,-0.00469985
36.35715260,-0.00103763,-0.00189215
36.36515260,0.00286874,-0.00598163
36.37315260,-0.00152593,-0.00177007
36.38115260,0.00323496,-0.00622578
36.38915260,0.00415052,-0.00720237
36.39715260,0.00402844,-0.00634785
36.40515260,0.00701926,-0.00659200
36.41315259,0.00378430,-0.00848415
36.42115259,0.00311289,-0.00543229
36.42915259,0.00061037,-0.00787378
36.43715259,-0.00219733,-0.00280770
36.44515259,0.00360118,-0.01001007
36.45315259,-0.00103763,-0.00219733
36.46115259,0.00170904,0.00158696
36.46915259,0.00189215,-0.00610370
36.47715259,0.00512711,-0.00354015
36.48515259,0.00286874,-0.00494400
36.49315259,0.00146489,-0.00946074
36.50115259,0.00170904,-0.00836207
36.50915259,0.00170904,-0.00567644
36.51715259,0.00323496,-0.00543229
36.52515259,0.00122074,-0.00543229
36.53315259,0.00012207,-0.00531022
36.54115259,0.00347911,-0.00824000
36.54915259,-0.00115970,-0.01226844
36.55715259,0.00085452,-0.01239051
36.56515259,0.00311289,-0.00860622
36.57315259,0.00073244,-0.01025422
36.58115259,0.00390637,-0.01214637
36.58915259,0.00427259,-0.01001007
36.59715259,0.00000000,-0.01165807
36.60515259,0.00323496,-0.01452681
36.61315259,0.00323496,-0.00872829
36.62115259,-0.00140385,-0.00610370
36.62915259,0.00122074,-0.00885037
36.63715259,-0.00054933,-0.01263466
36.64515259,-0.00207526,-0.01251259
36.65315259,0.00415052,-0.01544237
36.66115259,-0.00396741,-0.01110874
36.66915259,0.00592059,-0.01617481
36.67715259,-0.00128178,-0.01715140
36.68515259,0.00201422,-0.01428266
36.69315259,0.00036622,-0.01287881
36.70115259,-0.00140385,-0.01300089
36.70915259,-0.00152593,-0.01214637
36.71715259,-0.00195318,-0.01452681
36.72515259,0.00286874,-0.01367229
36.73315259,-0.00164800,-0.01617481
36.74115259,0.00549333,-0.01971496
36.74915259,0.00061037,-0.01806696
36.75715259,-0.00396741,-0.01843318
36.76515259,0.00000000,-0.01275674
36.77315258,0.00134281,-0.01355022
36.78115258,0.00286874,-0.02233955
36.78915258,-0.00067141,-0.01959288
36.79715258,0.00299081,-0.01525925
36.80515258,-0.00054933,-0.01544237
36.81315258,0.00189215,-0.02111881
36.82115258,-0.00018311,-0.01580859
36.82915258,0.00274667,-0.01922666
36.83715258,0.00134281,-0.02209540
36.84515258,-0.00091556,-0.01971496
36.85315258,0.00347911,-0.01831111
36.86115258,0.00793481,-0.01934873
36.86915258,0.00189215,-0.01831111
36.87715258,0.00524918,-0.02124088
36.88515258,0.00500504,-0.01678518
36.89315258,0.00158696,-0.02459792
36.90115258,-0.00042726,-0.02136296
36.90915258,0.00299081,-0.01983703
36.91715258,0.00000000,-0.02197333
36.92515258,-0.00244148,-0.02008118
36.93315258,0.00073244,-0.02349925
36.94115258,0.00323496,-0.02148503
36.94915258,-0.00054933,-0.02221747
36.95715258,0.00604266,-0.02258370
36.96515258,0.00036622,-0.02526933
36.97315258,-0.00091556,-0.02502518
36.98115258,0.00500504,-0.02160710
36.98915258,-0.00067141,-0.02679525
36.99715258,-0.00518815,-0.02471999
37.00515258,0.00299081,-0.02337718
37.01315258,-0.00177007,-0.02233955
37.02115258,0.00122074,-0.02587970
37.02915258,0.00012207,-0.02764977
37.03715258,0.00158696,-0.02069155
37.04515258,0.00439467,-0.02649007
37.05315258,-0.00354015,-0.02081362
37.06115258,0.00158696,-0.02301096
37.06915258,0.00262459,-0.02185125
37.07715258,-0.00219733,-0.02862636
37.08515258,-0.00042726,-0.02435377
37.09315258,0.00213630,-0.02649007
37.10115258,0.00915555,-0.02490310
37.10915258,0.00488296,-0.02526933
37.11715258,0.00286874,-0.02636799
37.12515257,-0.00042726,-0.02301096
37.13315257,0.00073244,-0.02728355
37.14115257,0.00360118,-0.02337718
37.14915257,0.00170904,-0.02313303
37.15715257,0.00427259,-0.01922666
37.16515257,0.00378430,-0.03118992
37.17315257,-0.00207526,-0.02423170
37.18115257,-0.00103763,-0.02270577
37.18915257,-0.00433363,-0.02246162
37.19715257,0.00402844,-0.02447584
37.20515257,-0.00140385,-0.02148503
37.21315257,-0.00305185,-0.02008118
37.22115257,-0.00445570,-0.02459792
37.22915257,0.00036622,-0.02435377
37.23715257,0.00390637,-0.02575762
37.24515257,0.00000000,-0.02716147
37.25315257,0.00073244,-0.02575762
37.26115257,-0.00219733,-0.02459792
37.26915257,0.00488296,-0.02209540
37.27715257,0.00225837,-0.01855525
37.28515257,0.00024415,-0.02435377
37.29315257,0.00286874,-0.02423170
37.30115257,0.00146489,-0.02282785
37.30915257,-0.00292978,-0.02636799
37.31715257,-0.00585955,-0.01995911
37.32515257,0.00689718,-0.02069155
37.33315257,-0.00164800,-0.02362133
37.34115257,0.00311289,-0.02093570
37.34915257,0.00512711,-0.02233955
37.35715257,0.00085452,-0.01782281
37.36515257,0.00347911,-0.01995911
37.37315257,0.00415052,-0.02587970
37.38115257,-0.00140385,-0.02410962
37.38915257,0.00238044,-0.02069155
37.39715257,0.00451674,-0.02069155
37.40515257,0.00347911,-0.01715140
37.41315257,-0.00268563,-0.01702933
37.42115257,-0.00280770,-0.02124088
37.42915257,0.00073244,-0.01745659
37.43715257,0.00012207,-0.02008118
37.44515257,0.00299081,-0.01983703
37.45315257,0.00189215,-0.02301096
37.46115257,0.00335704,-0.02056948
37.46915257,0.00512711,-0.01715140
37.47715256,-0.00860622,-0.01879940
37.48515256,-0.00164800,-0.01379437
37.49315256,-0.00030519,-0.02160710
37.50115256,0.00048830,-0.01525925
37.50915256,0.00262459,-0.01678518
37.51715256,0.00085452,-0.01678518
37.52515256,0.00360118,-0.01770074
37.53315256,0.00311289,-0.01403851
37.54115256,-0.00469985,-0.01904355
37.54915256,0.00189215,-0.01654103
37.55715256,0.00109867,-0.01794488
37.56515256,0.00286874,-0.01641896
37.57315256,0.00604266,-0.01715140
37.58115256,0.00036622,-0.01477096
37.58915256,0.00225837,-0.01818903
37.59715256,0.00134281,-0.01904355
37.60515256,0.00347911,-0.01501511
37.61315256,0.00286874,-0.01403851
37.62115256,0.00262459,-0.01416059
37.62915256,0.00390637,-0.01867733
37.63715256,0.00463881,-0.01702933
37.64515256,0.00201422,-0.01501511
37.65315256,0.00097659,-0.01617481
37.66115256,-0.00177007,-0.00897244
37.66915256,0.00036622,-0.00671407
37.67715256,0.00756859,-0.01300089
37.68515256,-0.00256355,-0.01715140
37.69315256,-0.00128178,-0.01440474
37.70115256,-0.00091556,-0.01428266
37.70915256,0.00524918,-0.01690725
37.71715256,0.00390637,-0.01300089
37.72515256,-0.00231941,-0.00909452
37.73315256,-0.00018311,-0.01544237
37.74115256,0.00158696,-0.00469985
37.74915256,0.00024415,-0.01165807
37.75715256,0.00274667,-0.01617481
37.76515256,-0.00018311,-0.01226844
37.77315256,0.00000000,-0.00756859
37.78115256,-0.00433363,-0.00744652
37.78915256,0.00512711,-0.00976592
37.79715256,-0.00305185,-0.00622578
37.80515256,-0.00128178,-0.00964385
37.81315256,-0.00598163,-0.00598163
37.82115256,-0.00042726,-0.00244148
37.82915255,0.00677511,-0.00341807
37.83715255,0.00146489,-0.01110874
37.84515255,0.00146489,-0.00756859
37.85315255,0.00225837,-0.01025422
37.86115255,0.00170904,-0.00164800
37.86915255,0.00000000,-0.00775170
37.87715255,0.00061037,-0.00646992
37.88515255,0.00537126,-0.00720237
37.89315255,-0.00231941,-0.00433363
37.90115255,0.00225837,-0.01275674
37.90915255,0.00122074,-0.00872829
37.91715255,0.00378430,-0.00659200
37.92515255,-0.00543229,-0.01001007
37.93315255,0.00122074,-0.00836207
37.94115255,0.00225837,-0.00836207
37.94915255,0.00189215,-0.00366222
37.95715255,0.00946074,-0.00555437
37.96515255,0.00360118,-0.00268563
37.97315255,-0.00177007,-0.00354015
37.98115255,0.00689718,-0.00848415
37.98915255,-0.00128178,-0.00732444
37.99715255,0.00299081,-0.00976592
38.00515255,0.00463881,-0.00659200
38.01315255,0.00299081,-0.00946074
38.02115255,-0.00396741,-0.00848415
38.02915255,0.00061037,-0.00848415
38.03715255,-0.00091556,-0.00836207
38.04515255,0.00146489,-0.00634785
38.05315255,0.00323496,-0.00091556
38.06115255,0.00109867,-0.00244148
38.06915255,0.00415052,-0.00744652
38.07715255,-0.00030519,-0.00482192
38.08515255,-0.00115970,-0.00244148
38.09315255,0.00347911,-0.00598163
38.10115255,0.00537126,-0.00408948
38.10915255,-0.00164800,-0.00421155
38.11715255,0.00299081,-0.00646992
38.12515255,0.00012207,0.00238044
38.13315255,0.00097659,-0.00482192
38.14115255,0.00201422,-0.00708029
38.14915255,-0.00152593,0.00415052
38.15715255,-0.00164800,0.00201422
38.16515255,0.00415052,-0.00030519
38.17315255,0.00640889,-0.00494400
38.18115254,0.00048830,-0.00378430
38.18915254,-0.00207526,-0.00268563
38.19715254,-0.00317392,-0.00091556
38.20515254,0.00024415,-0.00366222
38.21315254,0.00146489,-0.00354015
38.22115254,-0.00152593,-0.00231941
38.22915254,0.00134281,-0.00329600
38.23715254,0.00347911,-0.00268563
38.24515254,0.00000000,0.00012207
38.25315254,0.00170904,-0.00268563
38.26115254,-0.00042726,-0.00396741
38.26915254,0.00592059,-0.00799585
38.27715254,0.00274667,-0.00421155
38.28515254,0.00036622,-0.00189215
38.29315254,-0.00152593,-0.00042726
38.30115254,0.00262459,-0.00567644
38.30915254,-0.00231941,-0.00091556
38.31715254,-0.00140385,0.00085452
38.32515254,0.00402844,0.00073244
38.33315254,0.00201422,-0.00177007
38.34115254,0.00347911,-0.00091556
38.34915254,0.00170904,0.00024415
38.35715254,0.00170904,-0.00164800
38.36515254,-0.00231941,0.00097659
38.37315254,0.00402844,-0.00128178
38.38115254,0.00073244,0.00036622
38.38915254,-0.00341807,-0.00317392
38.39715254,0.00036622,-0.00457778
38.40515254,-0.00292978,-0.00152593
38.41315254,-0.00054933,-0.00622578
38.42115254,0.00427259,-0.00189215
38.42915254,0.00048830,-0.00506607
38.43715254,0.00024415,-0.00231941
38.44515254,0.00323496,0.00238044
38.45315254,-0.00482192,-0.00256355
38.46115254,0.00604266,-0.00396741
38.46915254,0.00122074,0.00085452
38.47715254,-0.00042726,-0.00140385
38.48515254,-0.00091556,-0.00396741
38.49315254,0.00036622,-0.00421155
38.50115254,0.00097659,-0.00317392
38.50915254,-0.00067141,-0.00543229
38.51715254,0.00036622,-0.00408948
38.52515254,0.00225837,-0.00280770
38.53315254,0.00463881,-0.00433363
38.54115253,0.00201422,-0.00268563
38.54915253,0.00048830,-0.00164800
38.55715253,0.00134281,-0.00494400
38.56515253,0.00073244,-0.00543229
38.57315253,-0.00305185,-0.00744652
38.58115253,0.00238044,0.00012207
38.58915253,-0.00140385,-0.00244148
38.59715253,0.00036622,-0.00396741
38.60515253,-0.00079348,-0.00659200
38.61315253,0.00463881,-0.00207526
38.62115253,0.00463881,-0.00531022
38.62915253,-0.00079348,-0.00622578
38.63715253,0.00579852,-0.00683615
38.64515253,0.00012207,-0.01001007
38.65315253,0.00592059,-0.00646992
38.66115253,-0.00140385,-0.00744652
38.66915253,0.00012207,-0.00836207
38.67715253,-0.00341807,-0.00408948
38.68515253,0.00024415,-0.00244148
38.69315253,0.00360118,-0.00396741
38.70115253,0.00097659,-0.00482192
38.70915253,0.00378430,-0.00646992
38.71715253,0.00604266,-0.00177007
38.72515253,-0.00366222,-0.00988800
38.73315253,-0.00164800,-0.00292978
38.74115253,0.00250252,-0.00103763
38.74915253,-0.00408948,-0.00848415
38.75715253,0.00036622,-0.00708029
38.76515253,-0.00231941,-0.00585955
38.77315253,-0.00091556,-0.00268563
38.78115253,0.00000000,-0.00988800
38.78915253,-0.00115970,-0.00824000
38.79715253,0.00274667,-0.00128178
38.80515253,-0.00152593,-0.00964385
38.81315253,-0.00079348,-0.00811792
38.82115253,-0.00396741,-0.01049837
38.82915253,-0.00292978,-0.01098666
38.83715253,-0.00030519,-0.01098666
38.84515253,-0.00292978,-0.00366222
38.85315253,0.00311289,-0.00543229
38.86115253,0.00036622,-0.01153600
38.86915253,-0.00152593,-0.00720237
38.87715253,0.00134281,-0.00732444
38.88515253,0.00189215,-0.01580859
38.89315252,-0.00115970,-0.01239051
38.90115252,0.00201422,-0.00720237
38.90915252,0.00225837,-0.01001007
38.91715252,0.00036622,-0.00708029
38.92515252,0.00451674,-0.01312296
38.93315252,0.00286874,-0.00708029
38.94115252,-0.00054933,-0.01123081
38.94915252,-0.00408948,-0.00836207
38.95715252,0.00170904,-0.01324503
38.96515252,-0.00128178,-0.00708029
38.97315252,0.00286874,-0.01110874
38.98115252,0.00170904,-0.01428266
38.98915252,0.00451674,-0.01025422
38.99715252,-0.00018311,-0.01568651
39.00515252,-0.00030519,-0.01001007
39.01315252,0.00073244,-0.01617481
39.02115252,-0.00115970,-0.01153600
39.02915252,0.00537126,-0.01025422
39.03715252,0.00311289,-0.01525925
39.04515252,-0.00128178,-0.01379437
39.05315252,0.00323496,-0.01464888
39.06115252,0.00048830,-0.01123081
39.06915252,-0.00103763,-0.01715140
39.07715252,0.00488296,-0.01770074
39.08515252,0.00024415,-0.01275674
39.09315252,0.00402844,-0.01629688
39.10115252,0.00146489,-0.01098666
39.10915252,0.00402844,-0.01452681
39.11715252,-0.00030519,-0.01629688
39.12515252,-0.00152593,-0.01025422
39.13315252,-0.00720237,-0.01312296
39.14115252,-0.00482192,-0.00921659
39.14915252,-0.00103763,-0.01062044
39.15715252,0.00250252,-0.01367229
39.16515252,0.00158696,-0.01226844
39.17315252,-0.00366222,-0.01690725
39.18115252,-0.00091556,-0.01074252
39.18915252,-0.00140385,-0.01855525
39.19715252,-0.00103763,-0.01605274
39.20515252,-0.00207526,-0.01062044
39.21315252,-0.00219733,-0.01013215
39.22115252,-0.00195318,-0.01086459
39.22915252,0.00360118,-0.01617481
39.23715252,-0.00079348,-0.01593066
39.24515251,0.00189215,-0.01416059
39.25315251,-0.00079348,-0.01165807
39.26115251,0.00036622,-0.02301096
39.26915251,0.00109867,-0.01855525
39.27715251,-0.00054933,-0.01312296
39.28515251,0.00201422,-0.01403851
39.29315251,0.00463881,-0.01428266
39.30115251,-0.00244148,-0.01226844
39.30915251,0.00524918,-0.01391644
39.31715251,0.00122074,-0.01605274
39.32515251,0.00286874,-0.01556444
39.33315251,0.00085452,-0.01501511
39.34115251,0.00793481,-0.02020325
39.34915251,0.00085452,-0.01452681
39.35715251,0.00085452,-0.01489303
39.36515251,0.00665304,-0.01226844
39.37315251,0.00225837,-0.01892148
39.38115251,-0.00018311,-0.01995911
39.38915251,-0.00079348,-0.01525925
39.39715251,0.00335704,-0.01300089
39.40515251,0.00158696,-0.02044740
39.41315251,-0.00030519,-0.01580859
39.42115251,-0.00115970,-0.01617481
39.42915251,0.00299081,-0.01690725
39.43715251,0.00488296,-0.01239051
39.44515251,-0.00219733,-0.01770074
39.45315251,0.00311289,-0.01678518
39.46115251,-0.00030519,-0.01513718
39.46915251,-0.00128178,-0.01342814
39.47715251,0.00024415,-0.02008118
39.48515251,0.00134281,-0.01794488
39.49315251,0.00073244,-0.01733451
39.50115251,-0.00091556,-0.01794488
39.50915251,0.00415052,-0.01251259
39.51715251,0.00024415,-0.01702933
39.52515251,0.00109867,-0.01525925
39.53315251,0.00170904,-0.01580859
39.54115251,-0.00091556,-0.01165807
39.54915251,-0.00030519,-0.01641896
39.55715251,0.00000000,-0.01782281
39.56515251,0.00488296,-0.00799585
39.57315251,0.00036622,-0.01477096
39.58115251,0.00402844,-0.01715140
39.58915251,-0.00164800,-0.01165807
39.59715250,0.00604266,-0.01715140
39.60515250,-0.00091556,-0.01770074
39.61315250,0.00061037,-0.00897244
39.62115250,0.00335704,-0.01342814
39.62915250,-0.00030519,-0.01251259
39.63715250,-0.00054933,-0.01879940
39.64515250,-0.00128178,-0.01153600
39.65315250,-0.00317392,-0.00811792
39.66115250,0.00201422,-0.01513718
39.66915250,-0.00042726,-0.01843318
39.67715250,0.00323496,-0.01641896
39.68515250,0.00134281,-0.01629688
39.69315250,0.00201422,-0.01367229
39.70115250,0.00701926,-0.00756859
39.70915250,-0.00219733,-0.01110874
39.71715250,-0.00177007,-0.00988800
39.72515250,-0.00219733,-0.01501511
39.73315250,-0.00018311,-0.00897244
39.74115250,0.00347911,-0.01275674
39.74915250,0.00225837,-0.00824000
39.75715250,-0.00573748,-0.01452681
39.76515250,0.00286874,-0.01477096
39.77315250,0.00335704,-0.01110874
39.78115250,0.00427259,-0.01568651
39.78915250,0.00024415,-0.01440474
39.79715250,0.00170904,-0.01556444
39.80515250,-0.00231941,-0.01379437
39.81315250,0.00061037,-0.01226844
39.82115250,0.00274667,-0.00494400
39.82915250,-0.00207526,-0.01239051
39.83715250,0.00097659,-0.01440474
39.84515250,0.00024415,-0.01605274
39.85315250,-0.00292978,-0.01153600
39.86115250,0.00714133,-0.01013215
39.86915250,0.00238044,-0.01300089
39.87715250,0.00225837,-0.00988800
39.88515250,-0.00177007,-0.01300089
39.89315250,0.00250252,-0.01062044
39.90115250,-0.00140385,-0.01110874
39.90915250,0.00097659,-0.01525925
39.91715250,-0.00030519,-0.00964385
39.92515250,-0.00091556,-0.01275674
39.93315250,0.00640889,-0.01275674
39.94115250,0.00170904,-0.01037629
39.94915249,0.00201422,-0.00646992
39.95715249,0.00415052,-0.00799585
39.96515249,0.00061037,-0.01629688
39.97315249,0.00415052,-0.00933866
39.98115249,0.00048830,-0.01037629
39.98915249,-0.00408948,-0.01165807
39.99715249,-0.00042726,-0.01379437
40.00515249,0.00250252,-0.01239051
40.01315249,0.00012207,-0.00543229
40.02115249,0.00061037,-0.01287881
40.02915249,-0.00128178,-0.00756859
40.03715249,0.00689718,-0.00787378
40.04515249,-0.00622578,-0.00585955
40.05315249,0.00592059,-0.01074252
40.06115249,0.00073244,-0.00860622
40.06915249,0.00158696,-0.01226844
40.07715249,-0.00305185,-0.01165807
40.08515249,-0.00268563,-0.00598163
40.09315249,-0.00030519,-0.01416059
40.10115249,-0.00457778,-0.01324503
40.10915249,0.00427259,-0.01239051
40.11715249,0.00567644,-0.01367229
40.12515249,0.00170904,-0.00469985
40.13315249,-0.00054933,-0.01086459
40.14115249,-0.00103763,-0.01190222
40.14915249,-0.00067141,-0.00885037
40.15715249,-0.00195318,-0.01153600
40.16515249,0.00158696,-0.00799585
40.17315249,0.00238044,-0.01098666
40.18115249,-0.00268563,-0.00067141
40.18915249,0.00360118,-0.00885037
40.19715249,0.00036622,-0.00811792
40.20515249,-0.00103763,-0.00756859
40.21315249,0.00170904,-0.00909452
40.22115249,0.00201422,-0.00622578
40.22915249,-0.00140385,-0.00909452
40.23715249,0.00134281,-0.01300089
40.24515249,-0.00067141,-0.01025422
40.25315249,-0.00018311,-0.00836207
40.26115249,0.00085452,-0.00494400
40.26915249,0.00604266,-0.00964385
40.27715249,0.00476089,-0.01037629
40.28515249,-0.00244148,-0.00872829
40.29315249,0.00225837,0.00024415
40.30115249,0.00061037,-0.00848415
40.30915248,0.00201422,-0.00683615
40.31715248,0.00085452,-0.00708029
40.32515248,-0.00042726,-0.00933866
40.33315248,-0.00030519,-0.00494400
40.34115248,0.00000000,-0.00457778
40.34915248,0.00061037,-0.00610370
40.35715248,-0.00207526,-0.00848415
40.36515248,0.00097659,-0.00433363
40.37315248,0.00213630,-0.00164800
40.38115248,-0.00115970,-0.00469985
40.38915248,-0.00366222,-0.01324503
40.39715248,0.00189215,-0.00292978
40.40515248,0.00360118,-0.00860622
40.41315248,0.00109867,-0.00354015
40.42115248,0.00024415,-0.00787378
40.42915248,-0.00115970,-0.00555437
40.43715248,-0.00268563,-0.00421155
40.44515248,0.00488296,-0.00506607
40.45315248,-0.00054933,-0.00720237
40.46115248,0.00250252,-0.01178014
40.46915248,0.00677511,-0.00695822
40.47715248,0.00158696,-0.00976592
40.48515248,-0.00103763,-0.00396741
40.49315248,0.00201422,-0.00341807
40.50115248,0.00335704,-0.00659200
40.50915248,-0.00030519,-0.00720237
40.51715248,0.00512711,-0.00659200
40.52515248,0.00262459,-0.00354015
40.53315248,0.00616474,-0.00518815
40.54115248,-0.00067141,-0.00054933
40.54915248,-0.00030519,-0.00634785
40.55715248,0.00311289,-0.00152593
40.56515248,0.00360118,-0.00354015
40.57315248,0.00463881,0.00134281
40.58115248,0.00134281,-0.01074252
40.58915248,0.00286874,-0.00482192
40.59715248,0.00262459,-0.00292978
40.60515248,0.00360118,-0.00683615
40.61315248,0.00390637,0.00000000
40.62115248,0.00048830,-0.00787378
40.62915248,0.00579852,-0.00744652
40.63715248,0.00073244,-0.00585955
40.64515248,-0.00195318,-0.00341807
40.65315248,0.00738548,-0.00543229
40.66115247,0.00250252,-0.00610370
40.66915247,0.00476089,-0.00189215
40.67715247,0.00299081,-0.01001007
40.68515247,0.00061037,-0.00219733
40.69315247,0.00000000,-0.00341807
40.70115247,0.00225837,-0.00482192
40.70915247,0.00048830,-0.00756859
40.71715247,0.00000000,-0.00732444
40.72515247,0.00592059,-0.00207526
40.73315247,0.00225837,-0.00219733
40.74115247,-0.00091556,-0.00824000
40.74915247,-0.00103763,-0.00671407
40.75715247,-0.00219733,-0.00518815
40.76515247,-0.00195318,-0.00695822
40.77315247,0.00524918,-0.00799585
40.78115247,-0.00384533,-0.00585955
40.78915247,0.00390637,-0.00177007
40.79715247,-0.00042726,-0.00909452
40.80515247,0.00878933,-0.00872829
40.81315247,0.00512711,-0.00189215
40.82115247,0.00286874,-0.00543229
40.82915247,0.00085452,-0.00836207
40.83715247,0.00451674,-0.00824000
40.84515247,-0.00128178,-0.00659200
40.85315247,-0.00195318,-0.00207526
40.86115247,-0.00042726,-0.00933866
40.86915247,-0.00030519,-0.00756859
40.87715247,0.00311289,-0.00518815
40.88515247,-0.00164800,-0.00811792
40.89315247,0.00097659,0.00061037
40.90115247,0.00427259,-0.00103763
40.90915247,0.00402844,-0.00042726
40.91715247,-0.00219733,-0.00445570
40.92515247,0.00048830,-0.01098666
40.93315247,0.00061037,-0.00659200
40.94115247,-0.00408948,-0.00567644
40.94915247,-0.00207526,-0.01062044
40.95715247,0.00299081,-0.00622578
40.96515247,0.00537126,-0.00744652
40.97315247,0.00347911,-0.00433363
40.98115247,-0.00195318,-0.00824000
40.98915247,0.00488296,-0.00610370
40.99715247,-0.00354015,-0.01062044
41.00515247,-0.00091556,-0.00921659
41.01315246,-0.00207526,-0.01086459
41.02115246,0.00170904,-0.00720237
41.02915246,-0.00445570,-0.01239051
41.03715246,-0.00030519,-0.00555437
41.04515246,0.00158696,-0.00775170
41.05315246,0.00000000,-0.00659200
41.06115246,0.00012207,-0.00988800
41.06915246,0.00109867,-0.01001007
41.07715246,0.00158696,-0.01391644
41.08515246,0.00335704,-0.00799585
41.09315246,0.00299081,-0.01098666
41.10115246,0.00170904,-0.01062044
41.10915246,-0.00268563,-0.00421155
41.11715246,-0.00115970,-0.00482192
41.12515246,0.00238044,-0.00732444
41.13315246,-0.00177007,-0.00555437
41.14115246,0.00048830,-0.01263466
41.14915246,0.00347911,-0.00976592
41.15715246,-0.00256355,-0.00634785
41.16515246,0.00640889,-0.01025422
41.17315246,0.00512711,-0.01074252
41.18115246,-0.00128178,-0.01513718
41.18915246,-0.00030519,-0.00988800
41.19715246,-0.00042726,-0.00976592
41.20515246,0.00378430,-0.00787378
41.21315246,0.00323496,-0.00787378
41.22115246,0.00347911,-0.01452681
41.22915246,-0.00366222,-0.00860622
41.23715246,-0.00244148,-0.01287881
41.24515246,0.00012207,-0.01342814
41.25315246,0.00122074,-0.01049837
41.26115246,-0.00054933,-0.01123081
41.26915246,0.00793481,-0.01178014
41.27715246,0.00109867,-0.01324503
41.28515246,0.00665304,-0.01513718
41.29315246,-0.00018311,-0.01617481
41.30115246,-0.00305185,-0.01165807
41.30915246,0.00579852,-0.00933866
41.31715246,0.00311289,-0.00921659
41.32515246,0.00378430,-0.01367229
41.33315246,0.00201422,-0.01110874
41.34115246,0.00146489,-0.01879940
41.34915246,0.00274667,-0.01239051
41.35715246,0.00286874,-0.01794488
41.36515245,0.00122074,-0.01153600
41.37315245,0.00109867,-0.01806696
41.38115245,-0.00079348,-0.01287881
41.38915245,-0.00219733,-0.01617481
41.39715245,0.00604266,-0.01312296
41.40515245,0.00262459,-0.00933866
41.41315245,0.00451674,-0.00732444
41.42115245,-0.00018311,-0.01214637
41.42915245,-0.00067141,-0.01782281
41.43715245,0.00146489,-0.01715140
41.44515245,-0.00219733,-0.01770074
41.45315245,-0.00054933,-0.02020325
41.46115245,0.00109867,-0.00744652
41.46915245,-0.00128178,-0.01013215
41.47715245,0.00628681,-0.01831111
41.48515245,0.00061037,-0.01892148
41.49315245,0.00390637,-0.01037629
41.50115245,-0.00280770,-0.01416059
41.50915245,0.00567644,-0.01513718
41.51715245,0.00146489,-0.01757866
41.52515245,0.00036622,-0.01501511
41.53315245,-0.00042726,-0.01617481
41.54115245,0.00073244,-0.01428266
41.54915245,-0.00030519,-0.01513718
41.55715245,0.00390637,-0.01782281
41.56515245,-0.00152593,-0.01983703
41.57315245,-0.00079348,-0.01629688
41.58115245,-0.00079348,-0.01489303
41.58915245,0.00073244,-0.01666311
41.59715245,-0.00152593,-0.01629688
41.60515245,0.00146489,-0.01904355
41.61315245,-0.00140385,-0.01525925
41.62115245,0.00061037,-0.01477096
41.62915245,-0.00067141,-0.01654103
41.63715245,-0.00195318,-0.01452681
41.64515245,0.00311289,-0.02044740
41.65315245,0.00946074,-0.01947081
41.66115245,-0.00103763,-0.02081362
41.66915245,0.00451674,-0.01770074
41.67715245,0.00360118,-0.01831111
41.68515245,0.00000000,-0.02020325
41.69315245,-0.00317392,-0.01904355
41.70115245,0.00299081,-0.01355022
41.70915245,0.00122074,-0.01892148
41.71715244,-0.00244148,-0.02233955
41.72515244,-0.00128178,-0.01770074
41.73315244,-0.00079348,-0.01617481
41.74115244,0.00274667,-0.01617481
41.74915244,0.00756859,-0.02008118
41.75715244,0.00170904,-0.02124088
41.76515244,0.00024415,-0.01715140
41.77315244,0.00250252,-0.01892148
41.78115244,-0.00054933,-0.02124088
41.78915244,-0.00366222,-0.01867733
41.79715244,0.00476089,-0.02246162
41.80515244,-0.00329600,-0.01922666
41.81315244,0.00476089,-0.01867733
41.82115244,-0.00030519,-0.01489303
41.82915244,0.00000000,-0.01745659
41.83715244,-0.00445570,-0.01733451
41.84515244,-0.00140385,-0.02258370
41.85315244,0.00225837,-0.01843318
41.86115244,0.00189215,-0.01324503
41.86915244,0.00714133,-0.01568651
41.87715244,-0.00457778,-0.01806696
41.88515244,0.00085452,-0.02349925
41.89315244,0.00500504,-0.01654103
41.90115244,0.00012207,-0.02069155
41.90915244,-0.00128178,-0.01654103
41.91715244,-0.00018311,-0.01904355
41.92515244,0.00189215,-0.02209540
41.93315244,0.00000000,-0.01971496
41.94115244,-0.00152593,-0.01757866
41.94915244,0.00073244,-0.01922666
41.95715244,-0.00128178,-0.01782281
41.96515244,0.00347911,-0.01892148
41.97315244,-0.00067141,-0.01806696
41.98115244,0.00238044,-0.01818903
41.98915244,0.00335704,-0.01959288
41.99715244,0.00048830,-0.02081362
42.00515244,0.00036622,-0.01843318
42.01315244,0.00189215,-0.02349925
42.02115244,0.00640889,-0.02081362
42.02915244,0.00170904,-0.02124088
42.03715244,-0.00054933,-0.01251259
42.04515244,-0.00207526,-0.02124088
42.05315244,0.00146489,-0.01831111
42.06115244,0.00238044,-0.01757866
42.06915244,0.00134281,-0.02032533
42.07715243,-0.00646992,-0.01782281
42.08515243,0.00262459,-0.02020325
42.09315243,0.00170904,-0.01843318
42.10115243,-0.00042726,-0.01733451
42.10915243,0.00323496,-0.01745659
42.11715243,0.00378430,-0.01593066
42.12515243,0.00390637,-0.01892148
42.13315243,-0.00067141,-0.01745659
42.14115243,-0.00268563,-0.01568651
42.14915243,0.00451674,-0.02136296
42.15715243,0.00311289,-0.01947081
42.16515243,0.00012207,-0.01202429
42.17315243,0.00189215,-0.01190222
42.18115243,-0.00256355,-0.01525925
42.18915243,0.00134281,-0.01452681
42.19715243,0.00097659,-0.01501511
42.20515243,0.00512711,-0.01770074
42.21315243,0.00061037,-0.01757866
42.22115243,-0.00268563,-0.01806696
42.22915243,-0.00079348,-0.01690725
42.23715243,0.00225837,-0.01855525
42.24515243,0.00036622,-0.01666311
42.25315243,0.00262459,-0.01287881
42.26115243,0.00628681,-0.01178014
42.26915243,0.00012207,-0.01440474
42.27715243,0.00512711,-0.01275674
42.28515243,-0.00018311,-0.02539140
42.29315243,-0.00079348,-0.01593066
42.30115243,-0.00164800,-0.00897244
42.30915243,0.00238044,-0.01367229
42.31715243,0.00085452,-0.01342814
42.32515243,0.00286874,-0.01690725
42.33315243,-0.00042726,-0.01580859
42.34115243,0.00012207,-0.00885037
42.34915243,-0.00042726,-0.01934873
42.35715243,0.00335704,-0.01501511
42.36515243,0.00262459,-0.01239051
42.37315243,0.00311289,-0.00946074
42.38115243,0.00213630,-0.02081362
42.38915243,0.00311289,-0.01239051
42.39715243,0.00012207,-0.01904355
42.40515243,0.00274667,-0.01190222
42.41315243,0.00439467,-0.01062044
42.42115243,-0.00354015,-0.00836207
42.42915242,0.00109867,-0.00988800
42.43715242,-0.00384533,-0.01086459
42.44515242,0.00427259,-0.01464888
42.45315242,-0.00384533,-0.00720237
42.46115242,-0.00164800,-0.01110874
42.46915242,0.00122074,-0.00836207
42.47715242,-0.00067141,-0.01391644
42.48515242,0.00299081,-0.01013215
42.49315242,0.00250252,-0.00976592
42.50115242,0.00378430,-0.01489303
42.50915242,-0.00195318,-0.01135289
42.51715242,0.00415052,-0.00872829
42.52515242,0.00158696,-0.01263466
42.53315242,0.00262459,-0.01379437
42.54115242,0.00048830,-0.01379437
42.54915242,-0.00231941,-0.00683615
42.55715242,0.00335704,-0.01239051
42.56515242,0.00201422,-0.00885037
42.57315242,0.00213630,-0.01214637
42.58115242,-0.00054933,-0.01165807
42.58915242,0.00262459,-0.01074252
42.59715242,0.00024415,-0.01239051
42.60515242,-0.00280770,-0.01324503
42.61315242,0.00061037,-0.01013215
42.62115242,0.00567644,-0.01123081
42.62915242,0.00073244,-0.01605274
42.63715242,0.00024415,-0.00848415
42.64515242,-0.00018311,-0.01379437
42.65315242,-0.00030519,-0.00933866
42.66115242,-0.00164800,-0.00732444
42.66915242,0.00347911,-0.01178014
42.67715242,-0.00177007,-0.00824000
42.68515242,0.00299081,-0.00988800
42.69315242,0.00146489,-0.01001007
42.70115242,-0.00164800,-0.00469985
42.70915242,-0.00067141,-0.00567644
42.71715242,0.00347911,-0.00396741
42.72515242,0.00189215,-0.01135289
42.73315242,0.00360118,-0.00683615
42.74115242,0.00311289,-0.00964385
42.74915242,0.00274667,-0.00634785
42.75715242,-0.00042726,-0.00933866
42.76515242,-0.00231941,-0.00732444
42.77315242,-0.00054933,-0.00946074
42.78115241,-0.00079348,-0.00824000
42.78915241,0.00024415,-0.00744652
42.79715241,-0.00091556,-0.00708029
42.80515241,0.00000000,-0.00646992
42.81315241,-0.00292978,-0.00018311
42.82115241,0.00262459,-0.01086459
42.82915241,0.00189215,-0.00634785
42.83715241,0.00390637,-0.00836207
42.84515241,0.00225837,-0.01190222
42.85315241,0.00061037,-0.00366222
42.86115241,0.00250252,-0.00531022
42.86915241,0.00201422,-0.00585955
42.87715241,0.00653096,-0.00976592
42.88515241,0.00189215,-0.00860622
42.89315241,0.00274667,-0.00976592
42.90115241,0.00427259,-0.00555437
42.90915241,-0.00256355,0.00274667
42.91715241,0.00170904,-0.00494400
42.92515241,0.00170904,-0.00445570
42.93315241,0.00085452,-0.01037629
42.94115241,0.00048830,-0.00897244
42.94915241,-0.00219733,-0.00744652
42.95715241,0.00085452,-0.00659200
42.96515241,0.00097659,-0.00824000
42.97315241,0.00158696,-0.00457778
42.98115241,0.00335704,-0.00140385
42.98915241,0.00024415,-0.00567644
42.99715241,0.00665304,-0.00378430
43.00515241,0.00158696,-0.00152593
43.01315241,0.00170904,-0.00164800
43.02115241,0.00012207,-0.00231941
43.02915241,-0.00280770,-0.00408948
43.03715241,-0.00329600,-0.00683615
43.04515241,-0.00268563,-0.00860622
43.05315241,0.00048830,-0.00598163
43.06115241,0.00335704,-0.00207526
43.06915241,0.00262459,-0.00695822
43.07715241,0.00286874,-0.01037629
43.08515241,0.00262459,-0.00683615
43.09315241,0.00415052,-0.00671407
43.10115241,0.00476089,-0.00482192
43.10915241,-0.00256355,-0.01214637
43.11715241,0.00238044,-0.00848415
43.12515241,0.00000000,-0.00885037
43.13315240,-0.00103763,-0.00207526
43.14115240,-0.00195318,-0.00292978
43.14915240,0.00213630,-0.01062044
43.15715240,-0.00140385,-0.00610370
43.16515240,-0.00079348,-0.00354015
43.17315240,0.00726341,-0.00152593
43.18115240,0.00000000,-0.00341807
43.18915240,0.00250252,-0.00946074
43.19715240,-0.00384533,-0.00555437
43.20515240,0.00048830,-0.00799585
43.21315240,0.00323496,-0.00836207
43.22115240,-0.00067141,-0.00329600
43.22915240,-0.00030519,-0.00598163
43.23715240,0.00274667,-0.00756859
43.24515240,0.00134281,-0.01013215
43.25315240,-0.00067141,-0.00799585
43.26115240,-0.00054933,-0.00366222
43.26915240,0.00323496,-0.00396741
43.27715240,0.00085452,-0.00244148
43.28515240,0.00036622,-0.00976592
43.29315240,-0.00018311,-0.00622578
43.30115240,0.00323496,-0.00909452
43.30915240,0.00323496,-0.00207526
43.31715240,-0.00164800,-0.00543229
43.32515240,0.00201422,-0.00909452
43.33315240,0.00299081,-0.01049837
43.34115240,0.00360118,-0.00860622
43.34915240,-0.00152593,-0.00598163
43.35715240,0.00000000,-0.01074252
43.36515240,0.00213630,-0.01025422
43.37315240,0.00439467,-0.00433363
43.38115240,0.00158696,-0.00695822
43.38915240,0.00201422,-0.00585955
43.39715240,-0.00329600,-0.00756859
43.40515240,-0.00067141,-0.00976592
43.41315240,-0.00518815,-0.00555437
43.42115240,0.00476089,-0.01525925
43.42915240,0.00085452,-0.00518815
43.43715240,0.00360118,-0.00634785
43.44515240,0.00170904,-0.00872829
43.45315240,-0.00396741,-0.00671407
43.46115240,0.00061037,-0.00799585
43.46915240,0.00122074,-0.00848415
43.47715240,0.00512711,-0.00457778
43.48515239,0.00738548,-0.00872829
43.49315239,-0.00195318,-0.00219733
43.50115239,0.00109867,-0.01001007
43.50915239,0.00311289,-0.00659200
43.51715239,0.00146489,-0.00256355
43.52515239,-0.00195318,-0.01025422
43.53315239,-0.00103763,-0.01013215
43.54115239,0.00036622,-0.00732444
43.54915239,-0.00268563,-0.00207526
43.55715239,-0.00042726,-0.00408948
43.56515239,-0.00256355,-0.00885037
43.57315239,-0.00195318,-0.00921659
43.58115239,0.00134281,-0.00897244
43.58915239,0.00250252,-0.01037629
43.59715239,0.00628681,-0.00567644
43.60515239,0.00390637,-0.00585955
43.61315239,0.00048830,-0.00634785
43.62115239,-0.00164800,-0.00671407
43.62915239,-0.00280770,-0.00848415
43.63715239,-0.00115970,-0.01202429
43.64515239,-0.00054933,-0.00811792
43.65315239,0.00323496,-0.01202429
43.66115239,-0.00030519,-0.00543229
43.66915239,-0.00152593,-0.00494400
43.67715239,0.00628681,-0.01367229
43.68515239,-0.00482192,-0.00720237
43.69315239,-0.00067141,-0.00860622
43.70115239,0.00036622,-0.01013215
43.70915239,0.00323496,-0.00708029
43.71715239,0.00347911,-0.00787378
43.72515239,-0.00292978,-0.00976592
43.73315239,0.00238044,-0.01098666
43.74115239,0.00347911,-0.01001007
43.74915239,0.00592059,-0.01025422
43.75715239,0.00146489,-0.01074252
43.76515239,0.00073244,-0.00531022
43.77315239,0.00134281,-0.01001007
43.78115239,-0.00317392,-0.00824000
43.78915239,0.00024415,-0.00787378
43.79715239,0.00701926,-0.01367229
43.80515239,0.00097659,-0.01013215
43.81315239,-0.00079348,-0.00988800
43.82115239,0.00085452,-0.00744652
43.82915239,-0.00268563,-0.01226844
43.83715239,-0.00091556,-0.01062044
43.84515238,0.00512711,-0.00964385
43.85315238,-0.00671407,-0.00366222
43.86115238,-0.00305185,-0.00787378
43.86915238,0.00262459,-0.01263466
43.87715238,0.00189215,-0.01214637
43.88515238,-0.00164800,-0.00872829
43.89315238,0.00335704,-0.01165807
43.90115238,-0.00305185,-0.00909452
43.90915238,0.00415052,-0.01239051
43.91715238,0.00500504,-0.01513718
43.92515238,0.00189215,-0.01153600
43.93315238,0.00146489,-0.00988800
43.94115238,-0.00042726,-0.00824000
43.94915238,0.00476089,-0.00598163
43.95715238,0.00012207,-0.00555437
43.96515238,-0.00152593,-0.01135289
43.97315238,-0.00152593,-0.00836207
43.98115238,-0.00054933,-0.00708029
43.98915238,0.00402844,-0.01037629
43.99715238,0.00402844,-0.01501511
44.00515238,0.00274667,-0.00506607
44.01315238,0.00250252,-0.00824000
44.02115238,0.00323496,-0.01428266
44.02915238,0.00451674,-0.01464888
44.03715238,0.00616474,-0.01702933
44.04515238,0.00012207,-0.01355022
44.05315238,0.00036622,-0.01355022
44.06115238,0.00274667,-0.01037629
44.06915238,0.00097659,-0.01391644
44.07715238,-0.00042726,-0.01342814
44.08515238,0.00085452,-0.01214637
44.09315238,-0.00292978,-0.01251259
44.10115238,-0.00195318,-0.01135289
44.10915238,-0.00305185,-0.01013215
44.11715238,0.00097659,-0.01190222
44.12515238,0.00061037,-0.01416059
44.13315238,-0.00115970,-0.01605274
44.14115238,-0.00030519,-0.01214637
44.14915238,0.00488296,-0.01477096
44.15715238,0.00451674,-0.01226844
44.16515238,-0.00054933,-0.00909452
44.17315238,0.00238044,-0.00799585
44.18115238,0.00000000,-0.01489303
44.18915238,-0.00305185,-0.00732444
44.19715237,0.00109867,-0.01367229
44.20515237,-0.00177007,-0.01782281
44.21315237,0.00000000,-0.01367229
44.22115237,0.00085452,-0.01025422
44.22915237,0.00085452,-0.00848415
44.23715237,0.00665304,-0.01251259
44.24515237,0.00311289,-0.00946074
44.25315237,0.00415052,-0.01367229
44.26115237,0.00012207,-0.01300089
44.26915237,-0.00079348,-0.01757866
44.27715237,0.00616474,-0.00732444
44.28515237,0.00488296,-0.00909452
44.29315237,-0.00152593,-0.01086459
44.30115237,0.00097659,-0.01782281
44.30915237,-0.00219733,-0.01489303
44.31715237,-0.00079348,-0.01593066
44.32515237,-0.00128178,-0.01892148
44.33315237,-0.00317392,-0.01239051
44.34115237,0.00225837,-0.01001007
44.34915237,0.00048830,-0.00646992
44.35715237,0.00134281,-0.01702933
44.36515237,-0.00140385,-0.01452681
44.37315237,0.00653096,-0.01153600
44.38115237,0.00048830,-0.01745659
44.38915237,-0.00054933,-0.01391644
44.39715237,-0.00030519,-0.00799585
44.40515237,-0.00091556,-0.01190222
44.41315237,0.00097659,-0.01666311
44.42115237,0.00036622,-0.01513718
44.42915237,-0.00244148,-0.01428266
44.43715237,0.00134281,-0.01123081
44.44515237,0.00146489,-0.01580859
44.45315237,-0.00256355,-0.01416059
44.46115237,0.00000000,-0.01770074
44.46915237,0.00189215,-0.01464888
44.47715237,0.00012207,-0.01641896
44.48515237,0.00097659,-0.00964385
44.49315237,-0.00421155,-0.01263466
44.50115237,-0.00177007,-0.01312296
44.50915237,0.00402844,-0.01654103
44.51715237,-0.00079348,-0.01629688
44.52515237,-0.00042726,-0.00860622
44.53315237,0.00048830,-0.01379437
44.54115237,0.00134281,-0.01416059
44.54915236,-0.00079348,-0.01153600
44.55715236,-0.00256355,-0.01324503
44.56515236,0.00048830,-0.01135289
44.57315236,0.00201422,-0.00897244
44.58115236,0.00158696,-0.01580859
44.58915236,-0.00164800,-0.01251259
44.59715236,-0.00152593,-0.01123081
44.60515236,0.00146489,-0.01086459
44.61315236,0.00439467,-0.01452681
44.62115236,-0.00018311,-0.01037629
44.62915236,0.00378430,-0.01086459
44.63715236,-0.00152593,-0.01135289
44.64515236,0.00360118,-0.00976592
44.65315236,0.00238044,-0.01123081
44.66115236,0.00360118,-0.00720237
44.66915236,0.00689718,-0.00732444
44.67715236,0.00323496,-0.01556444
44.68515236,0.00604266,-0.00964385
44.69315236,-0.00067141,-0.01312296
44.70115236,0.00201422,-0.01013215
44.70915236,0.00250252,-0.01477096
44.71715236,-0.00042726,-0.01477096
44.72515236,-0.00354015,-0.00720237
44.73315236,0.00286874,-0.01074252
44.74115236,0.00000000,-0.01135289
44.74915236,0.00048830,-0.01464888
44.75715236,0.00134281,-0.00848415
44.76515236,-0.00091556,-0.00860622
44.77315236,0.00360118,-0.01367229
44.78115236,0.00274667,-0.00976592
44.78915236,-0.00396741,-0.01062044
44.79715236,0.00061037,-0.01049837
44.80515236,-0.00469985,-0.01391644
44.81315236,0.00347911,-0.01275674
44.82115236,0.00311289,-0.01324503
44.82915236,-0.00329600,-0.00885037
44.83715236,-0.00079348,-0.01062044
44.84515236,-0.00042726,-0.01379437
44.85315236,-0.00103763,-0.01501511
44.86115236,0.00524918,-0.01226844
44.86915236,-0.00457778,-0.01110874
44.87715236,0.00262459,-0.01324503
44.88515236,-0.00421155,-0.01098666
44.89315236,0.00274667,-0.01086459
44.90115235,0.00653096,-0.00585955
44.90915235,-0.00067141,-0.01110874
44.91715235,-0.00018311,-0.00933866
44.92515235,0.00012207,-0.01110874
44.93315235,-0.00256355,-0.00909452
44.94115235,0.00085452,-0.01342814
44.94915235,0.00390637,-0.00659200
44.95715235,0.00097659,-0.00897244
44.96515235,-0.00445570,-0.01098666
44.97315235,0.00274667,-0.01062044
44.98115235,-0.00067141,-0.00964385
44.98915235,-0.00152593,-0.00811792
44.99715235,-0.00305185,-0.01544237
45.00515235,0.00012207,-0.01416059
45.01315235,0.00250252,-0.01239051
